{
    "total_flops": 55684404,
    "total_params": 562165,
    "relative_flops": {
        "conv1.0": 0.03153773541331249,
        "conv1.1": 0.11150842163992633,
        "conv1.2": 0.15858975522122856,
        "layer1.0.conv1.0": 0.036324713109976,
        "layer1.0.conv1.1": 0.005350151543329799,
        "layer1.0.conv1.2": 0.03964743880530714,
        "layer1.0.conv2.0": 0.036324713109976,
        "layer1.0.conv2.1": 0.005350151543329799,
        "layer1.0.conv2.2": 0.03964743880530714,
        "layer1.1.conv1.0": 0.036324713109976,
        "layer1.1.conv1.1": 0.005350151543329799,
        "layer1.1.conv1.2": 0.03964743880530714,
        "layer1.1.conv2.0": 0.036324713109976,
        "layer1.1.conv2.1": 0.005350151543329799,
        "layer1.1.conv2.2": 0.03964743880530714,
        "layer2.0.conv1.0": 0.036324713109976,
        "layer2.0.conv1.1": 0.0013375378858324497,
        "layer2.0.conv1.2": 0.01982371940265357,
        "layer2.0.conv2.0": 0.018091959824154714,
        "layer2.0.conv2.1": 0.0013375378858324497,
        "layer2.0.conv2.2": 0.01982371940265357,
        "layer2.0.downsample.0.0": 0.009081178277494,
        "layer2.0.downsample.0.1": 0.01982371940265357,
        "layer2.1.conv1.0": 0.018091959824154714,
        "layer2.1.conv1.1": 0.0013375378858324497,
        "layer2.1.conv1.2": 0.01982371940265357,
        "layer2.1.conv2.0": 0.018091959824154714,
        "layer2.1.conv2.1": 0.0013375378858324497,
        "layer2.1.conv2.2": 0.01982371940265357,
        "layer3.0.conv1.0": 0.018091959824154714,
        "layer3.0.conv1.1": 0.0003343844714581124,
        "layer3.0.conv1.2": 0.009911859701326785,
        "layer3.0.conv2.0": 0.009028380729369035,
        "layer3.0.conv2.1": 0.0003343844714581124,
        "layer3.0.conv2.2": 0.009911859701326785,
        "layer3.0.downsample.0.0": 0.004522989956038679,
        "layer3.0.downsample.0.1": 0.009911859701326785,
        "layer3.1.conv1.0": 0.009028380729369035,
        "layer3.1.conv1.1": 0.0003343844714581124,
        "layer3.1.conv1.2": 0.009911859701326785,
        "layer3.1.conv2.0": 0.009028380729369035,
        "layer3.1.conv2.1": 0.0003343844714581124,
        "layer3.1.conv2.2": 0.009911859701326785,
        "layer4.0.conv1.0": 0.009028380729369035,
        "layer4.0.conv1.1": 8.35961178645281e-05,
        "layer4.0.conv1.2": 0.004955929850663393,
        "layer4.0.conv2.0": 0.004509790569007437,
        "layer4.0.conv2.1": 8.35961178645281e-05,
        "layer4.0.conv2.2": 0.004955929850663393,
        "layer4.0.downsample.0.0": 0.0022570951823422587,
        "layer4.0.downsample.0.1": 0.004955929850663393,
        "layer4.1.conv1.0": 0.004509790569007437,
        "layer4.1.conv1.1": 8.35961178645281e-05,
        "layer4.1.conv1.2": 0.004955929850663393,
        "layer4.1.conv2.0": 0.004509790569007437,
        "layer4.1.conv2.1": 8.35961178645281e-05,
        "layer4.1.conv2.2": 0.004955929850663393,
        "fc": 0.01839854477027356
    },
    "relative_params": {
        "conv1.0": 3.5576743482785306e-05,
        "conv1.1": 0.0004447092935348163,
        "conv1.2": 0.0006830734748694778,
        "layer1.0.conv1.0": 0.0005781220815952612,
        "layer1.0.conv1.1": 8.894185870696326e-05,
        "layer1.0.conv1.2": 0.0006830734748694778,
        "layer1.0.conv2.0": 0.0005781220815952612,
        "layer1.0.conv2.1": 8.894185870696326e-05,
        "layer1.0.conv2.2": 0.0006830734748694778,
        "layer1.1.conv1.0": 0.0005781220815952612,
        "layer1.1.conv1.1": 8.894185870696326e-05,
        "layer1.1.conv1.2": 0.0006830734748694778,
        "layer1.1.conv2.0": 0.0005781220815952612,
        "layer1.1.conv2.1": 8.894185870696326e-05,
        "layer1.1.conv2.2": 0.0006830734748694778,
        "layer2.0.conv1.0": 0.0005781220815952612,
        "layer2.0.conv1.1": 8.894185870696326e-05,
        "layer2.0.conv1.2": 0.0013661469497389556,
        "layer2.0.conv2.0": 0.001147349977319826,
        "layer2.0.conv2.1": 8.894185870696326e-05,
        "layer2.0.conv2.2": 0.0013661469497389556,
        "layer2.0.downsample.0.0": 0.0005781220815952612,
        "layer2.0.downsample.0.1": 0.0013661469497389556,
        "layer2.1.conv1.0": 0.001147349977319826,
        "layer2.1.conv1.1": 8.894185870696326e-05,
        "layer2.1.conv1.2": 0.0013661469497389556,
        "layer2.1.conv2.0": 0.001147349977319826,
        "layer2.1.conv2.1": 8.894185870696326e-05,
        "layer2.1.conv2.2": 0.0013661469497389556,
        "layer3.0.conv1.0": 0.001147349977319826,
        "layer3.0.conv1.1": 8.894185870696326e-05,
        "layer3.0.conv1.2": 0.002732293899477911,
        "layer3.0.conv2.0": 0.0022858057687689557,
        "layer3.0.conv2.1": 8.894185870696326e-05,
        "layer3.0.conv2.2": 0.002732293899477911,
        "layer3.0.downsample.0.0": 0.001147349977319826,
        "layer3.0.downsample.0.1": 0.002732293899477911,
        "layer3.1.conv1.0": 0.0022858057687689557,
        "layer3.1.conv1.1": 8.894185870696326e-05,
        "layer3.1.conv1.2": 0.002732293899477911,
        "layer3.1.conv2.0": 0.0022858057687689557,
        "layer3.1.conv2.1": 8.894185870696326e-05,
        "layer3.1.conv2.2": 0.002732293899477911,
        "layer4.0.conv1.0": 0.0022858057687689557,
        "layer4.0.conv1.1": 8.894185870696326e-05,
        "layer4.0.conv1.2": 0.005464587798955822,
        "layer4.0.conv2.0": 0.004562717351667215,
        "layer4.0.conv2.1": 8.894185870696326e-05,
        "layer4.0.conv2.2": 0.005464587798955822,
        "layer4.0.downsample.0.0": 0.0022858057687689557,
        "layer4.0.downsample.0.1": 0.005464587798955822,
        "layer4.1.conv1.0": 0.004562717351667215,
        "layer4.1.conv1.1": 8.894185870696326e-05,
        "layer4.1.conv1.2": 0.005464587798955822,
        "layer4.1.conv2.0": 0.004562717351667215,
        "layer4.1.conv2.1": 8.894185870696326e-05,
        "layer4.1.conv2.2": 0.005464587798955822,
        "fc": 0.9125434703334431
    }
}