{
    "total_flops": 410482428,
    "total_params": 863847,
    "relative_flops": {
        "conv1.0": 0.03337060752330183,
        "conv1.1": 0.11798893374310289,
        "conv1.2": 0.1545071351994634,
        "layer1.0.conv1.0": 0.03843578902237443,
        "layer1.0.conv1.1": 0.005661085204845846,
        "layer1.0.conv1.2": 0.03862678379986585,
        "layer1.0.conv2.0": 0.03843578902237443,
        "layer1.0.conv2.1": 0.005661085204845846,
        "layer1.0.conv2.2": 0.03862678379986585,
        "layer1.1.conv1.0": 0.03843578902237443,
        "layer1.1.conv1.1": 0.005661085204845846,
        "layer1.1.conv1.2": 0.03862678379986585,
        "layer1.1.conv2.0": 0.03843578902237443,
        "layer1.1.conv2.1": 0.005661085204845846,
        "layer1.1.conv2.2": 0.03862678379986585,
        "layer2.0.conv1.0": 0.03843578902237443,
        "layer2.0.conv1.1": 0.0014152713012114614,
        "layer2.0.conv1.2": 0.019313391899932926,
        "layer2.0.conv2.0": 0.019143406547965557,
        "layer2.0.conv2.1": 0.0014152713012114614,
        "layer2.0.conv2.2": 0.019313391899932926,
        "layer2.0.downsample.0.0": 0.009608947255593607,
        "layer2.0.downsample.0.1": 0.019313391899932926,
        "layer2.1.conv1.0": 0.019143406547965557,
        "layer2.1.conv1.1": 0.0014152713012114614,
        "layer2.1.conv1.2": 0.019313391899932926,
        "layer2.1.conv2.0": 0.019143406547965557,
        "layer2.1.conv2.1": 0.0014152713012114614,
        "layer2.1.conv2.2": 0.019313391899932926,
        "layer3.0.conv1.0": 0.019143406547965557,
        "layer3.0.conv1.1": 0.00035381782530286536,
        "layer3.0.conv1.2": 0.009656695949966463,
        "layer3.0.conv2.0": 0.009553081283177365,
        "layer3.0.conv2.1": 0.00035381782530286536,
        "layer3.0.conv2.2": 0.009656695949966463,
        "layer3.0.downsample.0.0": 0.004785851636991389,
        "layer3.0.downsample.0.1": 0.009656695949966463,
        "layer3.1.conv1.0": 0.009553081283177365,
        "layer3.1.conv1.1": 0.00035381782530286536,
        "layer3.1.conv1.2": 0.009656695949966463,
        "layer3.1.conv2.0": 0.009553081283177365,
        "layer3.1.conv2.1": 0.00035381782530286536,
        "layer3.1.conv2.2": 0.009656695949966463,
        "layer4.0.conv1.0": 0.009553081283177365,
        "layer4.0.conv1.1": 8.845445632571634e-05,
        "layer4.0.conv1.2": 0.0048283479749832315,
        "layer4.0.conv2.0": 0.004771885143887328,
        "layer4.0.conv2.1": 8.845445632571634e-05,
        "layer4.0.conv2.2": 0.0048283479749832315,
        "layer4.0.downsample.0.0": 0.0023882703207943412,
        "layer4.0.downsample.0.1": 0.0048283479749832315,
        "layer4.1.conv1.0": 0.004771885143887328,
        "layer4.1.conv1.1": 8.845445632571634e-05,
        "layer4.1.conv1.2": 0.0048283479749832315,
        "layer4.1.conv2.0": 0.004771885143887328,
        "layer4.1.conv2.1": 8.845445632571634e-05,
        "layer4.1.conv2.2": 0.0048283479749832315,
        "fc": 0.002495872978026723
    },
    "relative_params": {
        "conv1.0": 0.00018058753459814064,
        "conv1.1": 0.002257344182476758,
        "conv1.2": 0.0029634877472515388,
        "layer1.0.conv1.0": 0.0029345474372197856,
        "layer1.0.conv1.1": 0.0004514688364953516,
        "layer1.0.conv1.2": 0.0029634877472515388,
        "layer1.0.conv2.0": 0.0029345474372197856,
        "layer1.0.conv2.1": 0.0004514688364953516,
        "layer1.0.conv2.2": 0.0029634877472515388,
        "layer1.1.conv1.0": 0.0029345474372197856,
        "layer1.1.conv1.1": 0.0004514688364953516,
        "layer1.1.conv1.2": 0.0029634877472515388,
        "layer1.1.conv2.0": 0.0029345474372197856,
        "layer1.1.conv2.1": 0.0004514688364953516,
        "layer1.1.conv2.2": 0.0029634877472515388,
        "layer2.0.conv1.0": 0.0029345474372197856,
        "layer2.0.conv1.1": 0.0004514688364953516,
        "layer2.0.conv1.2": 0.0059269754945030775,
        "layer2.0.conv2.0": 0.005823947990790035,
        "layer2.0.conv2.1": 0.0004514688364953516,
        "layer2.0.conv2.2": 0.0059269754945030775,
        "layer2.0.downsample.0.0": 0.0029345474372197856,
        "layer2.0.downsample.0.1": 0.0059269754945030775,
        "layer2.1.conv1.0": 0.005823947990790035,
        "layer2.1.conv1.1": 0.0004514688364953516,
        "layer2.1.conv1.2": 0.0059269754945030775,
        "layer2.1.conv2.0": 0.005823947990790035,
        "layer2.1.conv2.1": 0.0004514688364953516,
        "layer2.1.conv2.2": 0.0059269754945030775,
        "layer3.0.conv1.0": 0.005823947990790035,
        "layer3.0.conv1.1": 0.0004514688364953516,
        "layer3.0.conv1.2": 0.011853950989006155,
        "layer3.0.conv2.0": 0.011602749097930536,
        "layer3.0.conv2.1": 0.0004514688364953516,
        "layer3.0.conv2.2": 0.011853950989006155,
        "layer3.0.downsample.0.0": 0.005823947990790035,
        "layer3.0.downsample.0.1": 0.011853950989006155,
        "layer3.1.conv1.0": 0.011602749097930536,
        "layer3.1.conv1.1": 0.0004514688364953516,
        "layer3.1.conv1.2": 0.011853950989006155,
        "layer3.1.conv2.0": 0.011602749097930536,
        "layer3.1.conv2.1": 0.0004514688364953516,
        "layer3.1.conv2.2": 0.011853950989006155,
        "layer4.0.conv1.0": 0.011602749097930536,
        "layer4.0.conv1.1": 0.0004514688364953516,
        "layer4.0.conv1.2": 0.02370790197801231,
        "layer4.0.conv2.0": 0.023160351312211537,
        "layer4.0.conv2.1": 0.0004514688364953516,
        "layer4.0.conv2.2": 0.02370790197801231,
        "layer4.0.downsample.0.0": 0.011602749097930536,
        "layer4.0.downsample.0.1": 0.02370790197801231,
        "layer4.1.conv1.0": 0.023160351312211537,
        "layer4.1.conv1.1": 0.0004514688364953516,
        "layer4.1.conv1.2": 0.02370790197801231,
        "layer4.1.conv2.0": 0.023160351312211537,
        "layer4.1.conv2.1": 0.0004514688364953516,
        "layer4.1.conv2.2": 0.02370790197801231,
        "fc": 0.5938551618515778
    }
}