{
    "total_flops": 201777708,
    "total_params": 686387,
    "relative_flops": {
        "conv1.0": 0.03307306870588499,
        "conv1.1": 0.11693692149580766,
        "conv1.2": 0.15516988625918973,
        "layer1.0.conv1.0": 0.03809308806302825,
        "layer1.0.conv1.1": 0.005610609869748347,
        "layer1.0.conv1.2": 0.03879247156479743,
        "layer1.0.conv2.0": 0.03809308806302825,
        "layer1.0.conv2.1": 0.005610609869748347,
        "layer1.0.conv2.2": 0.03879247156479743,
        "layer1.1.conv1.0": 0.03809308806302825,
        "layer1.1.conv1.1": 0.005610609869748347,
        "layer1.1.conv1.2": 0.03879247156479743,
        "layer1.1.conv2.0": 0.03809308806302825,
        "layer1.1.conv2.1": 0.005610609869748347,
        "layer1.1.conv2.2": 0.03879247156479743,
        "layer2.0.conv1.0": 0.03809308806302825,
        "layer2.0.conv1.1": 0.0014026524674370868,
        "layer2.0.conv1.2": 0.019396235782398717,
        "layer2.0.conv2.0": 0.01897272021743849,
        "layer2.0.conv2.1": 0.0014026524674370868,
        "layer2.0.conv2.2": 0.019396235782398717,
        "layer2.0.downsample.0.0": 0.009523272015757063,
        "layer2.0.downsample.0.1": 0.019396235782398717,
        "layer2.1.conv1.0": 0.01897272021743849,
        "layer2.1.conv1.1": 0.0014026524674370868,
        "layer2.1.conv1.2": 0.019396235782398717,
        "layer2.1.conv2.0": 0.01897272021743849,
        "layer2.1.conv2.1": 0.0014026524674370868,
        "layer2.1.conv2.2": 0.019396235782398717,
        "layer3.0.conv1.0": 0.01897272021743849,
        "layer3.0.conv1.1": 0.0003506631168592717,
        "layer3.0.conv1.2": 0.009698117891199358,
        "layer3.0.conv2.0": 0.009467904155200336,
        "layer3.0.conv2.1": 0.0003506631168592717,
        "layer3.0.conv2.2": 0.009698117891199358,
        "layer3.0.downsample.0.0": 0.004743180054359622,
        "layer3.0.downsample.0.1": 0.009698117891199358,
        "layer3.1.conv1.0": 0.009467904155200336,
        "layer3.1.conv1.1": 0.0003506631168592717,
        "layer3.1.conv1.2": 0.009698117891199358,
        "layer3.1.conv2.0": 0.009467904155200336,
        "layer3.1.conv2.1": 0.0003506631168592717,
        "layer3.1.conv2.2": 0.009698117891199358,
        "layer4.0.conv1.0": 0.009467904155200336,
        "layer4.0.conv1.1": 8.766577921481792e-05,
        "layer4.0.conv1.2": 0.004849058945599679,
        "layer4.0.conv2.0": 0.0047293380892204405,
        "layer4.0.conv2.1": 8.766577921481792e-05,
        "layer4.0.conv2.2": 0.004849058945599679,
        "layer4.0.downsample.0.0": 0.002366976038800084,
        "layer4.0.downsample.0.1": 0.004849058945599679,
        "layer4.1.conv1.0": 0.0047293380892204405,
        "layer4.1.conv1.1": 8.766577921481792e-05,
        "layer4.1.conv1.2": 0.004849058945599679,
        "layer4.1.conv2.0": 0.0047293380892204405,
        "layer4.1.conv2.1": 8.766577921481792e-05,
        "layer4.1.conv2.2": 0.004849058945599679,
        "fc": 0.005077429068626352
    },
    "relative_params": {
        "conv1.0": 0.00011072470778147023,
        "conv1.1": 0.0013840588472683777,
        "conv1.2": 0.0018648371836879195,
        "layer1.0.conv1.0": 0.0017992765014488911,
        "layer1.0.conv1.1": 0.00027681176945367554,
        "layer1.0.conv1.2": 0.0018648371836879195,
        "layer1.0.conv2.0": 0.0017992765014488911,
        "layer1.0.conv2.1": 0.00027681176945367554,
        "layer1.0.conv2.2": 0.0018648371836879195,
        "layer1.1.conv1.0": 0.0017992765014488911,
        "layer1.1.conv1.1": 0.00027681176945367554,
        "layer1.1.conv1.2": 0.0018648371836879195,
        "layer1.1.conv2.0": 0.0017992765014488911,
        "layer1.1.conv2.1": 0.00027681176945367554,
        "layer1.1.conv2.2": 0.0018648371836879195,
        "layer2.0.conv1.0": 0.0017992765014488911,
        "layer2.0.conv1.1": 0.00027681176945367554,
        "layer2.0.conv1.2": 0.003729674367375839,
        "layer2.0.conv2.0": 0.0035708718259524147,
        "layer2.0.conv2.1": 0.00027681176945367554,
        "layer2.0.conv2.2": 0.003729674367375839,
        "layer2.0.downsample.0.0": 0.0017992765014488911,
        "layer2.0.downsample.0.1": 0.003729674367375839,
        "layer2.1.conv1.0": 0.0035708718259524147,
        "layer2.1.conv1.1": 0.00027681176945367554,
        "layer2.1.conv1.2": 0.003729674367375839,
        "layer2.1.conv2.0": 0.0035708718259524147,
        "layer2.1.conv2.1": 0.00027681176945367554,
        "layer2.1.conv2.2": 0.003729674367375839,
        "layer3.0.conv1.0": 0.0035708718259524147,
        "layer3.0.conv1.1": 0.00027681176945367554,
        "layer3.0.conv1.2": 0.007459348734751678,
        "layer3.0.conv2.0": 0.0071140624749594615,
        "layer3.0.conv2.1": 0.00027681176945367554,
        "layer3.0.conv2.2": 0.007459348734751678,
        "layer3.0.downsample.0.0": 0.0035708718259524147,
        "layer3.0.downsample.0.1": 0.007459348734751678,
        "layer3.1.conv1.0": 0.0071140624749594615,
        "layer3.1.conv1.1": 0.00027681176945367554,
        "layer3.1.conv1.2": 0.007459348734751678,
        "layer3.1.conv2.0": 0.0071140624749594615,
        "layer3.1.conv2.1": 0.00027681176945367554,
        "layer3.1.conv2.2": 0.007459348734751678,
        "layer4.0.conv1.0": 0.0071140624749594615,
        "layer4.0.conv1.1": 0.00027681176945367554,
        "layer4.0.conv1.2": 0.014918697469503356,
        "layer4.0.conv2.0": 0.014200443772973555,
        "layer4.0.conv2.1": 0.00027681176945367554,
        "layer4.0.conv2.2": 0.014918697469503356,
        "layer4.0.downsample.0.0": 0.0071140624749594615,
        "layer4.0.downsample.0.1": 0.014918697469503356,
        "layer4.1.conv1.0": 0.014200443772973555,
        "layer4.1.conv1.1": 0.00027681176945367554,
        "layer4.1.conv1.2": 0.014918697469503356,
        "layer4.1.conv2.0": 0.014200443772973555,
        "layer4.1.conv2.1": 0.00027681176945367554,
        "layer4.1.conv2.2": 0.014918697469503356,
        "fc": 0.747391777524924
    }
}