{
    "total_flops": 337435776,
    "total_params": 801736,
    "relative_flops": {
        "conv1.0": 0.033308335391206416,
        "conv1.1": 0.11776875727605125,
        "conv1.2": 0.15464584288774408,
        "layer1.0.conv1.0": 0.038364064870228816,
        "layer1.0.conv1.1": 0.005650521182436802,
        "layer1.0.conv1.2": 0.03866146072193602,
        "layer1.0.conv2.0": 0.038364064870228816,
        "layer1.0.conv2.1": 0.005650521182436802,
        "layer1.0.conv2.2": 0.03866146072193602,
        "layer1.1.conv1.0": 0.038364064870228816,
        "layer1.1.conv1.1": 0.005650521182436802,
        "layer1.1.conv1.2": 0.03866146072193602,
        "layer1.1.conv2.0": 0.038364064870228816,
        "layer1.1.conv2.1": 0.005650521182436802,
        "layer1.1.conv2.2": 0.03866146072193602,
        "layer2.0.conv1.0": 0.038364064870228816,
        "layer2.0.conv1.1": 0.0014126302956092005,
        "layer2.0.conv1.2": 0.01933073036096801,
        "layer2.0.conv2.0": 0.01910768347218761,
        "layer2.0.conv2.1": 0.0014126302956092005,
        "layer2.0.conv2.2": 0.01933073036096801,
        "layer2.0.downsample.0.0": 0.009591016217557204,
        "layer2.0.downsample.0.1": 0.01933073036096801,
        "layer2.1.conv1.0": 0.01910768347218761,
        "layer2.1.conv1.1": 0.0014126302956092005,
        "layer2.1.conv1.2": 0.01933073036096801,
        "layer2.1.conv2.0": 0.01910768347218761,
        "layer2.1.conv2.1": 0.0014126302956092005,
        "layer2.1.conv2.2": 0.01933073036096801,
        "layer3.0.conv1.0": 0.01910768347218761,
        "layer3.0.conv1.1": 0.00035315757390230013,
        "layer3.0.conv1.2": 0.009665365180484005,
        "layer3.0.conv2.0": 0.009535254495362104,
        "layer3.0.conv2.1": 0.00035315757390230013,
        "layer3.0.conv2.2": 0.009665365180484005,
        "layer3.0.downsample.0.0": 0.004776920868046902,
        "layer3.0.downsample.0.1": 0.009665365180484005,
        "layer3.1.conv1.0": 0.009535254495362104,
        "layer3.1.conv1.1": 0.00035315757390230013,
        "layer3.1.conv1.2": 0.009665365180484005,
        "layer3.1.conv2.0": 0.009535254495362104,
        "layer3.1.conv2.1": 0.00035315757390230013,
        "layer3.1.conv2.2": 0.009665365180484005,
        "layer4.0.conv1.0": 0.009535254495362104,
        "layer4.0.conv1.1": 8.828939347557503e-05,
        "layer4.0.conv1.2": 0.0048326825902420024,
        "layer4.0.conv2.0": 0.004762980437498127,
        "layer4.0.conv2.1": 8.828939347557503e-05,
        "layer4.0.conv2.2": 0.0048326825902420024,
        "layer4.0.downsample.0.0": 0.002383813623840526,
        "layer4.0.downsample.0.1": 0.0048326825902420024,
        "layer4.1.conv1.0": 0.004762980437498127,
        "layer4.1.conv1.1": 8.828939347557503e-05,
        "layer4.1.conv1.2": 0.0048326825902420024,
        "layer4.1.conv2.0": 0.004762980437498127,
        "layer4.1.conv2.1": 8.828939347557503e-05,
        "layer4.1.conv2.2": 0.0048326825902420024,
        "fc": 0.003036168873806671
    },
    "relative_params": {
        "conv1.0": 0.00015965355179261003,
        "conv1.1": 0.0019956693974076253,
        "conv1.2": 0.0026342836045780654,
        "layer1.0.conv1.0": 0.002594370216629913,
        "layer1.0.conv1.1": 0.00039913387948152507,
        "layer1.0.conv1.2": 0.0026342836045780654,
        "layer1.0.conv2.0": 0.002594370216629913,
        "layer1.0.conv2.1": 0.00039913387948152507,
        "layer1.0.conv2.2": 0.0026342836045780654,
        "layer1.1.conv1.0": 0.002594370216629913,
        "layer1.1.conv1.1": 0.00039913387948152507,
        "layer1.1.conv1.2": 0.0026342836045780654,
        "layer1.1.conv2.0": 0.002594370216629913,
        "layer1.1.conv2.1": 0.00039913387948152507,
        "layer1.1.conv2.2": 0.0026342836045780654,
        "layer2.0.conv1.0": 0.002594370216629913,
        "layer2.0.conv1.1": 0.00039913387948152507,
        "layer2.0.conv1.2": 0.005268567209156131,
        "layer2.0.conv2.0": 0.005148827045311674,
        "layer2.0.conv2.1": 0.00039913387948152507,
        "layer2.0.conv2.2": 0.005268567209156131,
        "layer2.0.downsample.0.0": 0.002594370216629913,
        "layer2.0.downsample.0.1": 0.005268567209156131,
        "layer2.1.conv1.0": 0.005148827045311674,
        "layer2.1.conv1.1": 0.00039913387948152507,
        "layer2.1.conv1.2": 0.005268567209156131,
        "layer2.1.conv2.0": 0.005148827045311674,
        "layer2.1.conv2.1": 0.00039913387948152507,
        "layer2.1.conv2.2": 0.005268567209156131,
        "layer3.0.conv1.0": 0.005148827045311674,
        "layer3.0.conv1.1": 0.00039913387948152507,
        "layer3.0.conv1.2": 0.010537134418312262,
        "layer3.0.conv2.0": 0.010257740702675195,
        "layer3.0.conv2.1": 0.00039913387948152507,
        "layer3.0.conv2.2": 0.010537134418312262,
        "layer3.0.downsample.0.0": 0.005148827045311674,
        "layer3.0.downsample.0.1": 0.010537134418312262,
        "layer3.1.conv1.0": 0.010257740702675195,
        "layer3.1.conv1.1": 0.00039913387948152507,
        "layer3.1.conv1.2": 0.010537134418312262,
        "layer3.1.conv2.0": 0.010257740702675195,
        "layer3.1.conv2.1": 0.00039913387948152507,
        "layer3.1.conv2.2": 0.010537134418312262,
        "layer4.0.conv1.0": 0.010257740702675195,
        "layer4.0.conv1.1": 0.00039913387948152507,
        "layer4.0.conv1.2": 0.021074268836624523,
        "layer4.0.conv2.0": 0.020475568017402235,
        "layer4.0.conv2.1": 0.00039913387948152507,
        "layer4.0.conv2.2": 0.021074268836624523,
        "layer4.0.downsample.0.0": 0.010257740702675195,
        "layer4.0.downsample.0.1": 0.021074268836624523,
        "layer4.1.conv1.0": 0.020475568017402235,
        "layer4.1.conv1.1": 0.00039913387948152507,
        "layer4.1.conv1.2": 0.021074268836624523,
        "layer4.1.conv2.0": 0.020475568017402235,
        "layer4.1.conv2.1": 0.00039913387948152507,
        "layer4.1.conv2.2": 0.021074268836624523,
        "fc": 0.63986150054382
    }
}