{
    "total_flops": 1012342764,
    "total_params": 3146361,
    "relative_flops": {
        "conv1.0": 0.0010408490458672355,
        "conv1.1.0": 0.0010408490458672355,
        "conv1.1.1": 0.0036801448407448685,
        "conv1.1.2": 0.005551194911291923,
        "conv1.2": 0.10230059193666544,
        "layer1.0.conv1.0": 0.02557514798416636,
        "layer1.0.conv1.1.0": 0.003596505185273394,
        "layer1.0.conv1.1.1": 0.0005297178179860038,
        "layer1.0.conv1.1.2": 0.0037668822612338046,
        "layer1.0.conv1.2": 0.02557514798416636,
        "layer1.0.conv2.0": 0.02557514798416636,
        "layer1.0.conv2.1.0": 0.003596505185273394,
        "layer1.0.conv2.1.1": 0.0005297178179860038,
        "layer1.0.conv2.1.2": 0.0037668822612338046,
        "layer1.0.conv2.2": 0.02557514798416636,
        "layer1.1.conv1.0": 0.02557514798416636,
        "layer1.1.conv1.1.0": 0.003596505185273394,
        "layer1.1.conv1.1.1": 0.0005297178179860038,
        "layer1.1.conv1.1.2": 0.0037668822612338046,
        "layer1.1.conv1.2": 0.02557514798416636,
        "layer1.1.conv2.0": 0.02557514798416636,
        "layer1.1.conv2.1.0": 0.003596505185273394,
        "layer1.1.conv2.1.1": 0.0005297178179860038,
        "layer1.1.conv2.1.2": 0.0037668822612338046,
        "layer1.1.conv2.2": 0.02557514798416636,
        "layer2.0.conv1.0": 0.02557514798416636,
        "layer2.0.conv1.1.0": 0.003596505185273394,
        "layer2.0.conv1.1.1": 0.00013242945449650094,
        "layer2.0.conv1.1.2": 0.0018834411306169023,
        "layer2.0.conv1.2": 0.025476019503607575,
        "layer2.0.conv2.0": 0.025476019503607575,
        "layer2.0.conv2.1.0": 0.0017912826213474075,
        "layer2.0.conv2.1.1": 0.00013242945449650094,
        "layer2.0.conv2.1.2": 0.0018834411306169023,
        "layer2.0.conv2.2": 0.025476019503607575,
        "layer2.0.downsample.0.0": 0.0016983496708235474,
        "layer2.0.downsample.0.1": 0.0034694968195574517,
        "layer2.1.conv1.0": 0.025476019503607575,
        "layer2.1.conv1.1.0": 0.0017912826213474075,
        "layer2.1.conv1.1.1": 0.00013242945449650094,
        "layer2.1.conv1.1.2": 0.0018834411306169023,
        "layer2.1.conv1.2": 0.025476019503607575,
        "layer2.1.conv2.0": 0.025476019503607575,
        "layer2.1.conv2.1.0": 0.0017912826213474075,
        "layer2.1.conv2.1.1": 0.00013242945449650094,
        "layer2.1.conv2.1.2": 0.0018834411306169023,
        "layer2.1.conv2.2": 0.025476019503607575,
        "layer3.0.conv1.0": 0.025476019503607575,
        "layer3.0.conv1.1.0": 0.0017912826213474075,
        "layer3.0.conv1.1.1": 3.3107363624125236e-05,
        "layer3.0.conv1.1.2": 0.0009417205653084511,
        "layer3.0.conv1.2": 0.025426455263328183,
        "layer3.0.conv2.0": 0.025426455263328183,
        "layer3.0.conv2.1.0": 0.0008938988178513814,
        "layer3.0.conv2.1.1": 3.3107363624125236e-05,
        "layer3.0.conv2.1.2": 0.0009417205653084511,
        "layer3.0.conv2.2": 0.025426455263328183,
        "layer3.0.downsample.0.0": 0.0008458834600807202,
        "layer3.0.downsample.0.1": 0.0017347484097787259,
        "layer3.1.conv1.0": 0.025426455263328183,
        "layer3.1.conv1.1.0": 0.0008938988178513814,
        "layer3.1.conv1.1.1": 3.3107363624125236e-05,
        "layer3.1.conv1.1.2": 0.0009417205653084511,
        "layer3.1.conv1.2": 0.025426455263328183,
        "layer3.1.conv2.0": 0.025426455263328183,
        "layer3.1.conv2.1.0": 0.0008938988178513814,
        "layer3.1.conv2.1.1": 3.3107363624125236e-05,
        "layer3.1.conv2.1.2": 0.0009417205653084511,
        "layer3.1.conv2.2": 0.025426455263328183,
        "layer4.0.conv1.0": 0.025426455263328183,
        "layer4.0.conv1.1.0": 0.0008938988178513814,
        "layer4.0.conv1.1.1": 8.276840906031309e-06,
        "layer4.0.conv1.1.2": 0.0004708602826542256,
        "layer4.0.conv1.2": 0.025401673143188485,
        "layer4.0.conv2.0": 0.025401673143188485,
        "layer4.0.conv2.1.0": 0.0004465137857201101,
        "layer4.0.conv2.1.1": 8.276840906031309e-06,
        "layer4.0.conv2.1.2": 0.0004708602826542256,
        "layer4.0.conv2.2": 0.025401673143188485,
        "layer4.0.downsample.0.0": 0.00042211888620759675,
        "layer4.0.downsample.0.1": 0.0008673742048893629,
        "layer4.1.conv1.0": 0.025401673143188485,
        "layer4.1.conv1.1.0": 0.0004465137857201101,
        "layer4.1.conv1.1.1": 8.276840906031309e-06,
        "layer4.1.conv1.1.2": 0.0004708602826542256,
        "layer4.1.conv1.2": 0.025401673143188485,
        "layer4.1.conv2.0": 0.025401673143188485,
        "layer4.1.conv2.1.0": 0.0004465137857201101,
        "layer4.1.conv2.1.1": 8.276840906031309e-06,
        "layer4.1.conv2.1.2": 0.0004708602826542256,
        "layer4.1.conv2.2": 0.025401673143188485,
        "fc": 0.0010120208652965687
    },
    "relative_params": {
        "conv1.0": 3.813929806528876e-06,
        "conv1.1.0": 3.813929806528876e-06,
        "conv1.1.1": 4.767412258161095e-05,
        "conv1.1.2": 8.136383587261601e-05,
        "conv1.2": 0.0013221623329300102,
        "layer1.0.conv1.0": 0.0013221623329300102,
        "layer1.0.conv1.1.0": 0.0001859290780682827,
        "layer1.0.conv1.1.1": 2.860447354896657e-05,
        "layer1.0.conv1.1.2": 0.00020340958968154005,
        "layer1.0.conv1.2": 0.0013221623329300102,
        "layer1.0.conv2.0": 0.0013221623329300102,
        "layer1.0.conv2.1.0": 0.0001859290780682827,
        "layer1.0.conv2.1.1": 2.860447354896657e-05,
        "layer1.0.conv2.1.2": 0.00020340958968154005,
        "layer1.0.conv2.2": 0.0013221623329300102,
        "layer1.1.conv1.0": 0.0013221623329300102,
        "layer1.1.conv1.1.0": 0.0001859290780682827,
        "layer1.1.conv1.1.1": 2.860447354896657e-05,
        "layer1.1.conv1.1.2": 0.00020340958968154005,
        "layer1.1.conv1.2": 0.0013221623329300102,
        "layer1.1.conv2.0": 0.0013221623329300102,
        "layer1.1.conv2.1.0": 0.0001859290780682827,
        "layer1.1.conv2.1.1": 2.860447354896657e-05,
        "layer1.1.conv2.1.2": 0.00020340958968154005,
        "layer1.1.conv2.2": 0.0013221623329300102,
        "layer2.0.conv1.0": 0.0013221623329300102,
        "layer2.0.conv1.1.0": 0.0001859290780682827,
        "layer2.0.conv1.1.1": 2.860447354896657e-05,
        "layer2.0.conv1.1.2": 0.0004068191793630801,
        "layer2.0.conv1.2": 0.005247967413783733,
        "layer2.0.conv2.0": 0.005247967413783733,
        "layer2.0.conv2.1.0": 0.00036899770878166875,
        "layer2.0.conv2.1.1": 2.860447354896657e-05,
        "layer2.0.conv2.1.2": 0.0004068191793630801,
        "layer2.0.conv2.2": 0.005247967413783733,
        "layer2.0.downsample.0.0": 0.00035119936968453397,
        "layer2.0.downsample.0.1": 0.0007322745228535442,
        "layer2.1.conv1.0": 0.005247967413783733,
        "layer2.1.conv1.1.0": 0.00036899770878166875,
        "layer2.1.conv1.1.1": 2.860447354896657e-05,
        "layer2.1.conv1.1.2": 0.0004068191793630801,
        "layer2.1.conv1.2": 0.005247967413783733,
        "layer2.1.conv2.0": 0.005247967413783733,
        "layer2.1.conv2.1.0": 0.00036899770878166875,
        "layer2.1.conv2.1.1": 2.860447354896657e-05,
        "layer2.1.conv2.1.2": 0.0004068191793630801,
        "layer2.1.conv2.2": 0.005247967413783733,
        "layer3.0.conv1.0": 0.005247967413783733,
        "layer3.0.conv1.1.0": 0.00036899770878166875,
        "layer3.0.conv1.1.1": 2.860447354896657e-05,
        "layer3.0.conv1.1.2": 0.0008136383587261602,
        "layer3.0.conv1.2": 0.020910505819262317,
        "layer3.0.conv2.0": 0.020910505819262317,
        "layer3.0.conv2.1.0": 0.0007351349702084408,
        "layer3.0.conv2.1.1": 2.860447354896657e-05,
        "layer3.0.conv2.1.2": 0.0008136383587261602,
        "layer3.0.conv2.2": 0.020910505819262317,
        "layer3.0.downsample.0.0": 0.0006969956721431521,
        "layer3.0.downsample.0.1": 0.0014645490457070884,
        "layer3.1.conv1.0": 0.020910505819262317,