{
    "total_flops": 1013398518,
    "total_params": 3149055,
    "relative_flops": {
        "conv1.0": 0.0010397646940312577,
        "conv1.1.0": 0.0010397646940312577,
        "conv1.1.1": 0.0036763108824676614,
        "conv1.1.2": 0.005545411701500041,
        "conv1.2": 0.10219401564192933,
        "layer1.0.conv1.0": 0.025548503910482332,
        "layer1.0.conv1.1.0": 0.003592758362411578,
        "layer1.0.conv1.1.1": 0.0005291659603551936,
        "layer1.0.conv1.1.2": 0.0037629579403035992,
        "layer1.0.conv1.2": 0.025548503910482332,
        "layer1.0.conv2.0": 0.025548503910482332,
        "layer1.0.conv2.1.0": 0.003592758362411578,
        "layer1.0.conv2.1.1": 0.0005291659603551936,
        "layer1.0.conv2.1.2": 0.0037629579403035992,
        "layer1.0.conv2.2": 0.025548503910482332,
        "layer1.1.conv1.0": 0.025548503910482332,
        "layer1.1.conv1.1.0": 0.003592758362411578,
        "layer1.1.conv1.1.1": 0.0005291659603551936,
        "layer1.1.conv1.1.2": 0.0037629579403035992,
        "layer1.1.conv1.2": 0.025548503910482332,
        "layer1.1.conv2.0": 0.025548503910482332,
        "layer1.1.conv2.1.0": 0.003592758362411578,
        "layer1.1.conv2.1.1": 0.0005291659603551936,
        "layer1.1.conv2.1.2": 0.0037629579403035992,
        "layer1.1.conv2.2": 0.025548503910482332,
        "layer2.0.conv1.0": 0.025548503910482332,
        "layer2.0.conv1.1.0": 0.003592758362411578,
        "layer2.0.conv1.1.1": 0.0001322914900887984,
        "layer2.0.conv1.1.2": 0.0018814789701517996,
        "layer2.0.conv1.2": 0.025449478701526973,
        "layer2.0.conv2.0": 0.025449478701526973,
        "layer2.0.conv2.1.0": 0.0017894164712011153,
        "layer2.0.conv2.1.1": 0.0001322914900887984,
        "layer2.0.conv2.1.2": 0.0018814789701517996,
        "layer2.0.conv2.2": 0.025449478701526973,
        "layer2.0.downsample.0.0": 0.0018961780246061107,
        "layer2.0.downsample.0.1": 0.003861983149258957,
        "layer2.1.conv1.0": 0.025449478701526973,
        "layer2.1.conv1.1.0": 0.0017894164712011153,
        "layer2.1.conv1.1.1": 0.0001322914900887984,
        "layer2.1.conv1.1.2": 0.0018814789701517996,
        "layer2.1.conv1.2": 0.025449478701526973,
        "layer2.1.conv2.0": 0.025449478701526973,
        "layer2.1.conv2.1.0": 0.0017894164712011153,
        "layer2.1.conv2.1.1": 0.0001322914900887984,
        "layer2.1.conv2.1.2": 0.0018814789701517996,
        "layer2.1.conv2.2": 0.025449478701526973,
        "layer3.0.conv1.0": 0.025449478701526973,
        "layer3.0.conv1.1.0": 0.0017894164712011153,
        "layer3.0.conv1.1.1": 3.30728725221996e-05,
        "layer3.0.conv1.1.2": 0.0009407394850758998,
        "layer3.0.conv1.2": 0.025399966097049295,
        "layer3.0.conv2.0": 0.025399966097049295,
        "layer3.0.conv2.1.0": 0.0008929675580993893,
        "layer3.0.conv2.1.1": 3.30728725221996e-05,
        "layer3.0.conv2.1.2": 0.0009407394850758998,
        "layer3.0.conv2.2": 0.025399966097049295,
        "layer3.0.downsample.0.0": 0.0009444142486894775,
        "layer3.0.downsample.0.1": 0.0019309915746294785,
        "layer3.1.conv1.0": 0.025399966097049295,
        "layer3.1.conv1.1.0": 0.0008929675580993893,
        "layer3.1.conv1.1.1": 3.30728725221996e-05,
        "layer3.1.conv1.1.2": 0.0009407394850758998,
        "layer3.1.conv1.2": 0.025399966097049295,
        "layer3.1.conv2.0": 0.025399966097049295,
        "layer3.1.conv2.1.0": 0.0008929675580993893,
        "layer3.1.conv2.1.1": 3.30728725221996e-05,
        "layer3.1.conv2.1.2": 0.0009407394850758998,
        "layer3.1.conv2.2": 0.025399966097049295,
        "layer4.0.conv1.0": 0.025399966097049295,
        "layer4.0.conv1.1.0": 0.0008929675580993893,
        "layer4.0.conv1.1.1": 8.2682181305499e-06,
        "layer4.0.conv1.1.2": 0.0004703697425379499,
        "layer4.0.conv1.2": 0.025375209794810456,
        "layer4.0.conv2.0": 0.025375209794810456,
        "layer4.0.conv2.1.0": 0.00044604860967440254,
        "layer4.0.conv2.1.1": 8.2682181305499e-06,
        "layer4.0.conv2.1.2": 0.0004703697425379499,
        "layer4.0.conv2.2": 0.025375209794810456,
        "layer4.0.downsample.0.0": 0.00047128843344134433,
        "layer4.0.downsample.0.1": 0.0009654957873147393,
        "layer4.1.conv1.0": 0.025375209794810456,
        "layer4.1.conv1.1.0": 0.00044604860967440254,
        "layer4.1.conv1.1.1": 8.2682181305499e-06,
        "layer4.1.conv1.1.2": 0.0004703697425379499,
        "layer4.1.conv1.2": 0.025375209794810456,
        "layer4.1.conv2.0": 0.025375209794810456,
        "layer4.1.conv2.1.0": 0.00044604860967440254,
        "layer4.1.conv2.1.1": 8.2682181305499e-06,
        "layer4.1.conv2.1.2": 0.0004703697425379499,
        "layer4.1.conv2.2": 0.025375209794810456,
        "fc": 0.0010109665465289342
    },
    "relative_params": {
        "conv1.0": 3.8106670096266975e-06,
        "conv1.1.0": 3.8106670096266975e-06,
        "conv1.1.1": 4.763333762033372e-05,
        "conv1.1.2": 8.129422953870288e-05,
        "conv1.2": 0.0013210312300039218,
        "layer1.0.conv1.0": 0.0013210312300039218,
        "layer1.0.conv1.1.0": 0.0001857700167193015,
        "layer1.0.conv1.1.1": 2.8580002572200232e-05,
        "layer1.0.conv1.1.2": 0.0002032355738467572,
        "layer1.0.conv1.2": 0.0013210312300039218,
        "layer1.0.conv2.0": 0.0013210312300039218,
        "layer1.0.conv2.1.0": 0.0001857700167193015,
        "layer1.0.conv2.1.1": 2.8580002572200232e-05,
        "layer1.0.conv2.1.2": 0.0002032355738467572,
        "layer1.0.conv2.2": 0.0013210312300039218,
        "layer1.1.conv1.0": 0.0013210312300039218,
        "layer1.1.conv1.1.0": 0.0001857700167193015,
        "layer1.1.conv1.1.1": 2.8580002572200232e-05,
        "layer1.1.conv1.1.2": 0.0002032355738467572,
        "layer1.1.conv1.2": 0.0013210312300039218,
        "layer1.1.conv2.0": 0.0013210312300039218,
        "layer1.1.conv2.1.0": 0.0001857700167193015,
        "layer1.1.conv2.1.1": 2.8580002572200232e-05,
        "layer1.1.conv2.1.2": 0.0002032355738467572,
        "layer1.1.conv2.2": 0.0013210312300039218,
        "layer2.0.conv1.0": 0.0013210312300039218,
        "layer2.0.conv1.1.0": 0.0001857700167193015,
        "layer2.0.conv1.1.1": 2.8580002572200232e-05,
        "layer2.0.conv1.1.2": 0.0004064711476935144,
        "layer2.0.conv1.2": 0.005243477805246336,
        "layer2.0.conv2.0": 0.005243477805246336,
        "layer2.0.conv2.1.0": 0.000368682033181383,
        "layer2.0.conv2.1.1": 2.8580002572200232e-05,
        "layer2.0.conv2.1.2": 0.0004064711476935144,
        "layer2.0.conv2.2": 0.005243477805246336,
        "layer2.0.downsample.0.0": 0.0003921811464074143,
        "layer2.0.downsample.0.1": 0.0008129422953870288,
        "layer2.1.conv1.0": 0.005243477805246336,
        "layer2.1.conv1.1.0": 0.000368682033181383,
        "layer2.1.conv1.1.1": 2.8580002572200232e-05,
        "layer2.1.conv1.1.2": 0.0004064711476935144,
        "layer2.1.conv1.2": 0.005243477805246336,
        "layer2.1.conv2.0": 0.005243477805246336,
        "layer2.1.conv2.1.0": 0.000368682033181383,
        "layer2.1.conv2.1.1": 2.8580002572200232e-05,
        "layer2.1.conv2.1.2": 0.0004064711476935144,
        "layer2.1.conv2.2": 0.005243477805246336,
        "layer3.0.conv1.0": 0.005243477805246336,
        "layer3.0.conv1.1.0": 0.000368682033181383,
        "layer3.0.conv1.1.1": 2.8580002572200232e-05,
        "layer3.0.conv1.1.2": 0.0008129422953870288,
        "layer3.0.conv1.2": 0.02089261699144664,
        "layer3.0.conv2.0": 0.02089261699144664,
        "layer3.0.conv2.1.0": 0.000734506066105546,
        "layer3.0.conv2.1.1": 2.8580002572200232e-05,
        "layer3.0.conv2.1.2": 0.0008129422953870288,
        "layer3.0.conv2.2": 0.02089261699144664,
        "layer3.0.downsample.0.0": 0.000778328736716253,
        "layer3.0.downsample.0.1": 0.0016258845907740577,
        "layer3.1.conv1.0": 0.02089261699144664,
        "layer3.1.conv1.1.0": 0.000734506066105546,