{
    "total_flops": 274824360,
    "total_params": 748498,
    "relative_flops": {
        "conv1.0": 0.03322861190325341,
        "conv1.1": 0.11748687780078884,
        "conv1.2": 0.1548234224942796,
        "layer1.0.conv1.0": 0.03827224049571151,
        "layer1.0.conv1.1": 0.00563699666215906,
        "layer1.0.conv1.2": 0.0387058556235699,
        "layer1.0.conv2.0": 0.03827224049571151,
        "layer1.0.conv2.1": 0.00563699666215906,
        "layer1.0.conv2.2": 0.0387058556235699,
        "layer1.1.conv1.0": 0.03827224049571151,
        "layer1.1.conv1.1": 0.00563699666215906,
        "layer1.1.conv1.2": 0.0387058556235699,
        "layer1.1.conv2.0": 0.03827224049571151,
        "layer1.1.conv2.1": 0.00563699666215906,
        "layer1.1.conv2.2": 0.0387058556235699,
        "layer2.0.conv1.0": 0.03827224049571151,
        "layer2.0.conv1.1": 0.001409249165539765,
        "layer2.0.conv1.2": 0.01935292781178495,
        "layer2.0.conv2.0": 0.019061949239143137,
        "layer2.0.conv2.1": 0.001409249165539765,
        "layer2.0.conv2.2": 0.01935292781178495,
        "layer2.0.downsample.0.0": 0.009568060123927878,
        "layer2.0.downsample.0.1": 0.01935292781178495,
        "layer2.1.conv1.0": 0.019061949239143137,
        "layer2.1.conv1.1": 0.001409249165539765,
        "layer2.1.conv1.2": 0.01935292781178495,
        "layer2.1.conv2.0": 0.019061949239143137,
        "layer2.1.conv2.1": 0.001409249165539765,
        "layer2.1.conv2.2": 0.01935292781178495,
        "layer3.0.conv1.0": 0.019061949239143137,
        "layer3.0.conv1.1": 0.00035231229138494127,
        "layer3.0.conv1.2": 0.009676463905892475,
        "layer3.0.conv2.0": 0.009512431867393414,
        "layer3.0.conv2.1": 0.00035231229138494127,
        "layer3.0.conv2.2": 0.009676463905892475,
        "layer3.0.downsample.0.0": 0.004765487309785784,
        "layer3.0.downsample.0.1": 0.009676463905892475,
        "layer3.1.conv1.0": 0.009512431867393414,
        "layer3.1.conv1.1": 0.00035231229138494127,
        "layer3.1.conv1.2": 0.009676463905892475,
        "layer3.1.conv2.0": 0.009512431867393414,
        "layer3.1.conv2.1": 0.00035231229138494127,
        "layer3.1.conv2.2": 0.009676463905892475,
        "layer4.0.conv1.0": 0.009512431867393414,
        "layer4.0.conv1.1": 8.807807284623532e-05,
        "layer4.0.conv1.2": 0.004838231952946238,
        "layer4.0.conv2.0": 0.004751580245652169,
        "layer4.0.conv2.1": 8.807807284623532e-05,
        "layer4.0.conv2.2": 0.004838231952946238,
        "layer4.0.downsample.0.0": 0.0023781079668483535,
        "layer4.0.downsample.0.1": 0.004838231952946238,
        "layer4.1.conv1.0": 0.004751580245652169,
        "layer4.1.conv1.1": 8.807807284623532e-05,
        "layer4.1.conv1.2": 0.004838231952946238,
        "layer4.1.conv2.0": 0.004751580245652169,
        "layer4.1.conv2.1": 8.807807284623532e-05,
        "layer4.1.conv2.2": 0.004838231952946238,
        "fc": 0.00372787914433786
    },
    "relative_params": {
        "conv1.0": 0.0001389449270405532,
        "conv1.1": 0.001736811588006915,
        "conv1.2": 0.0023086234031353455,
        "layer1.0.conv1.0": 0.00225785506440899,
        "layer1.0.conv1.1": 0.00034736231760138306,
        "layer1.0.conv1.2": 0.0023086234031353455,
        "layer1.0.conv2.0": 0.00225785506440899,
        "layer1.0.conv2.1": 0.00034736231760138306,
        "layer1.0.conv2.2": 0.0023086234031353455,
        "layer1.1.conv1.0": 0.00225785506440899,
        "layer1.1.conv1.1": 0.00034736231760138306,
        "layer1.1.conv1.2": 0.0023086234031353455,
        "layer1.1.conv2.0": 0.00225785506440899,
        "layer1.1.conv2.1": 0.00034736231760138306,
        "layer1.1.conv2.2": 0.0023086234031353455,
        "layer2.0.conv1.0": 0.00225785506440899,
        "layer2.0.conv1.1": 0.00034736231760138306,
        "layer2.0.conv1.2": 0.004617246806270691,
        "layer2.0.conv2.0": 0.004480973897057841,
        "layer2.0.conv2.1": 0.00034736231760138306,
        "layer2.0.conv2.2": 0.004617246806270691,
        "layer2.0.downsample.0.0": 0.00225785506440899,
        "layer2.0.downsample.0.1": 0.004617246806270691,
        "layer2.1.conv1.0": 0.004480973897057841,
        "layer2.1.conv1.1": 0.00034736231760138306,
        "layer2.1.conv1.2": 0.004617246806270691,
        "layer2.1.conv2.0": 0.004480973897057841,
        "layer2.1.conv2.1": 0.00034736231760138306,
        "layer2.1.conv2.2": 0.004617246806270691,
        "layer3.0.conv1.0": 0.004480973897057841,
        "layer3.0.conv1.1": 0.00034736231760138306,
        "layer3.0.conv1.2": 0.009234493612541382,
        "layer3.0.conv2.0": 0.008927211562355543,
        "layer3.0.conv2.1": 0.00034736231760138306,
        "layer3.0.conv2.2": 0.009234493612541382,
        "layer3.0.downsample.0.0": 0.004480973897057841,
        "layer3.0.downsample.0.1": 0.009234493612541382,
        "layer3.1.conv1.0": 0.008927211562355543,
        "layer3.1.conv1.1": 0.00034736231760138306,
        "layer3.1.conv1.2": 0.009234493612541382,
        "layer3.1.conv2.0": 0.008927211562355543,
        "layer3.1.conv2.1": 0.00034736231760138306,
        "layer3.1.conv2.2": 0.009234493612541382,
        "layer4.0.conv1.0": 0.008927211562355543,
        "layer4.0.conv1.1": 0.00034736231760138306,
        "layer4.0.conv1.2": 0.018468987225082764,
        "layer4.0.conv2.0": 0.01781968689295095,
        "layer4.0.conv2.1": 0.00034736231760138306,
        "layer4.0.conv2.2": 0.018468987225082764,
        "layer4.0.downsample.0.0": 0.008927211562355543,
        "layer4.0.downsample.0.1": 0.018468987225082764,
        "layer4.1.conv1.0": 0.01781968689295095,
        "layer4.1.conv1.1": 0.00034736231760138306,
        "layer4.1.conv1.2": 0.018468987225082764,
        "layer4.1.conv2.0": 0.01781968689295095,
        "layer4.1.conv2.1": 0.00034736231760138306,
        "layer4.1.conv2.2": 0.018468987225082764,
        "fc": 0.6853725728058058
    }
}