{
    "total_flops": 306130068,
    "total_params": 775117,
    "relative_flops": {
        "conv1.0": 0.03327255001949041,
        "conv1.1": 0.11764223042605537,
        "conv1.2": 0.1547255527999948,
        "layer1.0.conv1.0": 0.03832284779030592,
        "layer1.0.conv1.1": 0.00564445044973498,
        "layer1.0.conv1.2": 0.0386813881999987,
        "layer1.0.conv2.0": 0.03832284779030592,
        "layer1.0.conv2.1": 0.00564445044973498,
        "layer1.0.conv2.2": 0.0386813881999987,
        "layer1.1.conv1.0": 0.03832284779030592,
        "layer1.1.conv1.1": 0.00564445044973498,
        "layer1.1.conv1.2": 0.0386813881999987,
        "layer1.1.conv2.0": 0.03832284779030592,
        "layer1.1.conv2.1": 0.00564445044973498,
        "layer1.1.conv2.2": 0.0386813881999987,
        "layer2.0.conv1.0": 0.03832284779030592,
        "layer2.0.conv1.1": 0.001411112612433745,
        "layer2.0.conv1.2": 0.01934069409999935,
        "layer2.0.conv2.0": 0.019087154810288023,
        "layer2.0.conv2.1": 0.001411112612433745,
        "layer2.0.conv2.2": 0.01934069409999935,
        "layer2.0.downsample.0.0": 0.00958071194757648,
        "layer2.0.downsample.0.1": 0.01934069409999935,
        "layer2.1.conv1.0": 0.019087154810288023,
        "layer2.1.conv1.1": 0.001411112612433745,
        "layer2.1.conv1.2": 0.01934069409999935,
        "layer2.1.conv2.0": 0.019087154810288023,
        "layer2.1.conv2.1": 0.001411112612433745,
        "layer2.1.conv2.2": 0.01934069409999935,
        "layer3.0.conv1.0": 0.019087154810288023,
        "layer3.0.conv1.1": 0.00035277815310843624,
        "layer3.0.conv1.2": 0.009670347049999676,
        "layer3.0.conv2.0": 0.009525010133927779,
        "layer3.0.conv2.1": 0.00035277815310843624,
        "layer3.0.conv2.2": 0.009670347049999676,
        "layer3.0.downsample.0.0": 0.004771788702572006,
        "layer3.0.downsample.0.1": 0.009670347049999676,
        "layer3.1.conv1.0": 0.009525010133927779,
        "layer3.1.conv1.1": 0.00035277815310843624,
        "layer3.1.conv1.2": 0.009670347049999676,
        "layer3.1.conv2.0": 0.009525010133927779,
        "layer3.1.conv2.1": 0.00035277815310843624,
        "layer3.1.conv2.2": 0.009670347049999676,
        "layer4.0.conv1.0": 0.009525010133927779,
        "layer4.0.conv1.1": 8.819453827710906e-05,
        "layer4.0.conv1.2": 0.004835173524999838,
        "layer4.0.conv2.0": 0.004757863249159831,
        "layer4.0.conv2.1": 8.819453827710906e-05,
        "layer4.0.conv2.2": 0.004835173524999838,
        "layer4.0.downsample.0.0": 0.0023812525334819448,
        "layer4.0.downsample.0.1": 0.004835173524999838,
        "layer4.1.conv1.0": 0.004757863249159831,
        "layer4.1.conv1.1": 8.819453827710906e-05,
        "layer4.1.conv1.2": 0.004835173524999838,
        "layer4.1.conv2.0": 0.004757863249159831,
        "layer4.1.conv2.1": 8.819453827710906e-05,
        "layer4.1.conv2.2": 0.004835173524999838,
        "fc": 0.003346655905750493
    },
    "relative_params": {
        "conv1.0": 0.0001496548263036419,
        "conv1.1": 0.0018706853287955238,
        "conv1.2": 0.002477045400887866,
        "layer1.0.conv1.0": 0.002431890927434181,
        "layer1.0.conv1.1": 0.00037413706575910473,
        "layer1.0.conv1.2": 0.002477045400887866,
        "layer1.0.conv2.0": 0.002431890927434181,
        "layer1.0.conv2.1": 0.00037413706575910473,
        "layer1.0.conv2.2": 0.002477045400887866,
        "layer1.1.conv1.0": 0.002431890927434181,
        "layer1.1.conv1.1": 0.00037413706575910473,
        "layer1.1.conv1.2": 0.002477045400887866,
        "layer1.1.conv2.0": 0.002431890927434181,
        "layer1.1.conv2.1": 0.00037413706575910473,
        "layer1.1.conv2.2": 0.002477045400887866,
        "layer2.0.conv1.0": 0.002431890927434181,
        "layer2.0.conv1.1": 0.00037413706575910473,
        "layer2.0.conv1.2": 0.004954090801775732,
        "layer2.0.conv2.0": 0.004826368148292451,
        "layer2.0.conv2.1": 0.00037413706575910473,
        "layer2.0.conv2.2": 0.004954090801775732,
        "layer2.0.downsample.0.0": 0.002431890927434181,
        "layer2.0.downsample.0.1": 0.004954090801775732,
        "layer2.1.conv1.0": 0.004826368148292451,
        "layer2.1.conv1.1": 0.00037413706575910473,
        "layer2.1.conv1.2": 0.004954090801775732,
        "layer2.1.conv2.0": 0.004826368148292451,
        "layer2.1.conv2.1": 0.00037413706575910473,
        "layer2.1.conv2.2": 0.004954090801775732,
        "layer3.0.conv1.0": 0.004826368148292451,
        "layer3.0.conv1.1": 0.00037413706575910473,
        "layer3.0.conv1.2": 0.009908181603551464,
        "layer3.0.conv2.0": 0.009615322590008992,
        "layer3.0.conv2.1": 0.00037413706575910473,
        "layer3.0.conv2.2": 0.009908181603551464,
        "layer3.0.downsample.0.0": 0.004826368148292451,
        "layer3.0.downsample.0.1": 0.009908181603551464,
        "layer3.1.conv1.0": 0.009615322590008992,
        "layer3.1.conv1.1": 0.00037413706575910473,
        "layer3.1.conv1.2": 0.009908181603551464,
        "layer3.1.conv2.0": 0.009615322590008992,
        "layer3.1.conv2.1": 0.00037413706575910473,
        "layer3.1.conv2.2": 0.009908181603551464,
        "layer4.0.conv1.0": 0.009615322590008992,
        "layer4.0.conv1.1": 0.00037413706575910473,
        "layer4.0.conv1.2": 0.01981636320710293,
        "layer4.0.conv2.0": 0.019193231473442075,
        "layer4.0.conv2.1": 0.00037413706575910473,
        "layer4.0.conv2.2": 0.01981636320710293,
        "layer4.0.downsample.0.0": 0.009615322590008992,
        "layer4.0.downsample.0.1": 0.01981636320710293,
        "layer4.1.conv1.0": 0.019193231473442075,
        "layer4.1.conv1.1": 0.00037413706575910473,
        "layer4.1.conv1.2": 0.01981636320710293,
        "layer4.1.conv2.0": 0.019193231473442075,
        "layer4.1.conv2.1": 0.00037413706575910473,
        "layer4.1.conv2.2": 0.01981636320710293,
        "fc": 0.6618355680497267
    }
}