{
    "total_flops": 131372695,
    "total_params": 843322,
    "relative_flops": {
        "conv1.0": 0.008020662132264243,
        "conv1.1": 0.028358769681934286,
        "conv1.2": 0.04277686470540929,
        "layer1.0.conv1.0": 0.02771425218916305,
        "layer1.0.conv1.1": 0.004081944120884481,
        "layer1.0.conv1.2": 0.029027158192956308,
        "layer1.0.conv2.0": 0.02771425218916305,
        "layer1.0.conv2.1": 0.004081944120884481,
        "layer1.0.conv2.2": 0.029027158192956308,
        "layer1.1.conv1.0": 0.02771425218916305,
        "layer1.1.conv1.1": 0.004081944120884481,
        "layer1.1.conv1.2": 0.029027158192956308,
        "layer1.1.conv2.0": 0.02771425218916305,
        "layer1.1.conv2.1": 0.004081944120884481,
        "layer1.1.conv2.2": 0.029027158192956308,
        "layer2.0.conv1.0": 0.02771425218916305,
        "layer2.0.conv1.1": 0.0010204860302211202,
        "layer2.0.conv1.2": 0.014513579096478154,
        "layer2.0.conv2.0": 0.013803416303517257,
        "layer2.0.conv2.1": 0.0010204860302211202,
        "layer2.0.conv2.2": 0.014513579096478154,
        "layer2.0.downsample.0.0": 0.0492697816696232,
        "layer2.0.downsample.0.1": 0.0985395633392464,
        "layer2.1.conv1.0": 0.013803416303517257,
        "layer2.1.conv1.1": 0.0010204860302211202,
        "layer2.1.conv1.2": 0.014513579096478154,
        "layer2.1.conv2.0": 0.013803416303517257,
        "layer2.1.conv2.1": 0.0010204860302211202,
        "layer2.1.conv2.2": 0.014513579096478154,
        "layer3.0.conv1.0": 0.013803416303517257,
        "layer3.0.conv1.1": 0.00025512150755528006,
        "layer3.0.conv1.2": 0.007256789548239077,
        "layer3.0.conv2.0": 0.006888280703992561,
        "layer3.0.conv2.1": 0.00025512150755528006,
        "layer3.0.conv2.2": 0.007256789548239077,
        "layer3.0.downsample.0.0": 0.04907881352361691,
        "layer3.0.downsample.0.1": 0.09815762704723383,
        "layer3.1.conv1.0": 0.006888280703992561,
        "layer3.1.conv1.1": 0.00025512150755528006,
        "layer3.1.conv1.2": 0.007256789548239077,
        "layer3.1.conv2.0": 0.006888280703992561,
        "layer3.1.conv2.1": 0.00025512150755528006,
        "layer3.1.conv2.2": 0.007256789548239077,
        "layer4.0.conv1.0": 0.006888280703992561,
        "layer4.0.conv1.1": 6.378037688882001e-05,
        "layer4.0.conv1.2": 0.0036283947741195385,
        "layer4.0.conv2.0": 0.0034407834900547635,
        "layer4.0.conv2.1": 6.378037688882001e-05,
        "layer4.0.conv2.2": 0.0036283947741195385,
        "layer4.0.downsample.0.0": 0.04898332945061377,
        "layer4.0.downsample.0.1": 0.09796665890122754,
        "layer4.1.conv1.0": 0.0034407834900547635,
        "layer4.1.conv1.1": 6.378037688882001e-05,
        "layer4.1.conv1.2": 0.0036283947741195385,
        "layer4.1.conv2.0": 0.0034407834900547635,
        "layer4.1.conv2.1": 6.378037688882001e-05,
        "layer4.1.conv2.2": 0.0036283947741195385,
        "fc": 0.007798515513440597
    },
    "relative_params": {
        "conv1.0": 1.422944023753679e-05,
        "conv1.1": 0.00017786800296920986,
        "conv1.2": 0.00030356139173411817,
        "layer1.0.conv1.0": 0.0006936852115799185,
        "layer1.0.conv1.1": 0.00010672080178152592,
        "layer1.0.conv1.2": 0.0007589034793352954,
        "layer1.0.conv2.0": 0.0006936852115799185,
        "layer1.0.conv2.1": 0.00010672080178152592,
        "layer1.0.conv2.2": 0.0007589034793352954,
        "layer1.1.conv1.0": 0.0006936852115799185,
        "layer1.1.conv1.1": 0.00010672080178152592,
        "layer1.1.conv1.2": 0.0007589034793352954,
        "layer1.1.conv2.0": 0.0006936852115799185,
        "layer1.1.conv2.1": 0.00010672080178152592,
        "layer1.1.conv2.2": 0.0007589034793352954,
        "layer2.0.conv1.0": 0.0006936852115799185,
        "layer2.0.conv1.1": 0.00010672080178152592,
        "layer2.0.conv1.2": 0.0015178069586705908,
        "layer2.0.conv2.0": 0.0013766983429816843,
        "layer2.0.conv2.1": 0.00010672080178152592,
        "layer2.0.conv2.2": 0.0015178069586705908,
        "layer2.0.downsample.0.0": 0.00493287261567942,
        "layer2.0.downsample.0.1": 0.00986574523135884,
        "layer2.1.conv1.0": 0.0013766983429816843,
        "layer2.1.conv1.1": 0.00010672080178152592,
        "layer2.1.conv1.2": 0.0015178069586705908,
        "layer2.1.conv2.0": 0.0013766983429816843,
        "layer2.1.conv2.1": 0.00010672080178152592,
        "layer2.1.conv2.2": 0.0015178069586705908,
        "layer3.0.conv1.0": 0.0013766983429816843,
        "layer3.0.conv1.1": 0.00010672080178152592,
        "layer3.0.conv1.2": 0.0030356139173411817,
        "layer3.0.conv2.0": 0.002742724605785216,
        "layer3.0.conv2.1": 0.00010672080178152592,
        "layer3.0.conv2.2": 0.0030356139173411817,
        "layer3.0.downsample.0.0": 0.019579709766850622,
        "layer3.0.downsample.0.1": 0.039159419533701244,
        "layer3.1.conv1.0": 0.002742724605785216,
        "layer3.1.conv1.1": 0.00010672080178152592,
        "layer3.1.conv1.2": 0.0030356139173411817,
        "layer3.1.conv2.0": 0.002742724605785216,
        "layer3.1.conv2.1": 0.00010672080178152592,
        "layer3.1.conv2.2": 0.0030356139173411817,
        "layer4.0.conv1.0": 0.002742724605785216,
        "layer4.0.conv1.1": 0.00010672080178152592,
        "layer4.0.conv1.2": 0.006071227834682363,
        "layer4.0.conv2.0": 0.00547477713139228,
        "layer4.0.conv2.1": 0.00010672080178152592,
        "layer4.0.conv2.2": 0.006071227834682363,
        "layer4.0.downsample.0.0": 0.07801527767566836,
        "layer4.0.downsample.0.1": 0.15603055535133672,
        "layer4.1.conv1.0": 0.00547477713139228,
        "layer4.1.conv1.1": 0.00010672080178152592,
        "layer4.1.conv1.2": 0.006071227834682363,
        "layer4.1.conv2.0": 0.00547477713139228,
        "layer4.1.conv2.1": 0.00010672080178152592,
        "layer4.1.conv2.2": 0.006071227834682363,
        "fc": 0.6083085701546977
    }
}