{
    "total_flops": 13943460,
    "total_params": 526673,
    "relative_flops": {
        "conv1.0": 0.0251897305259957,
        "conv1.1": 0.08906369007405622,
        "conv1.2": 0.1727295807496848,
        "layer1.0.conv1.0": 0.029013171766548617,
        "layer1.0.conv1.1": 0.004273257857088556,
        "layer1.0.conv1.2": 0.0431823951874212,
        "layer1.0.conv2.0": 0.029013171766548617,
        "layer1.0.conv2.1": 0.004273257857088556,
        "layer1.0.conv2.2": 0.0431823951874212,
        "layer1.1.conv1.0": 0.029013171766548617,
        "layer1.1.conv1.1": 0.004273257857088556,
        "layer1.1.conv1.2": 0.0431823951874212,
        "layer1.1.conv2.0": 0.029013171766548617,
        "layer1.1.conv2.1": 0.004273257857088556,
        "layer1.1.conv2.2": 0.0431823951874212,
        "layer2.0.conv1.0": 0.029013171766548617,
        "layer2.0.conv1.1": 0.001068314464272139,
        "layer2.0.conv1.2": 0.0215911975937106,
        "layer2.0.conv2.0": 0.014450358806207354,
        "layer2.0.conv2.1": 0.001068314464272139,
        "layer2.0.conv2.2": 0.0215911975937106,
        "layer2.0.downsample.0.0": 0.007253292941637154,
        "layer2.0.downsample.0.1": 0.0215911975937106,
        "layer2.1.conv1.0": 0.014450358806207354,
        "layer2.1.conv1.1": 0.001068314464272139,
        "layer2.1.conv1.2": 0.0215911975937106,
        "layer2.1.conv2.0": 0.014450358806207354,
        "layer2.1.conv2.1": 0.001068314464272139,
        "layer2.1.conv2.2": 0.0215911975937106,
        "layer3.0.conv1.0": 0.014450358806207354,
        "layer3.0.conv1.1": 0.00026707861606803477,
        "layer3.0.conv1.2": 0.0107955987968553,
        "layer3.0.conv2.0": 0.007211122633836939,
        "layer3.0.conv2.1": 0.00026707861606803477,
        "layer3.0.conv2.2": 0.0107955987968553,
        "layer3.0.downsample.0.0": 0.0036125897015518386,
        "layer3.0.downsample.0.1": 0.0107955987968553,
        "layer3.1.conv1.0": 0.007211122633836939,
        "layer3.1.conv1.1": 0.00026707861606803477,
        "layer3.1.conv1.2": 0.0107955987968553,
        "layer3.1.conv2.0": 0.007211122633836939,
        "layer3.1.conv2.1": 0.00026707861606803477,
        "layer3.1.conv2.2": 0.0107955987968553,
        "layer4.0.conv1.0": 0.007211122633836939,
        "layer4.0.conv1.1": 6.676965401700869e-05,
        "layer4.0.conv1.2": 0.00539779939842765,
        "layer4.0.conv2.0": 0.0036020471246017848,
        "layer4.0.conv2.1": 6.676965401700869e-05,
        "layer4.0.conv2.2": 0.00539779939842765,
        "layer4.0.downsample.0.0": 0.0018027806584592348,
        "layer4.0.downsample.0.1": 0.00539779939842765,
        "layer4.1.conv1.0": 0.0036020471246017848,
        "layer4.1.conv1.1": 6.676965401700869e-05,
        "layer4.1.conv1.2": 0.00539779939842765,
        "layer4.1.conv2.0": 0.0036020471246017848,
        "layer4.1.conv2.1": 6.676965401700869e-05,
        "layer4.1.conv2.2": 0.00539779939842765,
        "fc": 0.07347616732145393
    },
    "relative_params": {
        "conv1.0": 7.594845378441652e-06,
        "conv1.1": 9.493556723052065e-05,
        "conv1.2": 0.00024303505211013287,
        "layer1.0.conv1.0": 0.00012341623739967685,
        "layer1.0.conv1.1": 1.898711344610413e-05,
        "layer1.0.conv1.2": 0.00024303505211013287,
        "layer1.0.conv2.0": 0.00012341623739967685,
        "layer1.0.conv2.1": 1.898711344610413e-05,
        "layer1.0.conv2.2": 0.00024303505211013287,
        "layer1.1.conv1.0": 0.00012341623739967685,
        "layer1.1.conv1.1": 1.898711344610413e-05,
        "layer1.1.conv1.2": 0.00024303505211013287,
        "layer1.1.conv2.0": 0.00012341623739967685,
        "layer1.1.conv2.1": 1.898711344610413e-05,
        "layer1.1.conv2.2": 0.00024303505211013287,
        "layer2.0.conv1.0": 0.00012341623739967685,
        "layer2.0.conv1.1": 1.898711344610413e-05,
        "layer2.0.conv1.2": 0.00048607010422026573,
        "layer2.0.conv2.0": 0.00024493376345474324,
        "layer2.0.conv2.1": 1.898711344610413e-05,
        "layer2.0.conv2.2": 0.00048607010422026573,
        "layer2.0.downsample.0.0": 0.00012341623739967685,
        "layer2.0.downsample.0.1": 0.00048607010422026573,
        "layer2.1.conv1.0": 0.00024493376345474324,
        "layer2.1.conv1.1": 1.898711344610413e-05,
        "layer2.1.conv1.2": 0.00048607010422026573,
        "layer2.1.conv2.0": 0.00024493376345474324,
        "layer2.1.conv2.1": 1.898711344610413e-05,
        "layer2.1.conv2.2": 0.00048607010422026573,
        "layer3.0.conv1.0": 0.00024493376345474324,
        "layer3.0.conv1.1": 1.898711344610413e-05,
        "layer3.0.conv1.2": 0.0009721402084405315,
        "layer3.0.conv2.0": 0.00048796881556487613,
        "layer3.0.conv2.1": 1.898711344610413e-05,
        "layer3.0.conv2.2": 0.0009721402084405315,
        "layer3.0.downsample.0.0": 0.00024493376345474324,
        "layer3.0.downsample.0.1": 0.0009721402084405315,
        "layer3.1.conv1.0": 0.00048796881556487613,
        "layer3.1.conv1.1": 1.898711344610413e-05,
        "layer3.1.conv1.2": 0.0009721402084405315,
        "layer3.1.conv2.0": 0.00048796881556487613,
        "layer3.1.conv2.1": 1.898711344610413e-05,
        "layer3.1.conv2.2": 0.0009721402084405315,
        "layer4.0.conv1.0": 0.00048796881556487613,
        "layer4.0.conv1.1": 1.898711344610413e-05,
        "layer4.0.conv1.2": 0.001944280416881063,
        "layer4.0.conv2.0": 0.0009740389197851418,
        "layer4.0.conv2.1": 1.898711344610413e-05,
        "layer4.0.conv2.2": 0.001944280416881063,
        "layer4.0.downsample.0.0": 0.00048796881556487613,
        "layer4.0.downsample.0.1": 0.001944280416881063,
        "layer4.1.conv1.0": 0.0009740389197851418,
        "layer4.1.conv1.1": 1.898711344610413e-05,
        "layer4.1.conv1.2": 0.001944280416881063,
        "layer4.1.conv2.0": 0.0009740389197851418,
        "layer4.1.conv2.1": 1.898711344610413e-05,
        "layer4.1.conv2.2": 0.001944280416881063,
        "fc": 0.9740389197851418
    }
}