{
    "total_flops": 1028706951,
    "total_params": 3188118,
    "relative_flops": {
        "conv1.0": 0.0010242917081251452,
        "conv1.1.0": 0.0010242917081251452,
        "conv1.1.1": 0.003621602825156763,
        "conv1.1.2": 0.005462889110000774,
        "conv1.2": 0.10067324217001426,
        "layer1.0.conv1.0": 0.025168310542503566,
        "layer1.0.conv1.1.0": 0.003539293670039564,
        "layer1.0.conv1.1.1": 0.0005212913157422613,
        "layer1.0.conv1.1.2": 0.0037069604675005253,
        "layer1.0.conv1.2": 0.025168310542503566,
        "layer1.0.conv2.0": 0.025168310542503566,
        "layer1.0.conv2.1.0": 0.003539293670039564,
        "layer1.0.conv2.1.1": 0.0005212913157422613,
        "layer1.0.conv2.1.2": 0.0037069604675005253,
        "layer1.0.conv2.2": 0.025168310542503566,
        "layer1.1.conv1.0": 0.025168310542503566,
        "layer1.1.conv1.1.0": 0.003539293670039564,
        "layer1.1.conv1.1.1": 0.0005212913157422613,
        "layer1.1.conv1.1.2": 0.0037069604675005253,
        "layer1.1.conv1.2": 0.025168310542503566,
        "layer1.1.conv2.0": 0.025168310542503566,
        "layer1.1.conv2.1.0": 0.003539293670039564,
        "layer1.1.conv2.1.1": 0.0005212913157422613,
        "layer1.1.conv2.1.2": 0.0037069604675005253,
        "layer1.1.conv2.2": 0.025168310542503566,
        "layer2.0.conv1.0": 0.025168310542503566,
        "layer2.0.conv1.1.0": 0.003539293670039564,
        "layer2.0.conv1.1.1": 0.00013032282893556533,
        "layer2.0.conv1.1.2": 0.0018534802337502627,
        "layer2.0.conv1.2": 0.025070758951253554,
        "layer2.0.conv2.0": 0.025070758951253554,
        "layer2.0.conv2.1.0": 0.0017627877387600154,
        "layer2.0.conv2.1.1": 0.00013032282893556533,
        "layer2.0.conv2.1.2": 0.0018534802337502627,
        "layer2.0.conv2.2": 0.025070758951253554,
        "layer2.0.downsample.0.0": 0.004719058226719418,
        "layer2.0.downsample.0.1": 0.00946250435125134,
        "layer2.1.conv1.0": 0.025070758951253554,
        "layer2.1.conv1.1.0": 0.0017627877387600154,
        "layer2.1.conv1.1.1": 0.00013032282893556533,
        "layer2.1.conv1.1.2": 0.0018534802337502627,
        "layer2.1.conv1.2": 0.025070758951253554,
        "layer2.1.conv2.0": 0.025070758951253554,
        "layer2.1.conv2.1.0": 0.0017627877387600154,
        "layer2.1.conv2.1.1": 0.00013032282893556533,
        "layer2.1.conv2.1.2": 0.0018534802337502627,
        "layer2.1.conv2.2": 0.025070758951253554,
        "layer3.0.conv1.0": 0.025070758951253554,
        "layer3.0.conv1.1.0": 0.0017627877387600154,
        "layer3.0.conv1.1.1": 3.2580707233891334e-05,
        "layer3.0.conv1.1.2": 0.0009267401168751313,
        "layer3.0.conv1.2": 0.025021983155628546,
        "layer3.0.conv2.0": 0.025021983155628546,
        "layer3.0.conv2.1.0": 0.000879679095315066,
        "layer3.0.conv2.1.1": 3.2580707233891334e-05,
        "layer3.0.conv2.1.2": 0.0009267401168751313,
        "layer3.0.conv2.2": 0.025021983155628546,
        "layer3.0.downsample.0.0": 0.0023503836516800204,
        "layer3.0.downsample.0.1": 0.00473125217562567,
        "layer3.1.conv1.0": 0.025021983155628546,
        "layer3.1.conv1.1.0": 0.000879679095315066,
        "layer3.1.conv1.1.1": 3.2580707233891334e-05,
        "layer3.1.conv1.1.2": 0.0009267401168751313,
        "layer3.1.conv1.2": 0.025021983155628546,
        "layer3.1.conv2.0": 0.025021983155628546,
        "layer3.1.conv2.1.0": 0.000879679095315066,
        "layer3.1.conv2.1.1": 3.2580707233891334e-05,
        "layer3.1.conv2.1.2": 0.0009267401168751313,
        "layer3.1.conv2.2": 0.025021983155628546,
        "layer4.0.conv1.0": 0.025021983155628546,
        "layer4.0.conv1.1.0": 0.000879679095315066,
        "layer4.0.conv1.1.1": 8.145176808472833e-06,
        "layer4.0.conv1.1.2": 0.00046337005843756566,
        "layer4.0.conv1.2": 0.024997595257816044,
        "layer4.0.conv2.0": 0.024997595257816044,
        "layer4.0.conv2.1.0": 0.0004394108541412976,
        "layer4.0.conv2.1.1": 8.145176808472833e-06,
        "layer4.0.conv2.1.2": 0.00046337005843756566,
        "layer4.0.conv2.2": 0.024997595257816044,
        "layer4.0.downsample.0.0": 0.001172905460420088,
        "layer4.0.downsample.0.1": 0.002365626087812835,
        "layer4.1.conv1.0": 0.024997595257816044,
        "layer4.1.conv1.1.0": 0.0004394108541412976,
        "layer4.1.conv1.1.1": 8.145176808472833e-06,
        "layer4.1.conv1.1.2": 0.00046337005843756566,
        "layer4.1.conv1.2": 0.024997595257816044,
        "layer4.1.conv2.0": 0.024997595257816044,
        "layer4.1.conv2.1.0": 0.0004394108541412976,
        "layer4.1.conv2.1.1": 8.145176808472833e-06,
        "layer4.1.conv2.1.2": 0.00046337005843756566,
        "layer4.1.conv2.2": 0.024997595257816044,
        "fc": 0.0009959221127106004
    },
    "relative_params": {
        "conv1.0": 3.763976113807582e-06,
        "conv1.1.0": 3.763976113807582e-06,
        "conv1.1.1": 4.7049701422594774e-05,
        "conv1.1.2": 8.029815709456175e-05,
        "conv1.2": 0.0013048450527866284,
        "layer1.0.conv1.0": 0.0013048450527866284,
        "layer1.0.conv1.1.0": 0.0001834938355481196,
        "layer1.0.conv1.1.1": 2.8229820853556863e-05,
        "layer1.0.conv1.1.2": 0.00020074539273640435,
        "layer1.0.conv1.2": 0.0013048450527866284,
        "layer1.0.conv2.0": 0.0013048450527866284,
        "layer1.0.conv2.1.0": 0.0001834938355481196,
        "layer1.0.conv2.1.1": 2.8229820853556863e-05,
        "layer1.0.conv2.1.2": 0.00020074539273640435,
        "layer1.0.conv2.2": 0.0013048450527866284,
        "layer1.1.conv1.0": 0.0013048450527866284,
        "layer1.1.conv1.1.0": 0.0001834938355481196,
        "layer1.1.conv1.1.1": 2.8229820853556863e-05,
        "layer1.1.conv1.1.2": 0.00020074539273640435,
        "layer1.1.conv1.2": 0.0013048450527866284,
        "layer1.1.conv2.0": 0.0013048450527866284,
        "layer1.1.conv2.1.0": 0.0001834938355481196,
        "layer1.1.conv2.1.1": 2.8229820853556863e-05,
        "layer1.1.conv2.1.2": 0.00020074539273640435,
        "layer1.1.conv2.2": 0.0013048450527866284,
        "layer2.0.conv1.0": 0.0013048450527866284,
        "layer2.0.conv1.1.0": 0.0001834938355481196,
        "layer2.0.conv1.1.1": 2.8229820853556863e-05,
        "layer2.0.conv1.1.2": 0.0004014907854728087,
        "layer2.0.conv1.2": 0.005179231132599232,
        "layer2.0.conv2.0": 0.005179231132599232,
        "layer2.0.conv2.1.0": 0.00036416468901088355,
        "layer2.0.conv2.1.1": 2.8229820853556863e-05,
        "layer2.0.conv2.1.2": 0.0004014907854728087,
        "layer2.0.conv2.2": 0.005179231132599232,
        "layer2.0.downsample.0.0": 0.0009786337895899713,
        "layer2.0.downsample.0.1": 0.0019673048488167626,
        "layer2.1.conv1.0": 0.005179231132599232,
        "layer2.1.conv1.1.0": 0.00036416468901088355,
        "layer2.1.conv1.1.1": 2.8229820853556863e-05,
        "layer2.1.conv1.1.2": 0.0004014907854728087,
        "layer2.1.conv1.2": 0.005179231132599232,
        "layer2.1.conv2.0": 0.005179231132599232,
        "layer2.1.conv2.1.0": 0.00036416468901088355,
        "layer2.1.conv2.1.1": 2.8229820853556863e-05,
        "layer2.1.conv2.1.2": 0.0004014907854728087,
        "layer2.1.conv2.2": 0.005179231132599232,
        "layer3.0.conv1.0": 0.005179231132599232,
        "layer3.0.conv1.1.0": 0.00036416468901088355,
        "layer3.0.conv1.1.1": 2.8229820853556863e-05,
        "layer3.0.conv1.1.2": 0.0008029815709456174,
        "layer3.0.conv1.2": 0.02063662637330237,
        "layer3.0.conv2.0": 0.02063662637330237,
        "layer3.0.conv2.1.0": 0.0007255063959364114,
        "layer3.0.conv2.1.1": 2.8229820853556863e-05,
        "layer3.0.conv2.1.2": 0.0008029815709456174,
        "layer3.0.conv2.2": 0.02063662637330237,
        "layer3.0.downsample.0.0": 0.0019422116747247122,
        "layer3.0.downsample.0.1": 0.003934609697633525,
        "layer3.1.conv1.0": 0.02063662637330237,