{
    "total_flops": 358306248,
    "total_params": 819482,
    "relative_flops": {
        "conv1.0": 0.033328718286821504,
        "conv1.1": 0.11784082537126174,
        "conv1.2": 0.15460044112878546,
        "layer1.0.conv1.0": 0.03838754159821405,
        "layer1.0.conv1.1": 0.00565397899508579,
        "layer1.0.conv1.2": 0.038650110282196365,
        "layer1.0.conv2.0": 0.03838754159821405,
        "layer1.0.conv2.1": 0.00565397899508579,
        "layer1.0.conv2.2": 0.038650110282196365,
        "layer1.1.conv1.0": 0.03838754159821405,
        "layer1.1.conv1.1": 0.00565397899508579,
        "layer1.1.conv1.2": 0.038650110282196365,
        "layer1.1.conv2.0": 0.03838754159821405,
        "layer1.1.conv2.1": 0.00565397899508579,
        "layer1.1.conv2.2": 0.038650110282196365,
        "layer2.0.conv1.0": 0.03838754159821405,
        "layer2.0.conv1.1": 0.0014134947487714476,
        "layer2.0.conv1.2": 0.019325055141098182,
        "layer2.0.conv2.0": 0.01911937633864537,
        "layer2.0.conv2.1": 0.0014134947487714476,
        "layer2.0.conv2.2": 0.019325055141098182,
        "layer2.0.downsample.0.0": 0.009596885399553513,
        "layer2.0.downsample.0.1": 0.019325055141098182,
        "layer2.1.conv1.0": 0.01911937633864537,
        "layer2.1.conv1.1": 0.0014134947487714476,
        "layer2.1.conv1.2": 0.019325055141098182,
        "layer2.1.conv2.0": 0.01911937633864537,
        "layer2.1.conv2.1": 0.0014134947487714476,
        "layer2.1.conv2.2": 0.019325055141098182,
        "layer3.0.conv1.0": 0.01911937633864537,
        "layer3.0.conv1.1": 0.0003533736871928619,
        "layer3.0.conv1.2": 0.009662527570549091,
        "layer3.0.conv2.0": 0.009541089554207271,
        "layer3.0.conv2.1": 0.0003533736871928619,
        "layer3.0.conv2.2": 0.009662527570549091,
        "layer3.0.downsample.0.0": 0.004779844084661342,
        "layer3.0.downsample.0.1": 0.009662527570549091,
        "layer3.1.conv1.0": 0.009541089554207271,
        "layer3.1.conv1.1": 0.0003533736871928619,
        "layer3.1.conv1.2": 0.009662527570549091,
        "layer3.1.conv2.0": 0.009541089554207271,
        "layer3.1.conv2.1": 0.0003533736871928619,
        "layer3.1.conv2.2": 0.009662527570549091,
        "layer4.0.conv1.0": 0.009541089554207271,
        "layer4.0.conv1.1": 8.834342179821547e-05,
        "layer4.0.conv1.2": 0.004831263785274546,
        "layer4.0.conv2.0": 0.004765895123324782,
        "layer4.0.conv2.1": 8.834342179821547e-05,
        "layer4.0.conv2.2": 0.004831263785274546,
        "layer4.0.downsample.0.0": 0.002385272388551818,
        "layer4.0.downsample.0.1": 0.004831263785274546,
        "layer4.1.conv1.0": 0.004765895123324782,
        "layer4.1.conv1.1": 8.834342179821547e-05,
        "layer4.1.conv1.2": 0.004831263785274546,
        "layer4.1.conv2.0": 0.004765895123324782,
        "layer4.1.conv2.1": 8.834342179821547e-05,
        "layer4.1.conv2.2": 0.004831263785274546,
        "fc": 0.0028593193831216697
    },
    "relative_params": {
        "conv1.0": 0.00016595849573267015,
        "conv1.1": 0.002074481196658377,
        "conv1.2": 0.002733434047361626,
        "layer1.0.conv1.0": 0.00269682555565589,
        "layer1.0.conv1.1": 0.0004148962393316754,
        "layer1.0.conv1.2": 0.002733434047361626,
        "layer1.0.conv2.0": 0.00269682555565589,
        "layer1.0.conv2.1": 0.0004148962393316754,
        "layer1.0.conv2.2": 0.002733434047361626,
        "layer1.1.conv1.0": 0.00269682555565589,
        "layer1.1.conv1.1": 0.0004148962393316754,
        "layer1.1.conv1.2": 0.002733434047361626,
        "layer1.1.conv2.0": 0.00269682555565589,
        "layer1.1.conv2.1": 0.0004148962393316754,
        "layer1.1.conv2.2": 0.002733434047361626,
        "layer2.0.conv1.0": 0.00269682555565589,
        "layer2.0.conv1.1": 0.0004148962393316754,
        "layer2.0.conv1.2": 0.005466868094723252,
        "layer2.0.conv2.0": 0.0053521614873786125,
        "layer2.0.conv2.1": 0.0004148962393316754,
        "layer2.0.conv2.2": 0.005466868094723252,
        "layer2.0.downsample.0.0": 0.00269682555565589,
        "layer2.0.downsample.0.1": 0.005466868094723252,
        "layer2.1.conv1.0": 0.0053521614873786125,
        "layer2.1.conv1.1": 0.0004148962393316754,
        "layer2.1.conv1.2": 0.005466868094723252,
        "layer2.1.conv2.0": 0.0053521614873786125,
        "layer2.1.conv2.1": 0.0004148962393316754,
        "layer2.1.conv2.2": 0.005466868094723252,
        "layer3.0.conv1.0": 0.0053521614873786125,
        "layer3.0.conv1.1": 0.0004148962393316754,
        "layer3.0.conv1.2": 0.010933736189446505,
        "layer3.0.conv2.0": 0.010662833350824057,
        "layer3.0.conv2.1": 0.0004148962393316754,
        "layer3.0.conv2.2": 0.010933736189446505,
        "layer3.0.downsample.0.0": 0.0053521614873786125,
        "layer3.0.downsample.0.1": 0.010933736189446505,
        "layer3.1.conv1.0": 0.010662833350824057,
        "layer3.1.conv1.1": 0.0004148962393316754,
        "layer3.1.conv1.2": 0.010933736189446505,
        "layer3.1.conv2.0": 0.010662833350824057,
        "layer3.1.conv2.1": 0.0004148962393316754,
        "layer3.1.conv2.2": 0.010933736189446505,
        "layer4.0.conv1.0": 0.010662833350824057,
        "layer4.0.conv1.1": 0.0004148962393316754,
        "layer4.0.conv1.2": 0.02186747237889301,
        "layer4.0.conv2.0": 0.021284177077714947,
        "layer4.0.conv2.1": 0.0004148962393316754,
        "layer4.0.conv2.2": 0.02186747237889301,
        "layer4.0.downsample.0.0": 0.010662833350824057,
        "layer4.0.downsample.0.1": 0.02186747237889301,
        "layer4.1.conv1.0": 0.021284177077714947,
        "layer4.1.conv1.1": 0.0004148962393316754,
        "layer4.1.conv1.2": 0.02186747237889301,
        "layer4.1.conv2.0": 0.021284177077714947,
        "layer4.1.conv2.1": 0.0004148962393316754,
        "layer4.1.conv2.2": 0.02186747237889301,
        "fc": 0.6260052081680867
    }
}