{
    "total_flops": 1037152983,
    "total_params": 3209670,
    "relative_flops": {
        "conv1.0": 0.001015950411627944,
        "conv1.1.0": 0.001015950411627944,
        "conv1.1.1": 0.0035921103839702305,
        "conv1.1.2": 0.005418402195349035,
        "conv1.2": 0.09985341188571792,
        "layer1.0.conv1.0": 0.02496335297142948,
        "layer1.0.conv1.1.0": 0.0035104715116072707,
        "layer1.0.conv1.1.1": 0.0005170461916320787,
        "layer1.0.conv1.1.2": 0.003676772918272559,
        "layer1.0.conv1.2": 0.02496335297142948,
        "layer1.0.conv2.0": 0.02496335297142948,
        "layer1.0.conv2.1.0": 0.0035104715116072707,
        "layer1.0.conv2.1.1": 0.0005170461916320787,
        "layer1.0.conv2.1.2": 0.003676772918272559,
        "layer1.0.conv2.2": 0.02496335297142948,
        "layer1.1.conv1.0": 0.02496335297142948,
        "layer1.1.conv1.1.0": 0.0035104715116072707,
        "layer1.1.conv1.1.1": 0.0005170461916320787,
        "layer1.1.conv1.1.2": 0.003676772918272559,
        "layer1.1.conv1.2": 0.02496335297142948,
        "layer1.1.conv2.0": 0.02496335297142948,
        "layer1.1.conv2.1.0": 0.0035104715116072707,
        "layer1.1.conv2.1.1": 0.0005170461916320787,
        "layer1.1.conv2.1.2": 0.003676772918272559,
        "layer1.1.conv2.2": 0.02496335297142948,
        "layer2.0.conv1.0": 0.02496335297142948,
        "layer2.0.conv1.1.0": 0.0035104715116072707,
        "layer2.0.conv1.1.1": 0.00012926154790801966,
        "layer2.0.conv1.1.2": 0.0018383864591362796,
        "layer2.0.conv1.2": 0.024866595789369676,
        "layer2.0.conv2.0": 0.024866595789369676,
        "layer2.0.conv2.1.0": 0.0017484325164400555,
        "layer2.0.conv2.1.1": 0.00012926154790801966,
        "layer2.0.conv2.1.2": 0.0018383864591362796,
        "layer2.0.conv2.2": 0.024866595789369676,
        "layer2.0.downsample.0.0": 0.00624083824285737,
        "layer2.0.downsample.0.1": 0.01248167648571474,
        "layer2.1.conv1.0": 0.024866595789369676,
        "layer2.1.conv1.1.0": 0.0017484325164400555,
        "layer2.1.conv1.1.1": 0.00012926154790801966,
        "layer2.1.conv1.1.2": 0.0018383864591362796,
        "layer2.1.conv1.2": 0.024866595789369676,
        "layer2.1.conv2.0": 0.024866595789369676,
        "layer2.1.conv2.1.0": 0.0017484325164400555,
        "layer2.1.conv2.1.1": 0.00012926154790801966,
        "layer2.1.conv2.1.2": 0.0018383864591362796,
        "layer2.1.conv2.2": 0.024866595789369676,
        "layer3.0.conv1.0": 0.024866595789369676,
        "layer3.0.conv1.1.0": 0.0017484325164400555,
        "layer3.0.conv1.1.1": 3.2315386977004916e-05,
        "layer3.0.conv1.1.2": 0.0009191932295681398,
        "layer3.0.conv1.2": 0.024818217198339775,
        "layer3.0.conv2.0": 0.024818217198339775,
        "layer3.0.conv2.1.0": 0.0008725154483791327,
        "layer3.0.conv2.1.1": 3.2315386977004916e-05,
        "layer3.0.conv2.1.2": 0.0009191932295681398,
        "layer3.0.conv2.2": 0.024818217198339775,
        "layer3.0.downsample.0.0": 0.0031083244736712094,
        "layer3.0.downsample.0.1": 0.00624083824285737,
        "layer3.1.conv1.0": 0.024818217198339775,
        "layer3.1.conv1.1.0": 0.0008725154483791327,
        "layer3.1.conv1.1.1": 3.2315386977004916e-05,
        "layer3.1.conv1.1.2": 0.0009191932295681398,
        "layer3.1.conv1.2": 0.024818217198339775,
        "layer3.1.conv2.0": 0.024818217198339775,
        "layer3.1.conv2.1.0": 0.0008725154483791327,
        "layer3.1.conv2.1.1": 3.2315386977004916e-05,
        "layer3.1.conv2.1.2": 0.0009191932295681398,
        "layer3.1.conv2.2": 0.024818217198339775,
        "layer4.0.conv1.0": 0.024818217198339775,
        "layer4.0.conv1.1.0": 0.0008725154483791327,
        "layer4.0.conv1.1.1": 8.078846744251229e-06,
        "layer4.0.conv1.1.2": 0.0004595966147840699,
        "layer4.0.conv1.2": 0.024794027902824825,
        "layer4.0.conv2.0": 0.024794027902824825,
        "layer4.0.conv2.1.0": 0.0004358325217293426,
        "layer4.0.conv2.1.1": 8.078846744251229e-06,
        "layer4.0.conv2.1.2": 0.0004595966147840699,
        "layer4.0.conv2.2": 0.024794027902824825,
        "layer4.0.downsample.0.0": 0.001551138574896236,
        "layer4.0.downsample.0.1": 0.003120419121428685,
        "layer4.1.conv1.0": 0.024794027902824825,
        "layer4.1.conv1.1.0": 0.0004358325217293426,
        "layer4.1.conv1.1.1": 8.078846744251229e-06,
        "layer4.1.conv1.1.2": 0.0004595966147840699,
        "layer4.1.conv1.2": 0.024794027902824825,
        "layer4.1.conv2.0": 0.024794027902824825,
        "layer4.1.conv2.1.0": 0.0004358325217293426,
        "layer4.1.conv2.1.1": 8.078846744251229e-06,
        "layer4.1.conv2.1.2": 0.0004595966147840699,
        "layer4.1.conv2.2": 0.024794027902824825,
        "fc": 0.000987811843375858
    },
    "relative_params": {
        "conv1.0": 3.738702109562665e-06,
        "conv1.1.0": 3.738702109562665e-06,
        "conv1.1.1": 4.673377636953332e-05,
        "conv1.1.2": 7.975897833733686e-05,
        "conv1.2": 0.001296083397981724,
        "layer1.0.conv1.0": 0.001296083397981724,
        "layer1.0.conv1.1.0": 0.00018226172784117993,
        "layer1.0.conv1.1.1": 2.804026582171999e-05,
        "layer1.0.conv1.1.2": 0.00019939744584334215,
        "layer1.0.conv1.2": 0.001296083397981724,
        "layer1.0.conv2.0": 0.001296083397981724,
        "layer1.0.conv2.1.0": 0.00018226172784117993,
        "layer1.0.conv2.1.1": 2.804026582171999e-05,
        "layer1.0.conv2.1.2": 0.00019939744584334215,
        "layer1.0.conv2.2": 0.001296083397981724,
        "layer1.1.conv1.0": 0.001296083397981724,
        "layer1.1.conv1.1.0": 0.00018226172784117993,
        "layer1.1.conv1.1.1": 2.804026582171999e-05,
        "layer1.1.conv1.1.2": 0.00019939744584334215,
        "layer1.1.conv1.2": 0.001296083397981724,
        "layer1.1.conv2.0": 0.001296083397981724,
        "layer1.1.conv2.1.0": 0.00018226172784117993,
        "layer1.1.conv2.1.1": 2.804026582171999e-05,
        "layer1.1.conv2.1.2": 0.00019939744584334215,
        "layer1.1.conv2.2": 0.001296083397981724,
        "layer2.0.conv1.0": 0.001296083397981724,
        "layer2.0.conv1.1.0": 0.00018226172784117993,
        "layer2.0.conv1.1.1": 2.804026582171999e-05,
        "layer2.0.conv1.1.2": 0.0003987948916866843,
        "layer2.0.conv1.2": 0.005144454102758228,
        "layer2.0.conv2.0": 0.005144454102758228,
        "layer2.0.conv2.1.0": 0.0003617194291001879,
        "layer2.0.conv2.1.1": 2.804026582171999e-05,
        "layer2.0.conv2.1.2": 0.0003987948916866843,
        "layer2.0.conv2.2": 0.005144454102758228,
        "layer2.0.downsample.0.0": 0.001296083397981724,
        "layer2.0.downsample.0.1": 0.002592166795963448,
        "layer2.1.conv1.0": 0.005144454102758228,
        "layer2.1.conv1.1.0": 0.0003617194291001879,
        "layer2.1.conv1.1.1": 2.804026582171999e-05,
        "layer2.1.conv1.1.2": 0.0003987948916866843,
        "layer2.1.conv1.2": 0.005144454102758228,
        "layer2.1.conv2.0": 0.005144454102758228,
        "layer2.1.conv2.1.0": 0.0003617194291001879,
        "layer2.1.conv2.1.1": 2.804026582171999e-05,
        "layer2.1.conv2.1.2": 0.0003987948916866843,
        "layer2.1.conv2.2": 0.005144454102758228,
        "layer3.0.conv1.0": 0.005144454102758228,
        "layer3.0.conv1.1.0": 0.0003617194291001879,
        "layer3.0.conv1.1.1": 2.804026582171999e-05,
        "layer3.0.conv1.1.2": 0.0007975897833733686,
        "layer3.0.conv1.2": 0.020498057432695574,
        "layer3.0.conv2.0": 0.020498057432695574,
        "layer3.0.conv2.1.0": 0.0007206348316182037,
        "layer3.0.conv2.1.1": 2.804026582171999e-05,
        "layer3.0.conv2.1.2": 0.0007975897833733686,
        "layer3.0.conv2.2": 0.020498057432695574,
        "layer3.0.downsample.0.0": 0.002572227051379114,
        "layer3.0.downsample.0.1": 0.005184333591926896,
        "layer3.1.conv1.0": 0.020498057432695574,
        "layer3.1.conv1.1.0": 0.0007206348316182037,