{
    "total_flops": 1022372427,
    "total_params": 3171954,
    "relative_flops": {
        "conv1.0": 0.0010306381238116078,
        "conv1.1.0": 0.0010306381238116078,
        "conv1.1.1": 0.0036440419377624707,
        "conv1.1.2": 0.005496736660328575,
        "conv1.2": 0.10129700416891231,
        "layer1.0.conv1.0": 0.025324251042228078,
        "layer1.0.conv1.1.0": 0.0035612228028133234,
        "layer1.0.conv1.1.1": 0.0005245211880112647,
        "layer1.0.conv1.1.2": 0.0037299284480801047,
        "layer1.0.conv1.2": 0.025324251042228078,
        "layer1.0.conv2.0": 0.025324251042228078,
        "layer1.0.conv2.1.0": 0.0035612228028133234,
        "layer1.0.conv2.1.1": 0.0005245211880112647,
        "layer1.0.conv2.1.2": 0.0037299284480801047,
        "layer1.0.conv2.2": 0.025324251042228078,
        "layer1.1.conv1.0": 0.025324251042228078,
        "layer1.1.conv1.1.0": 0.0035612228028133234,
        "layer1.1.conv1.1.1": 0.0005245211880112647,
        "layer1.1.conv1.1.2": 0.0037299284480801047,
        "layer1.1.conv1.2": 0.025324251042228078,
        "layer1.1.conv2.0": 0.025324251042228078,
        "layer1.1.conv2.1.0": 0.0035612228028133234,
        "layer1.1.conv2.1.1": 0.0005245211880112647,
        "layer1.1.conv2.1.2": 0.0037299284480801047,
        "layer1.1.conv2.2": 0.025324251042228078,
        "layer2.0.conv1.0": 0.025324251042228078,
        "layer2.0.conv1.1.0": 0.0035612228028133234,
        "layer2.0.conv1.1.1": 0.00013113029700281617,
        "layer2.0.conv1.1.2": 0.0018649642240400523,
        "layer2.0.conv1.2": 0.025226095030436498,
        "layer2.0.conv2.0": 0.025226095030436498,
        "layer2.0.conv2.1.0": 0.0017737098068275662,
        "layer2.0.conv2.1.1": 0.00013113029700281617,
        "layer2.0.conv2.1.2": 0.0018649642240400523,
        "layer2.0.conv2.2": 0.025226095030436498,
        "layer2.0.downsample.0.0": 0.0035612228028133234,
        "layer2.0.downsample.0.1": 0.007165388860785464,
        "layer2.1.conv1.0": 0.025226095030436498,
        "layer2.1.conv1.1.0": 0.0017737098068275662,
        "layer2.1.conv1.1.1": 0.00013113029700281617,
        "layer2.1.conv1.1.2": 0.0018649642240400523,
        "layer2.1.conv1.2": 0.025226095030436498,
        "layer2.1.conv2.0": 0.025226095030436498,
        "layer2.1.conv2.1.0": 0.0017737098068275662,
        "layer2.1.conv2.1.1": 0.00013113029700281617,
        "layer2.1.conv2.1.2": 0.0018649642240400523,
        "layer2.1.conv2.2": 0.025226095030436498,
        "layer3.0.conv1.0": 0.025226095030436498,
        "layer3.0.conv1.1.0": 0.0017737098068275662,
        "layer3.0.conv1.1.1": 3.278257425070404e-05,
        "layer3.0.conv1.1.2": 0.0009324821120200262,
        "layer3.0.conv1.2": 0.025177017024540706,
        "layer3.0.conv2.0": 0.025177017024540706,
        "layer3.0.conv2.1.0": 0.0008851295047690092,
        "layer3.0.conv2.1.1": 3.278257425070404e-05,
        "layer3.0.conv2.1.2": 0.0009324821120200262,
        "layer3.0.conv2.2": 0.025177017024540706,
        "layer3.0.downsample.0.0": 0.0017737098068275662,
        "layer3.0.downsample.0.1": 0.003582694430392732,
        "layer3.1.conv1.0": 0.025177017024540706,
        "layer3.1.conv1.1.0": 0.0008851295047690092,
        "layer3.1.conv1.1.1": 3.278257425070404e-05,
        "layer3.1.conv1.1.2": 0.0009324821120200262,
        "layer3.1.conv1.2": 0.025177017024540706,
        "layer3.1.conv2.0": 0.025177017024540706,
        "layer3.1.conv2.1.0": 0.0008851295047690092,
        "layer3.1.conv2.1.1": 3.278257425070404e-05,
        "layer3.1.conv2.1.2": 0.0009324821120200262,
        "layer3.1.conv2.2": 0.025177017024540706,
        "layer4.0.conv1.0": 0.025177017024540706,
        "layer4.0.conv1.1.0": 0.0008851295047690092,
        "layer4.0.conv1.1.1": 8.19564356267601e-06,
        "layer4.0.conv1.1.2": 0.0004662410560100131,
        "layer4.0.conv1.2": 0.02515247802159281,
        "layer4.0.conv2.0": 0.02515247802159281,
        "layer4.0.conv2.1.0": 0.0004421334027233111,
        "layer4.0.conv2.1.1": 8.19564356267601e-06,
        "layer4.0.conv2.1.2": 0.0004662410560100131,
        "layer4.0.conv2.2": 0.02515247802159281,
        "layer4.0.downsample.0.0": 0.0008851295047690092,
        "layer4.0.downsample.0.1": 0.001791347215196366,
        "layer4.1.conv1.0": 0.02515247802159281,
        "layer4.1.conv1.1.0": 0.0004421334027233111,
        "layer4.1.conv1.1.1": 8.19564356267601e-06,
        "layer4.1.conv1.1.2": 0.0004662410560100131,
        "layer4.1.conv1.2": 0.02515247802159281,
        "layer4.1.conv2.0": 0.02515247802159281,
        "layer4.1.conv2.1.0": 0.0004421334027233111,
        "layer4.1.conv2.1.1": 8.19564356267601e-06,
        "layer4.1.conv2.1.2": 0.0004662410560100131,
        "layer4.1.conv2.2": 0.02515247802159281,
        "fc": 0.0010020927530354847
    },
    "relative_params": {
        "conv1.0": 3.7831570066905133e-06,
        "conv1.1.0": 3.7831570066905133e-06,
        "conv1.1.1": 4.7289462583631414e-05,
        "conv1.1.2": 8.070734947606428e-05,
        "conv1.2": 0.0013114944289860445,
        "layer1.0.conv1.0": 0.0013114944289860445,
        "layer1.0.conv1.1.0": 0.00018442890407616253,
        "layer1.0.conv1.1.1": 2.837367755017885e-05,
        "layer1.0.conv1.1.2": 0.0002017683736901607,
        "layer1.0.conv1.2": 0.0013114944289860445,
        "layer1.0.conv2.0": 0.0013114944289860445,
        "layer1.0.conv2.1.0": 0.00018442890407616253,
        "layer1.0.conv2.1.1": 2.837367755017885e-05,
        "layer1.0.conv2.1.2": 0.0002017683736901607,
        "layer1.0.conv2.2": 0.0013114944289860445,
        "layer1.1.conv1.0": 0.0013114944289860445,
        "layer1.1.conv1.1.0": 0.00018442890407616253,
        "layer1.1.conv1.1.1": 2.837367755017885e-05,
        "layer1.1.conv1.1.2": 0.0002017683736901607,
        "layer1.1.conv1.2": 0.0013114944289860445,
        "layer1.1.conv2.0": 0.0013114944289860445,
        "layer1.1.conv2.1.0": 0.00018442890407616253,
        "layer1.1.conv2.1.1": 2.837367755017885e-05,
        "layer1.1.conv2.1.2": 0.0002017683736901607,
        "layer1.1.conv2.2": 0.0013114944289860445,
        "layer2.0.conv1.0": 0.0013114944289860445,
        "layer2.0.conv1.1.0": 0.00018442890407616253,
        "layer2.0.conv1.1.1": 2.837367755017885e-05,
        "layer2.0.conv1.1.2": 0.0004035367473803214,
        "layer2.0.conv1.2": 0.005205624041206146,
        "layer2.0.conv2.0": 0.005205624041206146,
        "layer2.0.conv2.1.0": 0.00036602044039730716,
        "layer2.0.conv2.1.1": 2.837367755017885e-05,
        "layer2.0.conv2.1.2": 0.0004035367473803214,
        "layer2.0.conv2.2": 0.005205624041206146,
        "layer2.0.downsample.0.0": 0.0007377156163046501,
        "layer2.0.downsample.0.1": 0.0014930859653071891,
        "layer2.1.conv1.0": 0.005205624041206146,
        "layer2.1.conv1.1.0": 0.00036602044039730716,
        "layer2.1.conv1.1.1": 2.837367755017885e-05,
        "layer2.1.conv1.1.2": 0.0004035367473803214,
        "layer2.1.conv1.2": 0.005205624041206146,
        "layer2.1.conv2.0": 0.005205624041206146,
        "layer2.1.conv2.1.0": 0.00036602044039730716,
        "layer2.1.conv2.1.1": 2.837367755017885e-05,
        "layer2.1.conv2.1.2": 0.0004035367473803214,
        "layer2.1.conv2.2": 0.005205624041206146,
        "layer3.0.conv1.0": 0.005205624041206146,
        "layer3.0.conv1.1.0": 0.00036602044039730716,
        "layer3.0.conv1.1.1": 2.837367755017885e-05,
        "layer3.0.conv1.1.2": 0.0008070734947606428,
        "layer3.0.conv1.2": 0.02074178881534852,
        "layer3.0.conv2.0": 0.02074178881534852,
        "layer3.0.conv2.1.0": 0.0007292035130395964,
        "layer3.0.conv2.1.1": 2.837367755017885e-05,
        "layer3.0.conv2.1.2": 0.0008070734947606428,
        "layer3.0.conv2.2": 0.02074178881534852,
        "layer3.0.downsample.0.0": 0.0014640817615892286,
        "layer3.0.downsample.0.1": 0.0029861719306143782,
        "layer3.1.conv1.0": 0.02074178881534852,