{
    "total_flops": 1032402090,
    "total_params": 3197547,
    "relative_flops": {
        "conv1.0": 0.0010206255975324498,
        "conv1.1.0": 0.0010206255975324498,
        "conv1.1.1": 0.0036086405055611617,
        "conv1.1.2": 0.005443336520173065,
        "conv1.2": 0.10031291587176078,
        "layer1.0.conv1.0": 0.025078228967940194,
        "layer1.0.conv1.1.0": 0.00352662594861659,
        "layer1.0.conv1.1.1": 0.0005194255273156217,
        "layer1.0.conv1.1.2": 0.003693692638688866,
        "layer1.0.conv1.2": 0.025078228967940194,
        "layer1.0.conv2.0": 0.025078228967940194,
        "layer1.0.conv2.1.0": 0.00352662594861659,
        "layer1.0.conv2.1.1": 0.0005194255273156217,
        "layer1.0.conv2.1.2": 0.003693692638688866,
        "layer1.0.conv2.2": 0.025078228967940194,
        "layer1.1.conv1.0": 0.025078228967940194,
        "layer1.1.conv1.1.0": 0.00352662594861659,
        "layer1.1.conv1.1.1": 0.0005194255273156217,
        "layer1.1.conv1.1.2": 0.003693692638688866,
        "layer1.1.conv1.2": 0.025078228967940194,
        "layer1.1.conv2.0": 0.025078228967940194,
        "layer1.1.conv2.1.0": 0.00352662594861659,
        "layer1.1.conv2.1.1": 0.0005194255273156217,
        "layer1.1.conv2.1.2": 0.003693692638688866,
        "layer1.1.conv2.2": 0.025078228967940194,
        "layer2.0.conv1.0": 0.025078228967940194,
        "layer2.0.conv1.1.0": 0.00352662594861659,
        "layer2.0.conv1.1.1": 0.00012985638182890543,
        "layer2.0.conv1.1.2": 0.001846846319344433,
        "layer2.0.conv1.2": 0.024981026530079962,
        "layer2.0.conv2.0": 0.024981026530079962,
        "layer2.0.conv2.1.0": 0.0017564784278962472,
        "layer2.0.conv2.1.1": 0.00012985638182890543,
        "layer2.0.conv2.1.2": 0.001846846319344433,
        "layer2.0.conv2.2": 0.024981026530079962,
        "layer2.0.downsample.0.0": 0.005387900754830901,
        "layer2.0.downsample.0.1": 0.010789470602485897,
        "layer2.1.conv1.0": 0.024981026530079962,
        "layer2.1.conv1.1.0": 0.0017564784278962472,
        "layer2.1.conv1.1.1": 0.00012985638182890543,
        "layer2.1.conv1.1.2": 0.001846846319344433,
        "layer2.1.conv1.2": 0.024981026530079962,
        "layer2.1.conv2.0": 0.024981026530079962,
        "layer2.1.conv2.1.0": 0.0017564784278962472,
        "layer2.1.conv2.1.1": 0.00012985638182890543,
        "layer2.1.conv2.1.2": 0.001846846319344433,
        "layer2.1.conv2.2": 0.024981026530079962,
        "layer3.0.conv1.0": 0.024981026530079962,
        "layer3.0.conv1.1.0": 0.0017564784278962472,
        "layer3.0.conv1.1.1": 3.246409545722636e-05,
        "layer3.0.conv1.1.2": 0.0009234231596722165,
        "layer3.0.conv1.2": 0.024932425311149843,
        "layer3.0.conv2.0": 0.024932425311149843,
        "layer3.0.conv2.1.0": 0.0008765305773451118,
        "layer3.0.conv2.1.1": 3.246409545722636e-05,
        "layer3.0.conv2.1.2": 0.0009234231596722165,
        "layer3.0.conv2.2": 0.024932425311149843,
        "layer3.0.downsample.0.0": 0.002683508709285933,
        "layer3.0.downsample.0.1": 0.0053947353012429484,
        "layer3.1.conv1.0": 0.024932425311149843,
        "layer3.1.conv1.1.0": 0.0008765305773451118,
        "layer3.1.conv1.1.1": 3.246409545722636e-05,
        "layer3.1.conv1.1.2": 0.0009234231596722165,
        "layer3.1.conv1.2": 0.024932425311149843,
        "layer3.1.conv2.0": 0.024932425311149843,
        "layer3.1.conv2.1.0": 0.0008765305773451118,
        "layer3.1.conv2.1.1": 3.246409545722636e-05,
        "layer3.1.conv2.1.2": 0.0009234231596722165,
        "layer3.1.conv2.2": 0.024932425311149843,
        "layer4.0.conv1.0": 0.024932425311149843,
        "layer4.0.conv1.1.0": 0.0008765305773451118,
        "layer4.0.conv1.1.1": 8.11602386430659e-06,
        "layer4.0.conv1.1.2": 0.00046171157983610823,
        "layer4.0.conv1.2": 0.024908124701684787,
        "layer4.0.conv2.0": 0.024908124701684787,
        "layer4.0.conv2.1.0": 0.00043783812952180286,
        "layer4.0.conv2.1.1": 8.11602386430659e-06,
        "layer4.0.conv2.1.2": 0.00046171157983610823,
        "layer4.0.conv2.2": 0.024908124701684787,
        "layer4.0.downsample.0.0": 0.0013391439376105874,
        "layer4.0.downsample.0.1": 0.0026973676506214742,
        "layer4.1.conv1.0": 0.024908124701684787,
        "layer4.1.conv1.1.0": 0.00043783812952180286,
        "layer4.1.conv1.1.1": 8.11602386430659e-06,
        "layer4.1.conv1.1.2": 0.00046171157983610823,
        "layer4.1.conv1.2": 0.024908124701684787,
        "layer4.1.conv2.0": 0.024908124701684787,
        "layer4.1.conv2.1.0": 0.00043783812952180286,
        "layer4.1.conv2.1.1": 8.11602386430659e-06,
        "layer4.1.conv2.1.2": 0.00046171157983610823,
        "layer4.1.conv2.2": 0.024908124701684787,
        "fc": 0.0009923575416241166
    },
    "relative_params": {
        "conv1.0": 3.7528768146332173e-06,
        "conv1.1.0": 3.7528768146332173e-06,
        "conv1.1.1": 4.6910960182915216e-05,
        "conv1.1.2": 8.006137204550864e-05,
        "conv1.2": 0.0013009972957395153,
        "layer1.0.conv1.0": 0.0013009972957395153,
        "layer1.0.conv1.1.0": 0.00018295274471336935,
        "layer1.0.conv1.1.1": 2.814657610974913e-05,
        "layer1.0.conv1.1.2": 0.0002001534301137716,
        "layer1.0.conv1.2": 0.0013009972957395153,
        "layer1.0.conv2.0": 0.0013009972957395153,
        "layer1.0.conv2.1.0": 0.00018295274471336935,
        "layer1.0.conv2.1.1": 2.814657610974913e-05,
        "layer1.0.conv2.1.2": 0.0002001534301137716,
        "layer1.0.conv2.2": 0.0013009972957395153,
        "layer1.1.conv1.0": 0.0013009972957395153,
        "layer1.1.conv1.1.0": 0.00018295274471336935,
        "layer1.1.conv1.1.1": 2.814657610974913e-05,
        "layer1.1.conv1.1.2": 0.0002001534301137716,
        "layer1.1.conv1.2": 0.0013009972957395153,
        "layer1.1.conv2.0": 0.0013009972957395153,
        "layer1.1.conv2.1.0": 0.00018295274471336935,
        "layer1.1.conv2.1.1": 2.814657610974913e-05,
        "layer1.1.conv2.1.2": 0.0002001534301137716,
        "layer1.1.conv2.2": 0.0013009972957395153,
        "layer2.0.conv1.0": 0.0013009972957395153,
        "layer2.0.conv1.1.0": 0.00018295274471336935,
        "layer2.0.conv1.1.1": 2.814657610974913e-05,
        "layer2.0.conv1.1.2": 0.0004003068602275432,
        "layer2.0.conv1.2": 0.005163958496935307,
        "layer2.0.conv2.0": 0.005163958496935307,
        "layer2.0.conv2.1.0": 0.0003630908318157638,
        "layer2.0.conv2.1.1": 2.814657610974913e-05,
        "layer2.0.conv2.1.2": 0.0004003068602275432,
        "layer2.0.conv2.2": 0.005163958496935307,
        "layer2.0.downsample.0.0": 0.001118044551026146,
        "layer2.0.downsample.0.1": 0.002241718417274242,
        "layer2.1.conv1.0": 0.005163958496935307,
        "layer2.1.conv1.1.0": 0.0003630908318157638,
        "layer2.1.conv1.1.1": 2.814657610974913e-05,
        "layer2.1.conv1.1.2": 0.0004003068602275432,
        "layer2.1.conv1.2": 0.005163958496935307,
        "layer2.1.conv2.0": 0.005163958496935307,
        "layer2.1.conv2.1.0": 0.0003630908318157638,
        "layer2.1.conv2.1.1": 2.814657610974913e-05,
        "layer2.1.conv2.1.2": 0.0004003068602275432,
        "layer2.1.conv2.2": 0.005163958496935307,
        "layer3.0.conv1.0": 0.005163958496935307,
        "layer3.0.conv1.1.0": 0.0003630908318157638,
        "layer3.0.conv1.1.1": 2.814657610974913e-05,
        "layer3.0.conv1.1.2": 0.0008006137204550864,
        "layer3.0.conv1.2": 0.02057577261569572,
        "layer3.0.conv2.0": 0.02057577261569572,
        "layer3.0.conv2.1.0": 0.0007233670060205526,
        "layer3.0.conv2.1.1": 2.814657610974913e-05,
        "layer3.0.conv2.1.2": 0.0008006137204550864,
        "layer3.0.conv2.2": 0.02057577261569572,
        "layer3.0.downsample.0.0": 0.0022188884166518897,
        "layer3.0.downsample.0.1": 0.004483436834548484,
        "layer3.1.conv1.0": 0.02057577261569572,
        "layer3.1.conv1.1.0": 0.0007233670060205526,