{
    "total_flops": 1014454272,
    "total_params": 3151749,
    "relative_flops": {
        "conv1.0": 0.0010386825991896458,
        "conv1.1.0": 0.0010386825991896458,
        "conv1.1.1": 0.0036724849042776763,
        "conv1.1.2": 0.005539640529011445,
        "conv1.2": 0.10208766117749662,
        "layer1.0.conv1.0": 0.025521915294374156,
        "layer1.0.conv1.1.0": 0.0035890193382713655,
        "layer1.0.conv1.1.1": 0.0005286152513733019,
        "layer1.0.conv1.1.2": 0.0037590417875434804,
        "layer1.0.conv1.2": 0.025521915294374156,
        "layer1.0.conv2.0": 0.025521915294374156,
        "layer1.0.conv2.1.0": 0.0035890193382713655,
        "layer1.0.conv2.1.1": 0.0005286152513733019,
        "layer1.0.conv2.1.2": 0.0037590417875434804,
        "layer1.0.conv2.2": 0.025521915294374156,
        "layer1.1.conv1.0": 0.025521915294374156,
        "layer1.1.conv1.1.0": 0.0035890193382713655,
        "layer1.1.conv1.1.1": 0.0005286152513733019,
        "layer1.1.conv1.1.2": 0.0037590417875434804,
        "layer1.1.conv1.2": 0.025521915294374156,
        "layer1.1.conv2.0": 0.025521915294374156,
        "layer1.1.conv2.1.0": 0.0035890193382713655,
        "layer1.1.conv2.1.1": 0.0005286152513733019,
        "layer1.1.conv2.1.2": 0.0037590417875434804,
        "layer1.1.conv2.2": 0.025521915294374156,
        "layer2.0.conv1.0": 0.025521915294374156,
        "layer2.0.conv1.1.0": 0.0035890193382713655,
        "layer2.0.conv1.1.1": 0.00013215381284332548,
        "layer2.0.conv1.1.2": 0.0018795208937717402,
        "layer2.0.conv1.2": 0.02542299314207038,
        "layer2.0.conv2.0": 0.02542299314207038,
        "layer2.0.conv2.1.0": 0.0017875542053018235,
        "layer2.0.conv2.1.1": 0.00013215381284332548,
        "layer2.0.conv2.1.2": 0.0018795208937717402,
        "layer2.0.conv2.2": 0.02542299314207038,
        "layer2.0.downsample.0.0": 0.00209359461399163,
        "layer2.0.downsample.0.1": 0.004253652549062359,
        "layer2.1.conv1.0": 0.02542299314207038,
        "layer2.1.conv1.1.0": 0.0017875542053018235,
        "layer2.1.conv1.1.1": 0.00013215381284332548,
        "layer2.1.conv1.1.2": 0.0018795208937717402,
        "layer2.1.conv1.2": 0.02542299314207038,
        "layer2.1.conv2.0": 0.02542299314207038,
        "layer2.1.conv2.1.0": 0.0017875542053018235,
        "layer2.1.conv2.1.1": 0.00013215381284332548,
        "layer2.1.conv2.1.2": 0.0018795208937717402,
        "layer2.1.conv2.2": 0.02542299314207038,
        "layer3.0.conv1.0": 0.02542299314207038,
        "layer3.0.conv1.1.0": 0.0017875542053018235,
        "layer3.0.conv1.1.1": 3.303845321083137e-05,
        "layer3.0.conv1.1.2": 0.0009397604468858701,
        "layer3.0.conv1.2": 0.025373532065918494,
        "layer3.0.conv2.0": 0.025373532065918494,
        "layer3.0.conv2.1.0": 0.000892038236692447,
        "layer3.0.conv2.1.1": 3.303845321083137e-05,
        "layer3.0.conv2.1.2": 0.0009397604468858701,
        "layer3.0.conv2.2": 0.025373532065918494,
        "layer3.0.downsample.0.0": 0.0010427399530927304,
        "layer3.0.downsample.0.1": 0.0021268262745311795,
        "layer3.1.conv1.0": 0.025373532065918494,
        "layer3.1.conv1.1.0": 0.000892038236692447,
        "layer3.1.conv1.1.1": 3.303845321083137e-05,
        "layer3.1.conv1.1.2": 0.0009397604468858701,
        "layer3.1.conv1.2": 0.025373532065918494,
        "layer3.1.conv2.0": 0.025373532065918494,
        "layer3.1.conv2.1.0": 0.000892038236692447,
        "layer3.1.conv2.1.1": 3.303845321083137e-05,
        "layer3.1.conv2.1.2": 0.0009397604468858701,
        "layer3.1.conv2.2": 0.025373532065918494,
        "layer4.0.conv1.0": 0.025373532065918494,
        "layer4.0.conv1.1.0": 0.000892038236692447,
        "layer4.0.conv1.1.1": 8.259613302707842e-06,
        "layer4.0.conv1.1.2": 0.00046988022344293505,
        "layer4.0.conv1.2": 0.025348801527842548,
        "layer4.0.conv2.0": 0.025348801527842548,
        "layer4.0.conv2.1.0": 0.0004455844018566073,
        "layer4.0.conv2.1.1": 8.259613302707842e-06,
        "layer4.0.conv2.1.2": 0.00046988022344293505,
        "layer4.0.conv2.2": 0.025348801527842548,
        "layer4.0.downsample.0.0": 0.0005203556380705941,
        "layer4.0.downsample.0.1": 0.0010634131372655898,
        "layer4.1.conv1.0": 0.025348801527842548,
        "layer4.1.conv1.1.0": 0.0004455844018566073,
        "layer4.1.conv1.1.1": 8.259613302707842e-06,
        "layer4.1.conv1.1.2": 0.00046988022344293505,
        "layer4.1.conv1.2": 0.025348801527842548,
        "layer4.1.conv2.0": 0.025348801527842548,
        "layer4.1.conv2.1.0": 0.0004455844018566073,
        "layer4.1.conv2.1.1": 8.259613302707842e-06,
        "layer4.1.conv2.1.2": 0.00046988022344293505,
        "layer4.1.conv2.2": 0.025348801527842548,
        "fc": 0.00100991442224416
    },
    "relative_params": {
        "conv1.0": 3.807409790563906e-06,
        "conv1.1.0": 3.807409790563906e-06,
        "conv1.1.1": 4.7592622382048826e-05,
        "conv1.1.2": 8.122474219869666e-05,
        "conv1.2": 0.0013199020607288208,
        "layer1.0.conv1.0": 0.0013199020607288208,
        "layer1.0.conv1.1.0": 0.00018561122728999043,
        "layer1.0.conv1.1.1": 2.8555573429229295e-05,
        "layer1.0.conv1.1.2": 0.00020306185549674166,
        "layer1.0.conv1.2": 0.0013199020607288208,
        "layer1.0.conv2.0": 0.0013199020607288208,
        "layer1.0.conv2.1.0": 0.00018561122728999043,
        "layer1.0.conv2.1.1": 2.8555573429229295e-05,
        "layer1.0.conv2.1.2": 0.00020306185549674166,
        "layer1.0.conv2.2": 0.0013199020607288208,
        "layer1.1.conv1.0": 0.0013199020607288208,
        "layer1.1.conv1.1.0": 0.00018561122728999043,
        "layer1.1.conv1.1.1": 2.8555573429229295e-05,
        "layer1.1.conv1.1.2": 0.00020306185549674166,
        "layer1.1.conv1.2": 0.0013199020607288208,
        "layer1.1.conv2.0": 0.0013199020607288208,
        "layer1.1.conv2.1.0": 0.00018561122728999043,
        "layer1.1.conv2.1.1": 2.8555573429229295e-05,
        "layer1.1.conv2.1.2": 0.00020306185549674166,
        "layer1.1.conv2.2": 0.0013199020607288208,
        "layer2.0.conv1.0": 0.0013199020607288208,
        "layer2.0.conv1.1.0": 0.00018561122728999043,
        "layer2.0.conv1.1.1": 2.8555573429229295e-05,
        "layer2.0.conv1.1.2": 0.0004061237109934833,
        "layer2.0.conv1.2": 0.005238995871815934,
        "layer2.0.conv2.0": 0.005238995871815934,
        "layer2.0.conv2.1.0": 0.0003683668972370579,
        "layer2.0.conv2.1.1": 2.8555573429229295e-05,
        "layer2.0.conv2.1.2": 0.0004061237109934833,
        "layer2.0.conv2.2": 0.005238995871815934,
        "layer2.0.downsample.0.0": 0.0004330928636766443,
        "layer2.0.downsample.0.1": 0.0008934721641856633,
        "layer2.1.conv1.0": 0.005238995871815934,
        "layer2.1.conv1.1.0": 0.0003683668972370579,
        "layer2.1.conv1.1.1": 2.8555573429229295e-05,
        "layer2.1.conv1.1.2": 0.0004061237109934833,
        "layer2.1.conv1.2": 0.005238995871815934,
        "layer2.1.conv2.0": 0.005238995871815934,
        "layer2.1.conv2.1.0": 0.0003683668972370579,
        "layer2.1.conv2.1.1": 2.8555573429229295e-05,
        "layer2.1.conv2.1.2": 0.0004061237109934833,
        "layer2.1.conv2.2": 0.005238995871815934,
        "layer3.0.conv1.0": 0.005238995871815934,
        "layer3.0.conv1.1.0": 0.0003683668972370579,
        "layer3.0.conv1.1.1": 2.8555573429229295e-05,
        "layer3.0.conv1.1.2": 0.0008122474219869666,
        "layer3.0.conv1.2": 0.02087475874506504,
        "layer3.0.conv2.0": 0.02087475874506504,
        "layer3.0.conv2.1.0": 0.0007338782371311929,
        "layer3.0.conv2.1.1": 2.8555573429229295e-05,
        "layer3.0.conv2.1.2": 0.0008122474219869666,
        "layer3.0.conv2.2": 0.02087475874506504,
        "layer3.0.downsample.0.0": 0.0008595227602198018,
        "layer3.0.downsample.0.1": 0.0017869443283713266,
        "layer3.1.conv1.0": 0.02087475874506504,