{
    "total_flops": 1006008240,
    "total_params": 3130197,
    "relative_flops": {
        "conv1.0": 0.0010474029516895408,
        "conv1.1.0": 0.0010474029516895408,
        "conv1.1.1": 0.0037033175791880194,
        "conv1.1.2": 0.005586149075677551,
        "conv1.2": 0.10294474725177201,
        "layer1.0.conv1.0": 0.025736186812943002,
        "layer1.0.conv1.1.0": 0.00361915127057011,
        "layer1.0.conv1.1.1": 0.0005330532879134271,
        "layer1.0.conv1.1.2": 0.0037906011584954813,
        "layer1.0.conv1.2": 0.025736186812943002,
        "layer1.0.conv2.0": 0.025736186812943002,
        "layer1.0.conv2.1.0": 0.00361915127057011,
        "layer1.0.conv2.1.1": 0.0005330532879134271,
        "layer1.0.conv2.1.2": 0.0037906011584954813,
        "layer1.0.conv2.2": 0.025736186812943002,
        "layer1.1.conv1.0": 0.025736186812943002,
        "layer1.1.conv1.1.0": 0.00361915127057011,
        "layer1.1.conv1.1.1": 0.0005330532879134271,
        "layer1.1.conv1.1.2": 0.0037906011584954813,
        "layer1.1.conv1.2": 0.025736186812943002,
        "layer1.1.conv2.0": 0.025736186812943002,
        "layer1.1.conv2.1.0": 0.00361915127057011,
        "layer1.1.conv2.1.1": 0.0005330532879134271,
        "layer1.1.conv2.1.2": 0.0037906011584954813,
        "layer1.1.conv2.2": 0.025736186812943002,
        "layer2.0.conv1.0": 0.025736186812943002,
        "layer2.0.conv1.1.0": 0.00361915127057011,
        "layer2.0.conv1.1.1": 0.00013326332197835677,
        "layer2.0.conv1.1.2": 0.0018953005792477406,
        "layer2.0.conv1.2": 0.02563643415087733,
        "layer2.0.conv2.0": 0.02563643415087733,
        "layer2.0.conv2.1.0": 0.0018025617762335625,
        "layer2.0.conv2.1.1": 0.00013326332197835677,
        "layer2.0.conv2.1.2": 0.0018953005792477406,
        "layer2.0.conv2.2": 0.02563643415087733,
        "layer2.0.downsample.0.0": 0.000502659898690293,
        "layer2.0.downsample.0.1": 0.0010972792827223762,
        "layer2.1.conv1.0": 0.02563643415087733,
        "layer2.1.conv1.1.0": 0.0018025617762335625,
        "layer2.1.conv1.1.1": 0.00013326332197835677,
        "layer2.1.conv1.1.2": 0.0018953005792477406,
        "layer2.1.conv1.2": 0.02563643415087733,
        "layer2.1.conv2.0": 0.02563643415087733,
        "layer2.1.conv2.1.0": 0.0018025617762335625,
        "layer2.1.conv2.1.1": 0.00013326332197835677,
        "layer2.1.conv2.1.2": 0.0018953005792477406,
        "layer2.1.conv2.2": 0.02563643415087733,
        "layer3.0.conv1.0": 0.02563643415087733,
        "layer3.0.conv1.1.0": 0.0018025617762335625,
        "layer3.0.conv1.1.1": 3.331583049458919e-05,
        "layer3.0.conv1.1.2": 0.0009476502896238703,
        "layer3.0.conv1.2": 0.025586557819844497,
        "layer3.0.conv2.0": 0.025586557819844497,
        "layer3.0.conv2.1.0": 0.0008995274233539081,
        "layer3.0.conv2.1.1": 3.331583049458919e-05,
        "layer3.0.conv2.1.2": 0.0009476502896238703,
        "layer3.0.conv2.2": 0.025586557819844497,
        "layer3.0.downsample.0.0": 0.0002503558022546615,
        "layer3.0.downsample.0.1": 0.0005486396413611881,
        "layer3.1.conv1.0": 0.025586557819844497,
        "layer3.1.conv1.1.0": 0.0008995274233539081,
        "layer3.1.conv1.1.1": 3.331583049458919e-05,
        "layer3.1.conv1.1.2": 0.0009476502896238703,
        "layer3.1.conv1.2": 0.025586557819844497,
        "layer3.1.conv2.0": 0.025586557819844497,
        "layer3.1.conv2.1.0": 0.0008995274233539081,
        "layer3.1.conv2.1.1": 3.331583049458919e-05,
        "layer3.1.conv2.1.2": 0.0009476502896238703,
        "layer3.1.conv2.2": 0.025586557819844497,
        "layer4.0.conv1.0": 0.025586557819844497,
        "layer4.0.conv1.1.0": 0.0008995274233539081,
        "layer4.0.conv1.1.1": 8.328957623647298e-06,
        "layer4.0.conv1.1.2": 0.00047382514481193516,
        "layer4.0.conv1.2": 0.02556161965432808,
        "layer4.0.conv2.0": 0.02556161965432808,
        "layer4.0.conv2.1.0": 0.0004493253454862358,
        "layer4.0.conv2.1.1": 8.328957623647298e-06,
        "layer4.0.conv2.1.2": 0.00047382514481193516,
        "layer4.0.conv2.2": 0.02556161965432808,
        "layer4.0.downsample.0.0": 0.00012493436435470946,
        "layer4.0.downsample.0.1": 0.00027431982068059404,
        "layer4.1.conv1.0": 0.02556161965432808,
        "layer4.1.conv1.1.0": 0.0004493253454862358,
        "layer4.1.conv1.1.1": 8.328957623647298e-06,
        "layer4.1.conv1.1.2": 0.00047382514481193516,
        "layer4.1.conv1.2": 0.02556161965432808,
        "layer4.1.conv2.0": 0.02556161965432808,
        "layer4.1.conv2.1.0": 0.0004493253454862358,
        "layer4.1.conv2.1.1": 8.328957623647298e-06,
        "layer4.1.conv2.1.2": 0.00047382514481193516,
        "layer4.1.conv2.2": 0.02556161965432808,
        "fc": 0.0010183932489459529
    },
    "relative_params": {
        "conv1.0": 3.8336245290631865e-06,
        "conv1.1.0": 3.8336245290631865e-06,
        "conv1.1.1": 4.7920306613289834e-05,
        "conv1.1.2": 8.178398995334799e-05,
        "conv1.2": 0.0013289898367419048,
        "layer1.0.conv1.0": 0.0013289898367419048,
        "layer1.0.conv1.1.0": 0.00018688919579183035,
        "layer1.0.conv1.1.1": 2.87521839679739e-05,
        "layer1.0.conv1.1.2": 0.00020445997488336996,
        "layer1.0.conv1.2": 0.0013289898367419048,
        "layer1.0.conv2.0": 0.0013289898367419048,
        "layer1.0.conv2.1.0": 0.00018688919579183035,
        "layer1.0.conv2.1.1": 2.87521839679739e-05,
        "layer1.0.conv2.1.2": 0.00020445997488336996,
        "layer1.0.conv2.2": 0.0013289898367419048,
        "layer1.1.conv1.0": 0.0013289898367419048,
        "layer1.1.conv1.1.0": 0.00018688919579183035,
        "layer1.1.conv1.1.1": 2.87521839679739e-05,
        "layer1.1.conv1.1.2": 0.00020445997488336996,
        "layer1.1.conv1.2": 0.0013289898367419048,
        "layer1.1.conv2.0": 0.0013289898367419048,
        "layer1.1.conv2.1.0": 0.00018688919579183035,
        "layer1.1.conv2.1.1": 2.87521839679739e-05,
        "layer1.1.conv2.1.2": 0.00020445997488336996,
        "layer1.1.conv2.2": 0.0013289898367419048,
        "layer2.0.conv1.0": 0.0013289898367419048,
        "layer2.0.conv1.1.0": 0.00018688919579183035,
        "layer2.0.conv1.1.1": 2.87521839679739e-05,
        "layer2.0.conv1.1.2": 0.0004089199497667399,
        "layer2.0.conv1.2": 0.005275067351990945,
        "layer2.0.conv2.0": 0.005275067351990945,
        "layer2.0.conv2.1.0": 0.0003709031731868633,
        "layer2.0.conv2.1.1": 2.87521839679739e-05,
        "layer2.0.conv2.1.2": 0.0004089199497667399,
        "layer2.0.conv2.2": 0.005275067351990945,
        "layer2.0.downsample.0.0": 0.00010382733099546131,
        "layer2.0.downsample.0.1": 0.00024535196986004394,
        "layer2.1.conv1.0": 0.005275067351990945,
        "layer2.1.conv1.1.0": 0.0003709031731868633,
        "layer2.1.conv1.1.1": 2.87521839679739e-05,
        "layer2.1.conv1.1.2": 0.0004089199497667399,
        "layer2.1.conv1.2": 0.005275067351990945,
        "layer2.1.conv2.0": 0.005275067351990945,
        "layer2.1.conv2.1.0": 0.0003709031731868633,
        "layer2.1.conv2.1.1": 2.87521839679739e-05,
        "layer2.1.conv2.1.2": 0.0004089199497667399,
        "layer2.1.conv2.2": 0.005275067351990945,
        "layer3.0.conv1.0": 0.005275067351990945,
        "layer3.0.conv1.1.0": 0.0003709031731868633,
        "layer3.0.conv1.1.1": 2.87521839679739e-05,
        "layer3.0.conv1.1.2": 0.0008178398995334798,
        "layer3.0.conv1.2": 0.021018485418010432,
        "layer3.0.conv2.0": 0.021018485418010432,
        "layer3.0.conv2.1.0": 0.0007389311279769293,
        "layer3.0.conv2.1.1": 2.87521839679739e-05,
        "layer3.0.conv2.1.2": 0.0008178398995334798,
        "layer3.0.conv2.2": 0.021018485418010432,
        "layer3.0.downsample.0.0": 0.00020605731843714628,
        "layer3.0.downsample.0.1": 0.0004907039397200879,
        "layer3.1.conv1.0": 0.021018485418010432,
        "layer3.1.conv1.1.0": 0.0007389311279769293,