{
    "total_flops": 368741484,
    "total_params": 828355,
    "relative_flops": {
        "conv1.0": 0.03333804449298143,
        "conv1.1": 0.11787380017161292,
        "conv1.2": 0.15457966752664043,
        "layer1.0.conv1.0": 0.038398283389237536,
        "layer1.0.conv1.1": 0.005655561119345064,
        "layer1.0.conv1.2": 0.03864491688166011,
        "layer1.0.conv2.0": 0.038398283389237536,
        "layer1.0.conv2.1": 0.005655561119345064,
        "layer1.0.conv2.2": 0.03864491688166011,
        "layer1.1.conv1.0": 0.038398283389237536,
        "layer1.1.conv1.1": 0.005655561119345064,
        "layer1.1.conv1.2": 0.03864491688166011,
        "layer1.1.conv2.0": 0.038398283389237536,
        "layer1.1.conv2.1": 0.005655561119345064,
        "layer1.1.conv2.2": 0.03864491688166011,
        "layer2.0.conv1.0": 0.038398283389237536,
        "layer2.0.conv1.1": 0.001413890279836266,
        "layer2.0.conv1.2": 0.019322458440830054,
        "layer2.0.conv2.0": 0.01912472641673265,
        "layer2.0.conv2.1": 0.001413890279836266,
        "layer2.0.conv2.2": 0.019322458440830054,
        "layer2.0.downsample.0.0": 0.009599570847309384,
        "layer2.0.downsample.0.1": 0.019322458440830054,
        "layer2.1.conv1.0": 0.01912472641673265,
        "layer2.1.conv1.1": 0.001413890279836266,
        "layer2.1.conv1.2": 0.019322458440830054,
        "layer2.1.conv2.0": 0.01912472641673265,
        "layer2.1.conv2.1": 0.001413890279836266,
        "layer2.1.conv2.2": 0.019322458440830054,
        "layer3.0.conv1.0": 0.01912472641673265,
        "layer3.0.conv1.1": 0.0003534725699590665,
        "layer3.0.conv1.2": 0.009661229220415027,
        "layer3.0.conv2.0": 0.009543759388894795,
        "layer3.0.conv2.1": 0.0003534725699590665,
        "layer3.0.conv2.2": 0.009661229220415027,
        "layer3.0.downsample.0.0": 0.0047811816041831625,
        "layer3.0.downsample.0.1": 0.009661229220415027,
        "layer3.1.conv1.0": 0.009543759388894795,
        "layer3.1.conv1.1": 0.0003534725699590665,
        "layer3.1.conv1.2": 0.009661229220415027,
        "layer3.1.conv2.0": 0.009543759388894795,
        "layer3.1.conv2.1": 0.0003534725699590665,
        "layer3.1.conv2.2": 0.009661229220415027,
        "layer4.0.conv1.0": 0.009543759388894795,
        "layer4.0.conv1.1": 8.836814248976663e-05,
        "layer4.0.conv1.2": 0.004830614610207513,
        "layer4.0.conv2.0": 0.004767228739579515,
        "layer4.0.conv2.1": 8.836814248976663e-05,
        "layer4.0.conv2.2": 0.004830614610207513,
        "layer4.0.downsample.0.0": 0.002385939847223699,
        "layer4.0.downsample.0.1": 0.004830614610207513,
        "layer4.1.conv1.0": 0.004767228739579515,
        "layer4.1.conv1.1": 8.836814248976663e-05,
        "layer4.1.conv1.2": 0.004830614610207513,
        "layer4.1.conv2.0": 0.004767228739579515,
        "layer4.1.conv2.1": 8.836814248976663e-05,
        "layer4.1.conv2.2": 0.004830614610207513,
        "fc": 0.0027784017921889145
    },
    "relative_params": {
        "conv1.0": 0.00016900966373112976,
        "conv1.1": 0.0021126207966391222,
        "conv1.2": 0.0027814161802608784,
        "layer1.0.conv1.0": 0.0027464070356308587,
        "layer1.0.conv1.1": 0.00042252415932782445,
        "layer1.0.conv1.2": 0.0027814161802608784,
        "layer1.0.conv2.0": 0.0027464070356308587,
        "layer1.0.conv2.1": 0.00042252415932782445,
        "layer1.0.conv2.2": 0.0027814161802608784,
        "layer1.1.conv1.0": 0.0027464070356308587,
        "layer1.1.conv1.1": 0.00042252415932782445,
        "layer1.1.conv1.2": 0.0027814161802608784,
        "layer1.1.conv2.0": 0.0027464070356308587,
        "layer1.1.conv2.1": 0.00042252415932782445,
        "layer1.1.conv2.2": 0.0027814161802608784,
        "layer2.0.conv1.0": 0.0027464070356308587,
        "layer2.0.conv1.1": 0.00042252415932782445,
        "layer2.0.conv1.2": 0.005562832360521757,
        "layer2.0.conv2.0": 0.005450561655328935,
        "layer2.0.conv2.1": 0.00042252415932782445,
        "layer2.0.conv2.2": 0.005562832360521757,
        "layer2.0.downsample.0.0": 0.0027464070356308587,
        "layer2.0.downsample.0.1": 0.005562832360521757,
        "layer2.1.conv1.0": 0.005450561655328935,
        "layer2.1.conv1.1": 0.00042252415932782445,
        "layer2.1.conv1.2": 0.005562832360521757,
        "layer2.1.conv2.0": 0.005450561655328935,
        "layer2.1.conv2.1": 0.00042252415932782445,
        "layer2.1.conv2.2": 0.005562832360521757,
        "layer3.0.conv1.0": 0.005450561655328935,
        "layer3.0.conv1.1": 0.00042252415932782445,
        "layer3.0.conv1.2": 0.011125664721043513,
        "layer3.0.conv2.0": 0.010858870894725087,
        "layer3.0.conv2.1": 0.00042252415932782445,
        "layer3.0.conv2.2": 0.011125664721043513,
        "layer3.0.downsample.0.0": 0.005450561655328935,
        "layer3.0.downsample.0.1": 0.011125664721043513,
        "layer3.1.conv1.0": 0.010858870894725087,
        "layer3.1.conv1.1": 0.00042252415932782445,
        "layer3.1.conv1.2": 0.011125664721043513,
        "layer3.1.conv2.0": 0.010858870894725087,
        "layer3.1.conv2.1": 0.00042252415932782445,
        "layer3.1.conv2.2": 0.011125664721043513,
        "layer4.0.conv1.0": 0.010858870894725087,
        "layer4.0.conv1.1": 0.00042252415932782445,
        "layer4.0.conv1.2": 0.022251329442087027,
        "layer4.0.conv2.0": 0.021675489373517393,
        "layer4.0.conv2.1": 0.00042252415932782445,
        "layer4.0.conv2.2": 0.022251329442087027,
        "layer4.0.downsample.0.0": 0.010858870894725087,
        "layer4.0.downsample.0.1": 0.022251329442087027,
        "layer4.1.conv1.0": 0.021675489373517393,
        "layer4.1.conv1.1": 0.00042252415932782445,
        "layer4.1.conv1.2": 0.022251329442087027,
        "layer4.1.conv2.0": 0.021675489373517393,
        "layer4.1.conv2.1": 0.00042252415932782445,
        "layer4.1.conv2.2": 0.022251329442087027,
        "fc": 0.6192996963862112
    }
}