{
    "total_flops": 1034513598,
    "total_params": 3202935,
    "relative_flops": {
        "conv1.0": 0.0010185424358240287,
        "conv1.1.0": 0.0010185424358240287,
        "conv1.1.1": 0.003601275040949244,
        "conv1.1.2": 0.005432226324394819,
        "conv1.2": 0.10010817083527596,
        "layer1.0.conv1.0": 0.02502704270881899,
        "layer1.0.conv1.1.0": 0.0035194278809276705,
        "layer1.0.conv1.1.1": 0.0005183653468033003,
        "layer1.0.conv1.1.2": 0.0036861535772679133,
        "layer1.0.conv1.2": 0.02502704270881899,
        "layer1.0.conv2.0": 0.02502704270881899,
        "layer1.0.conv2.1.0": 0.0035194278809276705,
        "layer1.0.conv2.1.1": 0.0005183653468033003,
        "layer1.0.conv2.1.2": 0.0036861535772679133,
        "layer1.0.conv2.2": 0.02502704270881899,
        "layer1.1.conv1.0": 0.02502704270881899,
        "layer1.1.conv1.1.0": 0.0035194278809276705,
        "layer1.1.conv1.1.1": 0.0005183653468033003,
        "layer1.1.conv1.1.2": 0.0036861535772679133,
        "layer1.1.conv1.2": 0.02502704270881899,
        "layer1.1.conv2.0": 0.02502704270881899,
        "layer1.1.conv2.1.0": 0.0035194278809276705,
        "layer1.1.conv2.1.1": 0.0005183653468033003,
        "layer1.1.conv2.1.2": 0.0036861535772679133,
        "layer1.1.conv2.2": 0.02502704270881899,
        "layer2.0.conv1.0": 0.02502704270881899,
        "layer2.0.conv1.1.0": 0.0035194278809276705,
        "layer2.0.conv1.1.1": 0.00012959133670082507,
        "layer2.0.conv1.1.2": 0.0018430767886339567,
        "layer2.0.conv1.2": 0.02493003866731194,
        "layer2.0.conv2.0": 0.02493003866731194,
        "layer2.0.conv2.1.0": 0.0017528933437953708,
        "layer2.0.conv2.1.1": 0.00012959133670082507,
        "layer2.0.conv2.1.2": 0.0018430767886339567,
        "layer2.0.conv2.2": 0.02493003866731194,
        "layer2.0.downsample.0.0": 0.005767951249298127,
        "layer2.0.downsample.0.1": 0.011543480939338992,
        "layer2.1.conv1.0": 0.02493003866731194,
        "layer2.1.conv1.1.0": 0.0017528933437953708,
        "layer2.1.conv1.1.1": 0.00012959133670082507,
        "layer2.1.conv1.1.2": 0.0018430767886339567,
        "layer2.1.conv1.2": 0.02493003866731194,
        "layer2.1.conv2.0": 0.02493003866731194,
        "layer2.1.conv2.1.0": 0.0017528933437953708,
        "layer2.1.conv2.1.1": 0.00012959133670082507,
        "layer2.1.conv2.1.2": 0.0018430767886339567,
        "layer2.1.conv2.2": 0.02493003866731194,
        "layer3.0.conv1.0": 0.02493003866731194,
        "layer3.0.conv1.1.0": 0.0017528933437953708,
        "layer3.0.conv1.1.1": 3.239783417520627e-05,
        "layer3.0.conv1.1.2": 0.0009215383943169783,
        "layer3.0.conv1.2": 0.024881536646558414,
        "layer3.0.conv2.0": 0.024881536646558414,
        "layer3.0.conv2.1.0": 0.0008747415227305693,
        "layer3.0.conv2.1.1": 3.239783417520627e-05,
        "layer3.0.conv2.1.2": 0.0009215383943169783,
        "layer3.0.conv2.2": 0.024881536646558414,
        "layer3.0.downsample.0.0": 0.002872797424553524,
        "layer3.0.downsample.0.1": 0.005771740469669496,
        "layer3.1.conv1.0": 0.024881536646558414,
        "layer3.1.conv1.1.0": 0.0008747415227305693,
        "layer3.1.conv1.1.1": 3.239783417520627e-05,
        "layer3.1.conv1.1.2": 0.0009215383943169783,
        "layer3.1.conv1.2": 0.024881536646558414,
        "layer3.1.conv2.0": 0.024881536646558414,
        "layer3.1.conv2.1.0": 0.0008747415227305693,
        "layer3.1.conv2.1.1": 3.239783417520627e-05,
        "layer3.1.conv2.1.2": 0.0009215383943169783,
        "layer3.1.conv2.2": 0.024881536646558414,
        "layer4.0.conv1.0": 0.024881536646558414,
        "layer4.0.conv1.1.0": 0.0008747415227305693,
        "layer4.0.conv1.1.1": 8.099458543801567e-06,
        "layer4.0.conv1.1.2": 0.00046076919715848917,
        "layer4.0.conv1.2": 0.024857285636181652,
        "layer4.0.conv2.0": 0.024857285636181652,
        "layer4.0.conv2.1.0": 0.0004369444740735056,
        "layer4.0.conv2.1.1": 8.099458543801567e-06,
        "layer4.0.conv2.1.2": 0.00046076919715848917,
        "layer4.0.conv2.2": 0.024857285636181652,
        "layer4.0.downsample.0.0": 0.0014336041622528774,
        "layer4.0.downsample.0.1": 0.002885870234834748,
        "layer4.1.conv1.0": 0.024857285636181652,
        "layer4.1.conv1.1.0": 0.0004369444740735056,
        "layer4.1.conv1.1.1": 8.099458543801567e-06,
        "layer4.1.conv1.1.2": 0.00046076919715848917,
        "layer4.1.conv1.2": 0.024857285636181652,
        "layer4.1.conv2.0": 0.024857285636181652,
        "layer4.1.conv2.1.0": 0.0004369444740735056,
        "layer4.1.conv2.1.1": 8.099458543801567e-06,
        "layer4.1.conv2.1.2": 0.00046076919715848917,
        "layer4.1.conv2.2": 0.024857285636181652,
        "fc": 0.0009903320768143253
    },
    "relative_params": {
        "conv1.0": 3.746563698607683e-06,
        "conv1.1.0": 3.746563698607683e-06,
        "conv1.1.1": 4.683204623259604e-05,
        "conv1.1.2": 7.992669223696391e-05,
        "conv1.2": 0.0012988087488506636,
        "layer1.0.conv1.0": 0.0012988087488506636,
        "layer1.0.conv1.1.0": 0.00018264498030712455,
        "layer1.0.conv1.1.1": 2.8099227739557623e-05,
        "layer1.0.conv1.1.2": 0.00019981673059240977,
        "layer1.0.conv1.2": 0.0012988087488506636,
        "layer1.0.conv2.0": 0.0012988087488506636,
        "layer1.0.conv2.1.0": 0.00018264498030712455,
        "layer1.0.conv2.1.1": 2.8099227739557623e-05,
        "layer1.0.conv2.1.2": 0.00019981673059240977,
        "layer1.0.conv2.2": 0.0012988087488506636,
        "layer1.1.conv1.0": 0.0012988087488506636,
        "layer1.1.conv1.1.0": 0.00018264498030712455,
        "layer1.1.conv1.1.1": 2.8099227739557623e-05,
        "layer1.1.conv1.1.2": 0.00019981673059240977,
        "layer1.1.conv1.2": 0.0012988087488506636,
        "layer1.1.conv2.0": 0.0012988087488506636,
        "layer1.1.conv2.1.0": 0.00018264498030712455,
        "layer1.1.conv2.1.1": 2.8099227739557623e-05,
        "layer1.1.conv2.1.2": 0.00019981673059240977,
        "layer1.1.conv2.2": 0.0012988087488506636,
        "layer2.0.conv1.0": 0.0012988087488506636,
        "layer2.0.conv1.1.0": 0.00018264498030712455,
        "layer2.0.conv1.1.1": 2.8099227739557623e-05,
        "layer2.0.conv1.1.2": 0.00039963346118481954,
        "layer2.0.conv1.2": 0.005155271649284172,
        "layer2.0.conv2.0": 0.005155271649284172,
        "layer2.0.conv2.1.0": 0.00036248003784029333,
        "layer2.0.conv2.1.1": 2.8099227739557623e-05,
        "layer2.0.conv2.1.2": 0.00039963346118481954,
        "layer2.0.conv2.2": 0.005155271649284172,
        "layer2.0.downsample.0.0": 0.0011973393153467055,
        "layer2.0.downsample.0.1": 0.0023978007671089175,
        "layer2.1.conv1.0": 0.005155271649284172,
        "layer2.1.conv1.1.0": 0.00036248003784029333,
        "layer2.1.conv1.1.1": 2.8099227739557623e-05,
        "layer2.1.conv1.1.2": 0.00039963346118481954,
        "layer2.1.conv1.2": 0.005155271649284172,
        "layer2.1.conv2.0": 0.005155271649284172,
        "layer2.1.conv2.1.0": 0.00036248003784029333,
        "layer2.1.conv2.1.1": 2.8099227739557623e-05,
        "layer2.1.conv2.1.2": 0.00039963346118481954,
        "layer2.1.conv2.2": 0.005155271649284172,
        "layer3.0.conv1.0": 0.005155271649284172,
        "layer3.0.conv1.1.0": 0.00036248003784029333,
        "layer3.0.conv1.1.1": 2.8099227739557623e-05,
        "layer3.0.conv1.1.2": 0.0007992669223696391,
        "layer3.0.conv1.2": 0.020541159904899724,
        "layer3.0.conv2.0": 0.020541159904899724,
        "layer3.0.conv2.1.0": 0.0007221501529066309,
        "layer3.0.conv2.1.1": 2.8099227739557623e-05,
        "layer3.0.conv2.1.2": 0.0007992669223696391,
        "layer3.0.conv2.2": 0.020541159904899724,
        "layer3.0.downsample.0.0": 0.0023762580258419232,
        "layer3.0.downsample.0.1": 0.004795601534217835,
        "layer3.1.conv1.0": 0.020541159904899724,