{
    "total_flops": 1013926395,
    "total_params": 3150402,
    "relative_flops": {
        "conv1.0": 0.0010392233649268003,
        "conv1.1.0": 0.0010392233649268003,
        "conv1.1.1": 0.0036743968974197578,
        "conv1.1.2": 0.005542524612942934,
        "conv1.2": 0.10214081072423407,
        "layer1.0.conv1.0": 0.02553520268105852,
        "layer1.0.conv1.1.0": 0.0035908878770238542,
        "layer1.0.conv1.1.1": 0.0005288904625073894,
        "layer1.0.conv1.1.2": 0.003760998844496991,
        "layer1.0.conv1.2": 0.02553520268105852,
        "layer1.0.conv2.0": 0.02553520268105852,
        "layer1.0.conv2.1.0": 0.0035908878770238542,
        "layer1.0.conv2.1.1": 0.0005288904625073894,
        "layer1.0.conv2.1.2": 0.003760998844496991,
        "layer1.0.conv2.2": 0.02553520268105852,
        "layer1.1.conv1.0": 0.02553520268105852,
        "layer1.1.conv1.1.0": 0.0035908878770238542,
        "layer1.1.conv1.1.1": 0.0005288904625073894,
        "layer1.1.conv1.1.2": 0.003760998844496991,
        "layer1.1.conv1.2": 0.02553520268105852,
        "layer1.1.conv2.0": 0.02553520268105852,
        "layer1.1.conv2.1.0": 0.0035908878770238542,
        "layer1.1.conv2.1.1": 0.0005288904625073894,
        "layer1.1.conv2.1.2": 0.003760998844496991,
        "layer1.1.conv2.2": 0.02553520268105852,
        "layer2.0.conv1.0": 0.02553520268105852,
        "layer2.0.conv1.1.0": 0.0035908878770238542,
        "layer2.0.conv1.1.1": 0.00013222261562684736,
        "layer2.0.conv1.1.2": 0.0018804994222484956,
        "layer2.0.conv1.2": 0.025436229027255966,
        "layer2.0.conv2.0": 0.025436229027255966,
        "layer2.0.conv2.1.0": 0.0017884848534789352,
        "layer2.0.conv2.1.1": 0.00013222261562684736,
        "layer2.0.conv2.1.2": 0.0018804994222484956,
        "layer2.0.conv2.2": 0.025436229027255966,
        "layer2.0.downsample.0.0": 0.001994937709457697,
        "layer2.0.downsample.0.1": 0.004057919805904649,
        "layer2.1.conv1.0": 0.025436229027255966,
        "layer2.1.conv1.1.0": 0.0017884848534789352,
        "layer2.1.conv1.1.1": 0.00013222261562684736,
        "layer2.1.conv1.1.2": 0.0018804994222484956,
        "layer2.1.conv1.2": 0.025436229027255966,
        "layer2.1.conv2.0": 0.025436229027255966,
        "layer2.1.conv2.1.0": 0.0017884848534789352,
        "layer2.1.conv2.1.1": 0.00013222261562684736,
        "layer2.1.conv2.1.2": 0.0018804994222484956,
        "layer2.1.conv2.2": 0.025436229027255966,
        "layer3.0.conv1.0": 0.025436229027255966,
        "layer3.0.conv1.1.0": 0.0017884848534789352,
        "layer3.0.conv1.1.1": 3.305565390671184e-05,
        "layer3.0.conv1.1.2": 0.0009402497111242478,
        "layer3.0.conv1.2": 0.02538674220035469,
        "layer3.0.conv2.0": 0.02538674220035469,
        "layer3.0.conv2.1.0": 0.0008925026554812196,
        "layer3.0.conv2.1.1": 3.305565390671184e-05,
        "layer3.0.conv2.1.2": 0.0009402497111242478,
        "layer3.0.conv2.2": 0.02538674220035469,
        "layer3.0.downsample.0.0": 0.0009936026963771863,
        "layer3.0.downsample.0.1": 0.0020289599029523243,
        "layer3.1.conv1.0": 0.02538674220035469,
        "layer3.1.conv1.1.0": 0.0008925026554812196,
        "layer3.1.conv1.1.1": 3.305565390671184e-05,
        "layer3.1.conv1.1.2": 0.0009402497111242478,
        "layer3.1.conv1.2": 0.02538674220035469,
        "layer3.1.conv2.0": 0.02538674220035469,
        "layer3.1.conv2.1.0": 0.0008925026554812196,
        "layer3.1.conv2.1.1": 3.305565390671184e-05,
        "layer3.1.conv2.1.2": 0.0009402497111242478,
        "layer3.1.conv2.2": 0.02538674220035469,
        "layer4.0.conv1.0": 0.02538674220035469,
        "layer4.0.conv1.1.0": 0.0008925026554812196,
        "layer4.0.conv1.1.1": 8.26391347667796e-06,
        "layer4.0.conv1.1.2": 0.0004701248555621239,
        "layer4.0.conv1.2": 0.025361998786904053,
        "layer4.0.conv2.0": 0.025361998786904053,
        "layer4.0.conv2.1.0": 0.0004458163849260478,
        "layer4.0.conv2.1.1": 8.26391347667796e-06,
        "layer4.0.conv2.1.2": 0.0004701248555621239,
        "layer4.0.conv2.2": 0.025361998786904053,
        "layer4.0.downsample.0.0": 0.0004958348086006775,
        "layer4.0.downsample.0.1": 0.0010144799514761622,
        "layer4.1.conv1.0": 0.025361998786904053,
        "layer4.1.conv1.1.0": 0.0004458163849260478,
        "layer4.1.conv1.1.1": 8.26391347667796e-06,
        "layer4.1.conv1.1.2": 0.0004701248555621239,
        "layer4.1.conv1.2": 0.025361998786904053,
        "layer4.1.conv2.0": 0.025361998786904053,
        "layer4.1.conv2.1.0": 0.0004458163849260478,
        "layer4.1.conv2.1.1": 8.26391347667796e-06,
        "layer4.1.conv2.1.2": 0.0004701248555621239,
        "layer4.1.conv2.2": 0.025361998786904053,
        "fc": 0.0010104402105046294
    },
    "relative_params": {
        "conv1.0": 3.8090377037597106e-06,
        "conv1.1.0": 3.8090377037597106e-06,
        "conv1.1.1": 4.761297129699638e-05,
        "conv1.1.2": 8.12594710135405e-05,
        "conv1.2": 0.001320466403970033,
        "layer1.0.conv1.0": 0.001320466403970033,
        "layer1.0.conv1.1.0": 0.0001856905880582859,
        "layer1.0.conv1.1.1": 2.856778277819783e-05,
        "layer1.0.conv1.1.2": 0.00020314867753385124,
        "layer1.0.conv1.2": 0.001320466403970033,
        "layer1.0.conv2.0": 0.001320466403970033,
        "layer1.0.conv2.1.0": 0.0001856905880582859,
        "layer1.0.conv2.1.1": 2.856778277819783e-05,
        "layer1.0.conv2.1.2": 0.00020314867753385124,
        "layer1.0.conv2.2": 0.001320466403970033,
        "layer1.1.conv1.0": 0.001320466403970033,
        "layer1.1.conv1.1.0": 0.0001856905880582859,
        "layer1.1.conv1.1.1": 2.856778277819783e-05,
        "layer1.1.conv1.1.2": 0.00020314867753385124,
        "layer1.1.conv1.2": 0.001320466403970033,
        "layer1.1.conv2.0": 0.001320466403970033,
        "layer1.1.conv2.1.0": 0.0001856905880582859,
        "layer1.1.conv2.1.1": 2.856778277819783e-05,
        "layer1.1.conv2.1.2": 0.00020314867753385124,
        "layer1.1.conv2.2": 0.001320466403970033,
        "layer2.0.conv1.0": 0.001320466403970033,
        "layer2.0.conv1.1.0": 0.0001856905880582859,
        "layer2.0.conv1.1.1": 2.856778277819783e-05,
        "layer2.0.conv1.1.2": 0.00040629735506770247,
        "layer2.0.conv1.2": 0.005241235880373362,
        "layer2.0.conv2.0": 0.005241235880373362,
        "layer2.0.conv2.1.0": 0.000368524397838752,
        "layer2.0.conv2.1.1": 2.856778277819783e-05,
        "layer2.0.conv2.1.2": 0.00040629735506770247,
        "layer2.0.conv2.2": 0.005241235880373362,
        "layer2.0.downsample.0.0": 0.0004126457512406353,
        "layer2.0.downsample.0.1": 0.0008532244456421752,
        "layer2.1.conv1.0": 0.005241235880373362,
        "layer2.1.conv1.1.0": 0.000368524397838752,
        "layer2.1.conv1.1.1": 2.856778277819783e-05,
        "layer2.1.conv1.1.2": 0.00040629735506770247,
        "layer2.1.conv1.2": 0.005241235880373362,
        "layer2.1.conv2.0": 0.005241235880373362,
        "layer2.1.conv2.1.0": 0.000368524397838752,
        "layer2.1.conv2.1.1": 2.856778277819783e-05,
        "layer2.1.conv2.1.2": 0.00040629735506770247,
        "layer2.1.conv2.2": 0.005241235880373362,
        "layer3.0.conv1.0": 0.005241235880373362,
        "layer3.0.conv1.1.0": 0.000368524397838752,
        "layer3.0.conv1.1.1": 2.856778277819783e-05,
        "layer3.0.conv1.1.2": 0.0008125947101354049,
        "layer3.0.conv1.2": 0.020883684050479908,
        "layer3.0.conv2.0": 0.020883684050479908,
        "layer3.0.conv2.1.0": 0.0007341920173996843,
        "layer3.0.conv2.1.1": 2.856778277819783e-05,
        "layer3.0.conv2.1.2": 0.0008125947101354049,
        "layer3.0.conv2.2": 0.020883684050479908,
        "layer3.0.downsample.0.0": 0.0008189431063083378,
        "layer3.0.downsample.0.1": 0.0017064488912843503,
        "layer3.1.conv1.0": 0.020883684050479908,
        "layer3.1.conv1.1.0": 0.0007341920173996843,