{
    "total_flops": 1031874213,
    "total_params": 3196200,
    "relative_flops": {
        "conv1.0": 0.0010211477200661471,
        "conv1.1.0": 0.0010211477200661471,
        "conv1.1.1": 0.003610486581662449,
        "conv1.1.2": 0.005446121173686118,
        "conv1.2": 0.1003642330579299,
        "layer1.0.conv1.0": 0.025091058264482474,
        "layer1.0.conv1.1.0": 0.003528430068442848,
        "layer1.0.conv1.1.1": 0.0005196912503908071,
        "layer1.0.conv1.1.2": 0.0036955822250012947,
        "layer1.0.conv1.2": 0.025091058264482474,
        "layer1.0.conv2.0": 0.025091058264482474,
        "layer1.0.conv2.1.0": 0.003528430068442848,
        "layer1.0.conv2.1.1": 0.0005196912503908071,
        "layer1.0.conv2.1.2": 0.0036955822250012947,
        "layer1.0.conv2.2": 0.025091058264482474,
        "layer1.1.conv1.0": 0.025091058264482474,
        "layer1.1.conv1.1.0": 0.003528430068442848,
        "layer1.1.conv1.1.1": 0.0005196912503908071,
        "layer1.1.conv1.1.2": 0.0036955822250012947,
        "layer1.1.conv1.2": 0.025091058264482474,
        "layer1.1.conv2.0": 0.025091058264482474,
        "layer1.1.conv2.1.0": 0.003528430068442848,
        "layer1.1.conv2.1.1": 0.0005196912503908071,
        "layer1.1.conv2.1.2": 0.0036955822250012947,
        "layer1.1.conv2.2": 0.025091058264482474,
        "layer2.0.conv1.0": 0.025091058264482474,
        "layer2.0.conv1.1.0": 0.003528430068442848,
        "layer2.0.conv1.1.1": 0.00012992281259770178,
        "layer2.0.conv1.1.2": 0.0018477911125006474,
        "layer2.0.conv1.2": 0.024993806100666652,
        "layer2.0.conv2.0": 0.024993806100666652,
        "layer2.0.conv2.1.0": 0.001757376991453124,
        "layer2.0.conv2.1.1": 0.00012992281259770178,
        "layer2.0.conv2.1.2": 0.0018477911125006474,
        "layer2.0.conv2.2": 0.024993806100666652,
        "layer2.0.downsample.0.0": 0.005292645102664272,
        "layer2.0.downsample.0.1": 0.010600485855924767,
        "layer2.1.conv1.0": 0.024993806100666652,
        "layer2.1.conv1.1.0": 0.001757376991453124,
        "layer2.1.conv1.1.1": 0.00012992281259770178,
        "layer2.1.conv1.1.2": 0.0018477911125006474,
        "layer2.1.conv1.2": 0.024993806100666652,
        "layer2.1.conv2.0": 0.024993806100666652,
        "layer2.1.conv2.1.0": 0.001757376991453124,
        "layer2.1.conv2.1.1": 0.00012992281259770178,
        "layer2.1.conv2.1.2": 0.0018477911125006474,
        "layer2.1.conv2.2": 0.024993806100666652,
        "layer3.0.conv1.0": 0.024993806100666652,
        "layer3.0.conv1.1.0": 0.001757376991453124,
        "layer3.0.conv1.1.1": 3.2480703149425445e-05,
        "layer3.0.conv1.1.2": 0.0009238955562503237,
        "layer3.0.conv1.2": 0.02494518001875874,
        "layer3.0.conv2.0": 0.02494518001875874,
        "layer3.0.conv2.1.0": 0.000876978985034487,
        "layer3.0.conv2.1.1": 3.2480703149425445e-05,
        "layer3.0.conv2.1.2": 0.0009238955562503237,
        "layer3.0.conv2.2": 0.02494518001875874,
        "layer3.0.downsample.0.0": 0.002636065487179686,
        "layer3.0.downsample.0.1": 0.005300242927962383,
        "layer3.1.conv1.0": 0.02494518001875874,
        "layer3.1.conv1.1.0": 0.000876978985034487,
        "layer3.1.conv1.1.1": 3.2480703149425445e-05,
        "layer3.1.conv1.1.2": 0.0009238955562503237,
        "layer3.1.conv1.2": 0.02494518001875874,
        "layer3.1.conv2.0": 0.02494518001875874,
        "layer3.1.conv2.1.0": 0.000876978985034487,
        "layer3.1.conv2.1.1": 3.2480703149425445e-05,
        "layer3.1.conv2.1.2": 0.0009238955562503237,
        "layer3.1.conv2.2": 0.02494518001875874,
        "layer4.0.conv1.0": 0.02494518001875874,
        "layer4.0.conv1.1.0": 0.000876978985034487,
        "layer4.0.conv1.1.1": 8.120175787356361e-06,
        "layer4.0.conv1.1.2": 0.00046194777812516184,
        "layer4.0.conv1.2": 0.024920866977804785,
        "layer4.0.conv2.0": 0.024920866977804785,
        "layer4.0.conv2.1.0": 0.0004380621148442247,
        "layer4.0.conv2.1.1": 8.120175787356361e-06,
        "layer4.0.conv2.1.2": 0.00046194777812516184,
        "layer4.0.conv2.2": 0.024920866977804785,
        "layer4.0.downsample.0.0": 0.0013154684775517303,
        "layer4.0.downsample.0.1": 0.0026501214639811916,
        "layer4.1.conv1.0": 0.024920866977804785,
        "layer4.1.conv1.1.0": 0.0004380621148442247,
        "layer4.1.conv1.1.1": 8.120175787356361e-06,
        "layer4.1.conv1.1.2": 0.00046194777812516184,
        "layer4.1.conv1.2": 0.024920866977804785,
        "layer4.1.conv2.0": 0.024920866977804785,
        "layer4.1.conv2.1.0": 0.0004380621148442247,
        "layer4.1.conv2.1.1": 8.120175787356361e-06,
        "layer4.1.conv2.1.2": 0.00046194777812516184,
        "layer4.1.conv2.2": 0.024920866977804785,
        "fc": 0.000992865203038076
    },
    "relative_params": {
        "conv1.0": 3.7544584193730056e-06,
        "conv1.1.0": 3.7544584193730056e-06,
        "conv1.1.1": 4.693073024216257e-05,
        "conv1.1.2": 8.009511294662411e-05,
        "conv1.2": 0.001301545585382642,
        "layer1.0.conv1.0": 0.001301545585382642,
        "layer1.0.conv1.1.0": 0.00018302984794443401,
        "layer1.0.conv1.1.1": 2.815843814529754e-05,
        "layer1.0.conv1.1.2": 0.0002002377823665603,
        "layer1.0.conv1.2": 0.001301545585382642,
        "layer1.0.conv2.0": 0.001301545585382642,
        "layer1.0.conv2.1.0": 0.00018302984794443401,
        "layer1.0.conv2.1.1": 2.815843814529754e-05,
        "layer1.0.conv2.1.2": 0.0002002377823665603,
        "layer1.0.conv2.2": 0.001301545585382642,
        "layer1.1.conv1.0": 0.001301545585382642,
        "layer1.1.conv1.1.0": 0.00018302984794443401,
        "layer1.1.conv1.1.1": 2.815843814529754e-05,
        "layer1.1.conv1.1.2": 0.0002002377823665603,
        "layer1.1.conv1.2": 0.001301545585382642,
        "layer1.1.conv2.0": 0.001301545585382642,
        "layer1.1.conv2.1.0": 0.00018302984794443401,
        "layer1.1.conv2.1.1": 2.815843814529754e-05,
        "layer1.1.conv2.1.2": 0.0002002377823665603,
        "layer1.1.conv2.2": 0.001301545585382642,
        "layer2.0.conv1.0": 0.001301545585382642,
        "layer2.0.conv1.1.0": 0.00018302984794443401,
        "layer2.0.conv1.1.1": 2.815843814529754e-05,
        "layer2.0.conv1.1.2": 0.0004004755647331206,
        "layer2.0.conv1.2": 0.0051661347850572555,
        "layer2.0.conv2.0": 0.0051661347850572555,
        "layer2.0.conv2.1.0": 0.0003632438520743383,
        "layer2.0.conv2.1.1": 2.815843814529754e-05,
        "layer2.0.conv2.1.2": 0.0004004755647331206,
        "layer2.0.conv2.2": 0.0051661347850572555,
        "layer2.0.downsample.0.0": 0.0010981790876666041,
        "layer2.0.downsample.0.1": 0.002202615606032163,
        "layer2.1.conv1.0": 0.0051661347850572555,
        "layer2.1.conv1.1.0": 0.0003632438520743383,
        "layer2.1.conv1.1.1": 2.815843814529754e-05,
        "layer2.1.conv1.1.2": 0.0004004755647331206,
        "layer2.1.conv1.2": 0.0051661347850572555,
        "layer2.1.conv2.0": 0.0051661347850572555,
        "layer2.1.conv2.1.0": 0.0003632438520743383,
        "layer2.1.conv2.1.1": 2.815843814529754e-05,
        "layer2.1.conv2.1.2": 0.0004004755647331206,
        "layer2.1.conv2.2": 0.0051661347850572555,
        "layer3.0.conv1.0": 0.0051661347850572555,
        "layer3.0.conv1.1.0": 0.0003632438520743383,
        "layer3.0.conv1.1.1": 2.815843814529754e-05,
        "layer3.0.conv1.1.2": 0.0008009511294662412,
        "layer3.0.conv1.2": 0.0205844440272824,
        "layer3.0.conv2.0": 0.0205844440272824,
        "layer3.0.conv2.1.0": 0.0007236718603341468,
        "layer3.0.conv2.1.1": 2.815843814529754e-05,
        "layer3.0.conv2.1.2": 0.0008009511294662412,
        "layer3.0.conv2.2": 0.0205844440272824,
        "layer3.0.downsample.0.0": 0.0021794631124460295,
        "layer3.0.downsample.0.1": 0.004405231212064326,
        "layer3.1.conv1.0": 0.0205844440272824,
        "layer3.1.conv1.1.0": 0.0007236718603341468,