{
    "total_flops": 222648180,
    "total_params": 704133,
    "relative_flops": {
        "conv1.0": 0.033127924063875124,
        "conv1.1": 0.11713087436870133,
        "conv1.2": 0.1550476990200414,
        "layer1.0.conv1.0": 0.03815626968071331,
        "layer1.0.conv1.1": 0.005619915689407387,
        "layer1.0.conv1.2": 0.03876192475501035,
        "layer1.0.conv2.0": 0.03815626968071331,
        "layer1.0.conv2.1": 0.005619915689407387,
        "layer1.0.conv2.2": 0.03876192475501035,
        "layer1.1.conv1.0": 0.03815626968071331,
        "layer1.1.conv1.1": 0.005619915689407387,
        "layer1.1.conv1.2": 0.03876192475501035,
        "layer1.1.conv2.0": 0.03815626968071331,
        "layer1.1.conv2.1": 0.005619915689407387,
        "layer1.1.conv2.2": 0.03876192475501035,
        "layer2.0.conv1.0": 0.03815626968071331,
        "layer2.0.conv1.1": 0.0014049789223518467,
        "layer2.0.conv1.2": 0.019380962377505175,
        "layer2.0.conv2.0": 0.019004188581285508,
        "layer2.0.conv2.1": 0.0014049789223518467,
        "layer2.0.conv2.2": 0.019380962377505175,
        "layer2.0.downsample.0.0": 0.009539067420178328,
        "layer2.0.downsample.0.1": 0.019380962377505175,
        "layer2.1.conv1.0": 0.019004188581285508,
        "layer2.1.conv1.1": 0.0014049789223518467,
        "layer2.1.conv1.2": 0.019380962377505175,
        "layer2.1.conv2.0": 0.019004188581285508,
        "layer2.1.conv2.1": 0.0014049789223518467,
        "layer2.1.conv2.2": 0.019380962377505175,
        "layer3.0.conv1.0": 0.019004188581285508,
        "layer3.0.conv1.1": 0.00035124473058796167,
        "layer3.0.conv1.2": 0.009690481188752587,
        "layer3.0.conv2.0": 0.009483607725874966,
        "layer3.0.conv2.1": 0.00035124473058796167,
        "layer3.0.conv2.2": 0.009690481188752587,
        "layer3.0.downsample.0.0": 0.004751047145321377,
        "layer3.0.downsample.0.1": 0.009690481188752587,
        "layer3.1.conv1.0": 0.009483607725874966,
        "layer3.1.conv1.1": 0.00035124473058796167,
        "layer3.1.conv1.2": 0.009690481188752587,
        "layer3.1.conv2.0": 0.009483607725874966,
        "layer3.1.conv2.1": 0.00035124473058796167,
        "layer3.1.conv2.2": 0.009690481188752587,
        "layer4.0.conv1.0": 0.009483607725874966,
        "layer4.0.conv1.1": 8.781118264699042e-05,
        "layer4.0.conv1.2": 0.004845240594376294,
        "layer4.0.conv2.0": 0.004737182221745536,
        "layer4.0.conv2.1": 8.781118264699042e-05,
        "layer4.0.conv2.2": 0.004845240594376294,
        "layer4.0.downsample.0.0": 0.0023709019314687415,
        "layer4.0.downsample.0.1": 0.004845240594376294,
        "layer4.1.conv1.0": 0.004737182221745536,
        "layer4.1.conv1.1": 8.781118264699042e-05,
        "layer4.1.conv1.2": 0.004845240594376294,
        "layer4.1.conv2.0": 0.004737182221745536,
        "layer4.1.conv2.1": 8.781118264699042e-05,
        "layer4.1.conv2.2": 0.004845240594376294,
        "fc": 0.004601483829780239
    },
    "relative_params": {
        "conv1.0": 0.00011929564443081065,
        "conv1.1": 0.0014911955553851331,
        "conv1.2": 0.0019996222304593026,
        "layer1.0.conv1.0": 0.0019385542220006732,
        "layer1.0.conv1.1": 0.00029823911107702665,
        "layer1.0.conv1.2": 0.0019996222304593026,
        "layer1.0.conv2.0": 0.0019385542220006732,
        "layer1.0.conv2.1": 0.00029823911107702665,
        "layer1.0.conv2.2": 0.0019996222304593026,
        "layer1.1.conv1.0": 0.0019385542220006732,
        "layer1.1.conv1.1": 0.00029823911107702665,
        "layer1.1.conv1.2": 0.0019996222304593026,
        "layer1.1.conv2.0": 0.0019385542220006732,
        "layer1.1.conv2.1": 0.00029823911107702665,
        "layer1.1.conv2.2": 0.0019996222304593026,
        "layer2.0.conv1.0": 0.0019385542220006732,
        "layer2.0.conv1.1": 0.00029823911107702665,
        "layer2.0.conv1.2": 0.003999244460918605,
        "layer2.0.conv2.0": 0.0038472845328936436,
        "layer2.0.conv2.1": 0.00029823911107702665,
        "layer2.0.conv2.2": 0.003999244460918605,
        "layer2.0.downsample.0.0": 0.0019385542220006732,
        "layer2.0.downsample.0.1": 0.003999244460918605,
        "layer2.1.conv1.0": 0.0038472845328936436,
        "layer2.1.conv1.1": 0.00029823911107702665,
        "layer2.1.conv1.2": 0.003999244460918605,
        "layer2.1.conv2.0": 0.0038472845328936436,
        "layer2.1.conv2.1": 0.00029823911107702665,
        "layer2.1.conv2.2": 0.003999244460918605,
        "layer3.0.conv1.0": 0.0038472845328936436,
        "layer3.0.conv1.1": 0.00029823911107702665,
        "layer3.0.conv1.2": 0.00799848892183721,
        "layer3.0.conv2.0": 0.007664745154679585,
        "layer3.0.conv2.1": 0.00029823911107702665,
        "layer3.0.conv2.2": 0.00799848892183721,
        "layer3.0.downsample.0.0": 0.0038472845328936436,
        "layer3.0.downsample.0.1": 0.00799848892183721,
        "layer3.1.conv1.0": 0.007664745154679585,
        "layer3.1.conv1.1": 0.00029823911107702665,
        "layer3.1.conv1.2": 0.00799848892183721,
        "layer3.1.conv2.0": 0.007664745154679585,
        "layer3.1.conv2.1": 0.00029823911107702665,
        "layer3.1.conv2.2": 0.00799848892183721,
        "layer4.0.conv1.0": 0.007664745154679585,
        "layer4.0.conv1.1": 0.00029823911107702665,
        "layer4.0.conv1.2": 0.01599697784367442,
        "layer4.0.conv2.0": 0.015299666398251466,
        "layer4.0.conv2.1": 0.00029823911107702665,
        "layer4.0.conv2.2": 0.01599697784367442,
        "layer4.0.downsample.0.0": 0.007664745154679585,
        "layer4.0.downsample.0.1": 0.01599697784367442,
        "layer4.1.conv1.0": 0.015299666398251466,
        "layer4.1.conv1.1": 0.00029823911107702665,
        "layer4.1.conv1.2": 0.01599697784367442,
        "layer4.1.conv2.0": 0.015299666398251466,
        "layer4.1.conv2.1": 0.00029823911107702665,
        "layer4.1.conv2.2": 0.01599697784367442,
        "fc": 0.7285555427738793
    }
}