{
    "total_flops": 66119640,
    "total_params": 571038,
    "relative_flops": {
        "conv1.0": 0.031872405838870264,
        "conv1.1": 0.11269172064457701,
        "conv1.2": 0.15784429558297655,
        "layer1.0.conv1.0": 0.03671018172512736,
        "layer1.0.conv1.1": 0.005406925990522634,
        "layer1.0.conv1.2": 0.03946107389574414,
        "layer1.0.conv2.0": 0.03671018172512736,
        "layer1.0.conv2.1": 0.005406925990522634,
        "layer1.0.conv2.2": 0.03946107389574414,
        "layer1.1.conv1.0": 0.03671018172512736,
        "layer1.1.conv1.1": 0.005406925990522634,
        "layer1.1.conv1.2": 0.03946107389574414,
        "layer1.1.conv2.0": 0.03671018172512736,
        "layer1.1.conv2.1": 0.005406925990522634,
        "layer1.1.conv2.2": 0.03946107389574414,
        "layer2.0.conv1.0": 0.03671018172512736,
        "layer2.0.conv1.1": 0.0013517314976306586,
        "layer2.0.conv1.2": 0.01973053694787207,
        "layer2.0.conv2.0": 0.018283947099530486,
        "layer2.0.conv2.1": 0.0013517314976306586,
        "layer2.0.conv2.2": 0.01973053694787207,
        "layer2.0.downsample.0.0": 0.00917754543128184,
        "layer2.0.downsample.0.1": 0.01973053694787207,
        "layer2.1.conv1.0": 0.018283947099530486,
        "layer2.1.conv1.1": 0.0013517314976306586,
        "layer2.1.conv1.2": 0.01973053694787207,
        "layer2.1.conv2.0": 0.018283947099530486,
        "layer2.1.conv2.1": 0.0013517314976306586,
        "layer2.1.conv2.2": 0.01973053694787207,
        "layer3.0.conv1.0": 0.018283947099530486,
        "layer3.0.conv1.1": 0.00033793287440766465,
        "layer3.0.conv1.2": 0.009865268473936034,
        "layer3.0.conv2.0": 0.009124187609006946,
        "layer3.0.conv2.1": 0.00033793287440766465,
        "layer3.0.conv2.2": 0.009865268473936034,
        "layer3.0.downsample.0.0": 0.004570986774882622,
        "layer3.0.downsample.0.1": 0.009865268473936034,
        "layer3.1.conv1.0": 0.009124187609006946,
        "layer3.1.conv1.1": 0.00033793287440766465,
        "layer3.1.conv1.2": 0.009865268473936034,
        "layer3.1.conv2.0": 0.009124187609006946,
        "layer3.1.conv2.1": 0.00033793287440766465,
        "layer3.1.conv2.2": 0.009865268473936034,
        "layer4.0.conv1.0": 0.009124187609006946,
        "layer4.0.conv1.1": 8.448321860191616e-05,
        "layer4.0.conv1.2": 0.004932634236968017,
        "layer4.0.conv2.0": 0.004557647319313898,
        "layer4.0.conv2.1": 8.448321860191616e-05,
        "layer4.0.conv2.2": 0.004932634236968017,
        "layer4.0.downsample.0.0": 0.0022810469022517365,
        "layer4.0.downsample.0.1": 0.004932634236968017,
        "layer4.1.conv1.0": 0.004557647319313898,
        "layer4.1.conv1.1": 8.448321860191616e-05,
        "layer4.1.conv1.2": 0.004932634236968017,
        "layer4.1.conv2.0": 0.004557647319313898,
        "layer4.1.conv2.1": 8.448321860191616e-05,
        "layer4.1.conv2.2": 0.004932634236968017,
        "fc": 0.015494821205923081
    },
    "relative_params": {
        "conv1.0": 4.202872663465479e-05,
        "conv1.1": 0.0005253590829331848,
        "conv1.2": 0.000784536230513556,
        "layer1.0.conv1.0": 0.0006829668078131403,
        "layer1.0.conv1.1": 0.00010507181658663697,
        "layer1.0.conv1.2": 0.000784536230513556,
        "layer1.0.conv2.0": 0.0006829668078131403,
        "layer1.0.conv2.1": 0.00010507181658663697,
        "layer1.0.conv2.2": 0.000784536230513556,
        "layer1.1.conv1.0": 0.0006829668078131403,
        "layer1.1.conv1.1": 0.00010507181658663697,
        "layer1.1.conv1.2": 0.000784536230513556,
        "layer1.1.conv2.0": 0.0006829668078131403,
        "layer1.1.conv2.1": 0.00010507181658663697,
        "layer1.1.conv2.2": 0.000784536230513556,
        "layer2.0.conv1.0": 0.0006829668078131403,
        "layer2.0.conv1.1": 0.00010507181658663697,
        "layer2.0.conv1.2": 0.001569072461027112,
        "layer2.0.conv2.0": 0.001355426433967617,
        "layer2.0.conv2.1": 0.00010507181658663697,
        "layer2.0.conv2.2": 0.001569072461027112,
        "layer2.0.downsample.0.0": 0.0006829668078131403,
        "layer2.0.downsample.0.1": 0.001569072461027112,
        "layer2.1.conv1.0": 0.001355426433967617,
        "layer2.1.conv1.1": 0.00010507181658663697,
        "layer2.1.conv1.2": 0.001569072461027112,
        "layer2.1.conv2.0": 0.001355426433967617,
        "layer2.1.conv2.1": 0.00010507181658663697,
        "layer2.1.conv2.2": 0.001569072461027112,
        "layer3.0.conv1.0": 0.001355426433967617,
        "layer3.0.conv1.1": 0.00010507181658663697,
        "layer3.0.conv1.2": 0.003138144922054224,
        "layer3.0.conv2.0": 0.00270034568627657,
        "layer3.0.conv2.1": 0.00010507181658663697,
        "layer3.0.conv2.2": 0.003138144922054224,
        "layer3.0.downsample.0.0": 0.001355426433967617,
        "layer3.0.downsample.0.1": 0.003138144922054224,
        "layer3.1.conv1.0": 0.00270034568627657,
        "layer3.1.conv1.1": 0.00010507181658663697,
        "layer3.1.conv1.2": 0.003138144922054224,
        "layer3.1.conv2.0": 0.00270034568627657,
        "layer3.1.conv2.1": 0.00010507181658663697,
        "layer3.1.conv2.2": 0.003138144922054224,
        "layer4.0.conv1.0": 0.00270034568627657,
        "layer4.0.conv1.1": 0.00010507181658663697,
        "layer4.0.conv1.2": 0.006276289844108448,
        "layer4.0.conv2.0": 0.0053901841908944766,
        "layer4.0.conv2.1": 0.00010507181658663697,
        "layer4.0.conv2.2": 0.006276289844108448,
        "layer4.0.downsample.0.0": 0.00270034568627657,
        "layer4.0.downsample.0.1": 0.006276289844108448,
        "layer4.1.conv1.0": 0.0053901841908944766,
        "layer4.1.conv1.1": 0.00010507181658663697,
        "layer4.1.conv1.2": 0.006276289844108448,
        "layer4.1.conv2.0": 0.0053901841908944766,
        "layer4.1.conv2.1": 0.00010507181658663697,
        "layer4.1.conv2.2": 0.006276289844108448,
        "fc": 0.8983640318157461
    }
}