{
    "total_flops": 1024483935,
    "total_params": 3177342,
    "relative_flops": {
        "conv1.0": 0.001028513931748476,
        "conv1.1.0": 0.001028513931748476,
        "conv1.1.1": 0.003636531401539254,
        "conv1.1.2": 0.0054854076359918715,
        "conv1.2": 0.10108822643470734,
        "layer1.0.conv1.0": 0.025272056608676836,
        "layer1.0.conv1.1.0": 0.00355388296059518,
        "layer1.0.conv1.1.1": 0.000523440125979135,
        "layer1.0.conv1.1.2": 0.003722240895851627,
        "layer1.0.conv1.2": 0.025272056608676836,
        "layer1.0.conv2.0": 0.025272056608676836,
        "layer1.0.conv2.1.0": 0.00355388296059518,
        "layer1.0.conv2.1.1": 0.000523440125979135,
        "layer1.0.conv2.1.2": 0.003722240895851627,
        "layer1.0.conv2.2": 0.025272056608676836,
        "layer1.1.conv1.0": 0.025272056608676836,
        "layer1.1.conv1.1.0": 0.00355388296059518,
        "layer1.1.conv1.1.1": 0.000523440125979135,
        "layer1.1.conv1.1.2": 0.003722240895851627,
        "layer1.1.conv1.2": 0.025272056608676836,
        "layer1.1.conv2.0": 0.025272056608676836,
        "layer1.1.conv2.1.0": 0.00355388296059518,
        "layer1.1.conv2.1.1": 0.000523440125979135,
        "layer1.1.conv2.1.2": 0.003722240895851627,
        "layer1.1.conv2.2": 0.025272056608676836,
        "layer2.0.conv1.0": 0.025272056608676836,
        "layer2.0.conv1.1.0": 0.00355388296059518,
        "layer2.0.conv1.1.1": 0.00013086003149478375,
        "layer2.0.conv1.1.2": 0.0018611204479258136,
        "layer2.0.conv1.2": 0.025174102900891268,
        "layer2.0.conv2.0": 0.025174102900891268,
        "layer2.0.conv2.1.0": 0.0017700541102189172,
        "layer2.0.conv2.1.1": 0.00013086003149478375,
        "layer2.0.conv2.1.2": 0.0018611204479258136,
        "layer2.0.conv2.2": 0.025174102900891268,
        "layer2.0.downsample.0.0": 0.0039487588451057555,
        "layer2.0.downsample.0.1": 0.0079342503306311,
        "layer2.1.conv1.0": 0.025174102900891268,
        "layer2.1.conv1.1.0": 0.0017700541102189172,
        "layer2.1.conv1.1.1": 0.00013086003149478375,
        "layer2.1.conv1.1.2": 0.0018611204479258136,
        "layer2.1.conv1.2": 0.025174102900891268,
        "layer2.1.conv2.0": 0.025174102900891268,
        "layer2.1.conv2.1.0": 0.0017700541102189172,
        "layer2.1.conv2.1.1": 0.00013086003149478375,
        "layer2.1.conv2.1.2": 0.0018611204479258136,
        "layer2.1.conv2.2": 0.025174102900891268,
        "layer3.0.conv1.0": 0.025174102900891268,
        "layer3.0.conv1.1.0": 0.0017700541102189172,
        "layer3.0.conv1.1.1": 3.271500787369594e-05,
        "layer3.0.conv1.1.2": 0.0009305602239629068,
        "layer3.0.conv1.2": 0.025125126046998483,
        "layer3.0.conv2.0": 0.025125126046998483,
        "layer3.0.conv2.1.0": 0.0008833052125897904,
        "layer3.0.conv2.1.1": 3.271500787369594e-05,
        "layer3.0.conv2.1.2": 0.0009305602239629068,
        "layer3.0.conv2.2": 0.025125126046998483,
        "layer3.0.downsample.0.0": 0.00196672678913213,
        "layer3.0.downsample.0.1": 0.00396712516531555,
        "layer3.1.conv1.0": 0.025125126046998483,
        "layer3.1.conv1.1.0": 0.0008833052125897904,
        "layer3.1.conv1.1.1": 3.271500787369594e-05,
        "layer3.1.conv1.1.2": 0.0009305602239629068,
        "layer3.1.conv1.2": 0.025125126046998483,
        "layer3.1.conv2.0": 0.025125126046998483,
        "layer3.1.conv2.1.0": 0.0008833052125897904,
        "layer3.1.conv2.1.1": 3.271500787369594e-05,
        "layer3.1.conv2.1.2": 0.0009305602239629068,
        "layer3.1.conv2.2": 0.025125126046998483,
        "layer4.0.conv1.0": 0.025125126046998483,
        "layer4.0.conv1.1.0": 0.0008833052125897904,
        "layer4.0.conv1.1.1": 8.178751968423985e-06,
        "layer4.0.conv1.1.2": 0.0004652801119814534,
        "layer4.0.conv1.2": 0.02510063762005209,
        "layer4.0.conv2.0": 0.02510063762005209,
        "layer4.0.conv2.1.0": 0.00044122214566497814,
        "layer4.0.conv2.1.1": 8.178751968423985e-06,
        "layer4.0.conv2.1.2": 0.0004652801119814534,
        "layer4.0.conv2.2": 0.02510063762005209,
        "layer4.0.downsample.0.0": 0.0009814502362108781,
        "layer4.0.downsample.0.1": 0.001983562582657775,
        "layer4.1.conv1.0": 0.02510063762005209,
        "layer4.1.conv1.1.0": 0.00044122214566497814,
        "layer4.1.conv1.1.1": 8.178751968423985e-06,
        "layer4.1.conv1.1.2": 0.0004652801119814534,
        "layer4.1.conv1.2": 0.02510063762005209,
        "layer4.1.conv2.0": 0.02510063762005209,
        "layer4.1.conv2.1.0": 0.00044122214566497814,
        "layer4.1.conv2.1.1": 8.178751968423985e-06,
        "layer4.1.conv2.1.2": 0.0004652801119814534,
        "layer4.1.conv2.2": 0.02510063762005209,
        "fc": 0.0010000273942802236
    },
    "relative_params": {
        "conv1.0": 3.7767416916403712e-06,
        "conv1.1.0": 3.7767416916403712e-06,
        "conv1.1.1": 4.720927114550464e-05,
        "conv1.1.2": 8.057048942166125e-05,
        "conv1.2": 0.0013092704531019953,
        "layer1.0.conv1.0": 0.0013092704531019953,
        "layer1.0.conv1.1.0": 0.00018411615746746808,
        "layer1.0.conv1.1.1": 2.8325562687302782e-05,
        "layer1.0.conv1.1.2": 0.00020142622355415313,
        "layer1.0.conv1.2": 0.0013092704531019953,
        "layer1.0.conv2.0": 0.0013092704531019953,
        "layer1.0.conv2.1.0": 0.00018411615746746808,
        "layer1.0.conv2.1.1": 2.8325562687302782e-05,
        "layer1.0.conv2.1.2": 0.00020142622355415313,
        "layer1.0.conv2.2": 0.0013092704531019953,
        "layer1.1.conv1.0": 0.0013092704531019953,
        "layer1.1.conv1.1.0": 0.00018411615746746808,
        "layer1.1.conv1.1.1": 2.8325562687302782e-05,
        "layer1.1.conv1.1.2": 0.00020142622355415313,
        "layer1.1.conv1.2": 0.0013092704531019953,
        "layer1.1.conv2.0": 0.0013092704531019953,
        "layer1.1.conv2.1.0": 0.00018411615746746808,
        "layer1.1.conv2.1.1": 2.8325562687302782e-05,
        "layer1.1.conv2.1.2": 0.00020142622355415313,
        "layer1.1.conv2.2": 0.0013092704531019953,
        "layer2.0.conv1.0": 0.0013092704531019953,
        "layer2.0.conv1.1.0": 0.00018411615746746808,
        "layer2.0.conv1.1.1": 2.8325562687302782e-05,
        "layer2.0.conv1.1.2": 0.00040285244710830625,
        "layer2.0.conv1.2": 0.005196796567697151,
        "layer2.0.conv2.0": 0.005196796567697151,
        "layer2.0.conv2.1.0": 0.0003653997586662059,
        "layer2.0.conv2.1.1": 2.8325562687302782e-05,
        "layer2.0.conv2.1.2": 0.00040285244710830625,
        "layer2.0.conv2.2": 0.005196796567697151,
        "layer2.0.downsample.0.0": 0.0008182940331887471,
        "layer2.0.downsample.0.1": 0.0016516950331440555,
        "layer2.1.conv1.0": 0.005196796567697151,
        "layer2.1.conv1.1.0": 0.0003653997586662059,
        "layer2.1.conv1.1.1": 2.8325562687302782e-05,
        "layer2.1.conv1.1.2": 0.00040285244710830625,
        "layer2.1.conv1.2": 0.005196796567697151,
        "layer2.1.conv2.0": 0.005196796567697151,
        "layer2.1.conv2.1.0": 0.0003653997586662059,
        "layer2.1.conv2.1.1": 2.8325562687302782e-05,
        "layer2.1.conv2.1.2": 0.00040285244710830625,
        "layer2.1.conv2.2": 0.005196796567697151,
        "layer3.0.conv1.0": 0.005196796567697151,
        "layer3.0.conv1.1.0": 0.0003653997586662059,
        "layer3.0.conv1.1.1": 2.8325562687302782e-05,
        "layer3.0.conv1.1.2": 0.0008057048942166125,
        "layer3.0.conv1.2": 0.02070661578136694,
        "layer3.0.conv2.0": 0.02070661578136694,
        "layer3.0.conv2.1.0": 0.0007279669610636816,
        "layer3.0.conv2.1.1": 2.8325562687302782e-05,
        "layer3.0.conv2.1.2": 0.0008057048942166125,
        "layer3.0.conv2.2": 0.02070661578136694,
        "layer3.0.downsample.0.0": 0.0016239989274053595,
        "layer3.0.downsample.0.1": 0.003303390066288111,
        "layer3.1.conv1.0": 0.02070661578136694,
        "layer3.1.conv1.1.0": 0.0007279669610636816,