{
    "total_flops": 1026067566,
    "total_params": 3181383,
    "relative_flops": {
        "conv1.0": 0.0010269265250315884,
        "conv1.1.0": 0.0010269265250315884,
        "conv1.1.1": 0.0036309187849331162,
        "conv1.1.2": 0.005476941466835138,
        "conv1.2": 0.10093220703167612,
        "layer1.0.conv1.0": 0.02523305175791903,
        "layer1.0.conv1.1.0": 0.0035483979034573636,
        "layer1.0.conv1.1.1": 0.0005226322493464333,
        "layer1.0.conv1.1.2": 0.0037164959953524153,
        "layer1.0.conv1.2": 0.02523305175791903,
        "layer1.0.conv2.0": 0.02523305175791903,
        "layer1.0.conv2.1.0": 0.0035483979034573636,
        "layer1.0.conv2.1.1": 0.0005226322493464333,
        "layer1.0.conv2.1.2": 0.0037164959953524153,
        "layer1.0.conv2.2": 0.02523305175791903,
        "layer1.1.conv1.0": 0.02523305175791903,
        "layer1.1.conv1.1.0": 0.0035483979034573636,
        "layer1.1.conv1.1.1": 0.0005226322493464333,
        "layer1.1.conv1.1.2": 0.0037164959953524153,
        "layer1.1.conv1.2": 0.02523305175791903,
        "layer1.1.conv2.0": 0.02523305175791903,
        "layer1.1.conv2.1.0": 0.0035483979034573636,
        "layer1.1.conv2.1.1": 0.0005226322493464333,
        "layer1.1.conv2.1.2": 0.0037164959953524153,
        "layer1.1.conv2.2": 0.02523305175791903,
        "layer2.0.conv1.0": 0.02523305175791903,
        "layer2.0.conv1.1.0": 0.0035483979034573636,
        "layer2.0.conv1.1.1": 0.00013065806233660834,
        "layer2.0.conv1.1.2": 0.0018582479976762076,
        "layer2.0.conv1.2": 0.025135249231725543,
        "layer2.0.conv2.0": 0.025135249231725543,
        "layer2.0.conv2.1.0": 0.0017673222116057024,
        "layer2.0.conv2.1.1": 0.00013065806233660834,
        "layer2.0.conv2.1.2": 0.0018582479976762076,
        "layer2.0.conv2.2": 0.025135249231725543,
        "layer2.0.downsample.0.0": 0.004238364162462962,
        "layer2.0.downsample.0.1": 0.008508819778833162,
        "layer2.1.conv1.0": 0.025135249231725543,
        "layer2.1.conv1.1.0": 0.0017673222116057024,
        "layer2.1.conv1.1.1": 0.00013065806233660834,
        "layer2.1.conv1.1.2": 0.0018582479976762076,
        "layer2.1.conv1.2": 0.025135249231725543,
        "layer2.1.conv2.0": 0.025135249231725543,
        "layer2.1.conv2.1.0": 0.0017673222116057024,
        "layer2.1.conv2.1.1": 0.00013065806233660834,
        "layer2.1.conv2.1.2": 0.0018582479976762076,
        "layer2.1.conv2.2": 0.025135249231725543,
        "layer3.0.conv1.0": 0.025135249231725543,
        "layer3.0.conv1.1.0": 0.0017673222116057024,
        "layer3.0.conv1.1.1": 3.2664515584152084e-05,
        "layer3.0.conv1.1.2": 0.0009291239988381038,
        "layer3.0.conv1.2": 0.025086347968628804,
        "layer3.0.conv2.0": 0.025086347968628804,
        "layer3.0.conv2.1.0": 0.0008819419207721064,
        "layer3.0.conv2.1.1": 3.2664515584152084e-05,
        "layer3.0.conv2.1.2": 0.0009291239988381038,
        "layer3.0.conv2.2": 0.025086347968628804,
        "layer3.0.downsample.0.0": 0.0021109681971957003,
        "layer3.0.downsample.0.1": 0.004254409889416581,
        "layer3.1.conv1.0": 0.025086347968628804,
        "layer3.1.conv1.1.0": 0.0008819419207721064,
        "layer3.1.conv1.1.1": 3.2664515584152084e-05,
        "layer3.1.conv1.1.2": 0.0009291239988381038,
        "layer3.1.conv1.2": 0.025086347968628804,
        "layer3.1.conv2.0": 0.025086347968628804,
        "layer3.1.conv2.1.0": 0.0008819419207721064,
        "layer3.1.conv2.1.1": 3.2664515584152084e-05,
        "layer3.1.conv2.1.2": 0.0009291239988381038,
        "layer3.1.conv2.2": 0.025086347968628804,
        "layer4.0.conv1.0": 0.025086347968628804,
        "layer4.0.conv1.1.0": 0.0008819419207721064,
        "layer4.0.conv1.1.1": 8.166128896038021e-06,
        "layer4.0.conv1.1.2": 0.0004645619994190519,
        "layer4.0.conv1.2": 0.025061897337080433,
        "layer4.0.conv2.0": 0.025061897337080433,
        "layer4.0.conv2.1.0": 0.00044054116412836695,
        "layer4.0.conv2.1.1": 8.166128896038021e-06,
        "layer4.0.conv2.1.2": 0.0004645619994190519,
        "layer4.0.conv2.2": 0.025061897337080433,
        "layer4.0.downsample.0.0": 0.0010534306275889048,
        "layer4.0.downsample.0.1": 0.0021272049447082905,
        "layer4.1.conv1.0": 0.025061897337080433,
        "layer4.1.conv1.1.0": 0.00044054116412836695,
        "layer4.1.conv1.1.1": 8.166128896038021e-06,
        "layer4.1.conv1.1.2": 0.0004645619994190519,
        "layer4.1.conv1.2": 0.025061897337080433,
        "layer4.1.conv2.0": 0.025061897337080433,
        "layer4.1.conv2.1.0": 0.00044054116412836695,
        "layer4.1.conv2.1.1": 8.166128896038021e-06,
        "layer4.1.conv2.1.2": 0.0004645619994190519,
        "layer4.1.conv2.2": 0.025061897337080433,
        "fc": 0.0009984839536385853
    },
    "relative_params": {
        "conv1.0": 3.771944465661632e-06,
        "conv1.1.0": 3.771944465661632e-06,
        "conv1.1.1": 4.71493058207704e-05,
        "conv1.1.2": 8.046814860078149e-05,
        "conv1.2": 0.0013076074147626991,
        "layer1.0.conv1.0": 0.0013076074147626991,
        "layer1.0.conv1.1.0": 0.00018388229270100456,
        "layer1.0.conv1.1.1": 2.828958349246224e-05,
        "layer1.0.conv1.1.2": 0.0002011703715019537,
        "layer1.0.conv1.2": 0.0013076074147626991,
        "layer1.0.conv2.0": 0.0013076074147626991,
        "layer1.0.conv2.1.0": 0.00018388229270100456,
        "layer1.0.conv2.1.1": 2.828958349246224e-05,
        "layer1.0.conv2.1.2": 0.0002011703715019537,
        "layer1.0.conv2.2": 0.0013076074147626991,
        "layer1.1.conv1.0": 0.0013076074147626991,
        "layer1.1.conv1.1.0": 0.00018388229270100456,
        "layer1.1.conv1.1.1": 2.828958349246224e-05,
        "layer1.1.conv1.1.2": 0.0002011703715019537,
        "layer1.1.conv1.2": 0.0013076074147626991,
        "layer1.1.conv2.0": 0.0013076074147626991,
        "layer1.1.conv2.1.0": 0.00018388229270100456,
        "layer1.1.conv2.1.1": 2.828958349246224e-05,
        "layer1.1.conv2.1.2": 0.0002011703715019537,
        "layer1.1.conv2.2": 0.0013076074147626991,
        "layer2.0.conv1.0": 0.0013076074147626991,
        "layer2.0.conv1.1.0": 0.00018388229270100456,
        "layer2.0.conv1.1.1": 2.828958349246224e-05,
        "layer2.0.conv1.1.2": 0.0004023407430039074,
        "layer2.0.conv1.2": 0.005190195584750406,
        "layer2.0.conv2.0": 0.005190195584750406,
        "layer2.0.conv2.1.0": 0.0003649356270527629,
        "layer2.0.conv2.1.1": 2.828958349246224e-05,
        "layer2.0.conv2.1.2": 0.0004023407430039074,
        "layer2.0.conv2.2": 0.005190195584750406,
        "layer2.0.downsample.0.0": 0.0008785487317936885,
        "layer2.0.downsample.0.1": 0.0017702992692171927,
        "layer2.1.conv1.0": 0.005190195584750406,
        "layer2.1.conv1.1.0": 0.0003649356270527629,
        "layer2.1.conv1.1.1": 2.828958349246224e-05,
        "layer2.1.conv1.1.2": 0.0004023407430039074,
        "layer2.1.conv1.2": 0.005190195584750406,
        "layer2.1.conv2.0": 0.005190195584750406,
        "layer2.1.conv2.1.0": 0.0003649356270527629,
        "layer2.1.conv2.1.1": 2.828958349246224e-05,
        "layer2.1.conv2.1.2": 0.0004023407430039074,
        "layer2.1.conv2.2": 0.005190195584750406,
        "layer3.0.conv1.0": 0.005190195584750406,
        "layer3.0.conv1.1.0": 0.0003649356270527629,
        "layer3.0.conv1.1.1": 2.828958349246224e-05,
        "layer3.0.conv1.1.2": 0.0008046814860078148,
        "layer3.0.conv1.2": 0.020680314190400843,
        "layer3.0.conv2.0": 0.020680314190400843,
        "layer3.0.conv2.1.0": 0.0007270422957562796,
        "layer3.0.conv2.1.1": 2.828958349246224e-05,
        "layer3.0.conv2.1.2": 0.0008046814860078148,
        "layer3.0.conv2.2": 0.020680314190400843,
        "layer3.0.downsample.0.0": 0.0017435813292520895,
        "layer3.0.downsample.0.1": 0.0035405985384343855,
        "layer3.1.conv1.0": 0.020680314190400843,