{
    "total_flops": 1015510026,
    "total_params": 3154443,
    "relative_flops": {
        "conv1.0": 0.0010376027543030875,
        "conv1.1.0": 0.0010376027543030875,
        "conv1.1.1": 0.0036686668812859163,
        "conv1.1.2": 0.005533881356283133,
        "conv1.2": 0.10198152785150345,
        "layer1.0.conv1.0": 0.025495381962875863,
        "layer1.0.conv1.1.0": 0.0035852880885294184,
        "layer1.0.conv1.1.1": 0.0005280656874578213,
        "layer1.0.conv1.1.2": 0.0037551337774778403,
        "layer1.0.conv1.2": 0.025495381962875863,
        "layer1.0.conv2.0": 0.025495381962875863,
        "layer1.0.conv2.1.0": 0.0035852880885294184,
        "layer1.0.conv2.1.1": 0.0005280656874578213,
        "layer1.0.conv2.1.2": 0.0037551337774778403,
        "layer1.0.conv2.2": 0.025495381962875863,
        "layer1.1.conv1.0": 0.025495381962875863,
        "layer1.1.conv1.1.0": 0.0035852880885294184,
        "layer1.1.conv1.1.1": 0.0005280656874578213,
        "layer1.1.conv1.1.2": 0.0037551337774778403,
        "layer1.1.conv1.2": 0.025495381962875863,
        "layer1.1.conv2.0": 0.025495381962875863,
        "layer1.1.conv2.1.0": 0.0035852880885294184,
        "layer1.1.conv2.1.1": 0.0005280656874578213,
        "layer1.1.conv2.1.2": 0.0037551337774778403,
        "layer1.1.conv2.2": 0.025495381962875863,
        "layer2.0.conv1.0": 0.025495381962875863,
        "layer2.0.conv1.1.0": 0.0035852880885294184,
        "layer2.0.conv1.1.1": 0.00013201642186445533,
        "layer2.0.conv1.1.2": 0.0018775668887389201,
        "layer2.0.conv1.2": 0.025396562652942236,
        "layer2.0.conv2.0": 0.025396562652942236,
        "layer2.0.conv2.1.0": 0.001785695811535001,
        "layer2.0.conv2.1.1": 0.00013201642186445533,
        "layer2.0.conv2.1.2": 0.0018775668887389201,
        "layer2.0.conv2.2": 0.025396562652942236,
        "layer2.0.downsample.0.0": 0.0022906007232271286,
        "layer2.0.downsample.0.1": 0.004644507566880487,
        "layer2.1.conv1.0": 0.025396562652942236,
        "layer2.1.conv1.1.0": 0.001785695811535001,
        "layer2.1.conv1.1.1": 0.00013201642186445533,
        "layer2.1.conv1.1.2": 0.0018775668887389201,
        "layer2.1.conv1.2": 0.025396562652942236,
        "layer2.1.conv2.0": 0.025396562652942236,
        "layer2.1.conv2.1.0": 0.001785695811535001,
        "layer2.1.conv2.1.1": 0.00013201642186445533,
        "layer2.1.conv2.1.2": 0.0018775668887389201,
        "layer2.1.conv2.2": 0.025396562652942236,
        "layer3.0.conv1.0": 0.025396562652942236,
        "layer3.0.conv1.1.0": 0.001785695811535001,
        "layer3.0.conv1.1.1": 3.3004105466113833e-05,
        "layer3.0.conv1.1.2": 0.0009387834443694601,
        "layer3.0.conv1.2": 0.025347152997975422,
        "layer3.0.conv2.0": 0.025347152997975422,
        "layer3.0.conv2.1.0": 0.0008911108475850735,
        "layer3.0.conv2.1.1": 3.3004105466113833e-05,
        "layer3.0.conv2.1.2": 0.0009387834443694601,
        "layer3.0.conv2.2": 0.025347152997975422,
        "layer3.0.downsample.0.0": 0.0011408612129251395,
        "layer3.0.downsample.0.1": 0.0023222537834402435,
        "layer3.1.conv1.0": 0.025347152997975422,
        "layer3.1.conv1.1.0": 0.0008911108475850735,
        "layer3.1.conv1.1.1": 3.3004105466113833e-05,
        "layer3.1.conv1.1.2": 0.0009387834443694601,
        "layer3.1.conv1.2": 0.025347152997975422,
        "layer3.1.conv2.0": 0.025347152997975422,
        "layer3.1.conv2.1.0": 0.0008911108475850735,
        "layer3.1.conv2.1.1": 3.3004105466113833e-05,
        "layer3.1.conv2.1.2": 0.0009387834443694601,
        "layer3.1.conv2.2": 0.025347152997975422,
        "layer4.0.conv1.0": 0.025347152997975422,
        "layer4.0.conv1.1.0": 0.0008911108475850735,
        "layer4.0.conv1.1.1": 8.251026366528458e-06,
        "layer4.0.conv1.1.2": 0.00046939172218473003,
        "layer4.0.conv1.2": 0.025322448170492017,
        "layer4.0.conv2.0": 0.025322448170492017,
        "layer4.0.conv2.1.0": 0.00044512115924692997,
        "layer4.0.conv2.1.1": 8.251026366528458e-06,
        "layer4.0.conv2.1.2": 0.00046939172218473003,
        "layer4.0.conv2.2": 0.025322448170492017,
        "layer4.0.downsample.0.0": 0.0005693208192904636,
        "layer4.0.downsample.0.1": 0.0011611268917201217,
        "layer4.1.conv1.0": 0.025322448170492017,
        "layer4.1.conv1.1.0": 0.00044512115924692997,
        "layer4.1.conv1.1.1": 8.251026366528458e-06,
        "layer4.1.conv1.1.2": 0.00046939172218473003,
        "layer4.1.conv1.2": 0.025322448170492017,
        "layer4.1.conv2.0": 0.025322448170492017,
        "layer4.1.conv2.1.0": 0.00044512115924692997,
        "layer4.1.conv2.1.1": 8.251026366528458e-06,
        "layer4.1.conv2.1.2": 0.00046939172218473003,
        "layer4.1.conv2.2": 0.025322448170492017,
        "fc": 0.0010088644855979
    },
    "relative_params": {
        "conv1.0": 3.804158135049516e-06,
        "conv1.1.0": 3.804158135049516e-06,
        "conv1.1.1": 4.755197668811895e-05,
        "conv1.1.2": 8.1155373547723e-05,
        "conv1.2": 0.001318774820150499,
        "layer1.0.conv1.0": 0.001318774820150499,
        "layer1.0.conv1.1.0": 0.0001854527090836639,
        "layer1.0.conv1.1.1": 2.8531186012871368e-05,
        "layer1.0.conv1.1.2": 0.0002028884338693075,
        "layer1.0.conv1.2": 0.001318774820150499,
        "layer1.0.conv2.0": 0.001318774820150499,
        "layer1.0.conv2.1.0": 0.0001854527090836639,
        "layer1.0.conv2.1.1": 2.8531186012871368e-05,
        "layer1.0.conv2.1.2": 0.0002028884338693075,
        "layer1.0.conv2.2": 0.001318774820150499,
        "layer1.1.conv1.0": 0.001318774820150499,
        "layer1.1.conv1.1.0": 0.0001854527090836639,
        "layer1.1.conv1.1.1": 2.8531186012871368e-05,
        "layer1.1.conv1.1.2": 0.0002028884338693075,
        "layer1.1.conv1.2": 0.001318774820150499,
        "layer1.1.conv2.0": 0.001318774820150499,
        "layer1.1.conv2.1.0": 0.0001854527090836639,
        "layer1.1.conv2.1.1": 2.8531186012871368e-05,
        "layer1.1.conv2.1.2": 0.0002028884338693075,
        "layer1.1.conv2.2": 0.001318774820150499,
        "layer2.0.conv1.0": 0.001318774820150499,
        "layer2.0.conv1.1.0": 0.0001854527090836639,
        "layer2.0.conv1.1.1": 2.8531186012871368e-05,
        "layer2.0.conv1.1.2": 0.000405776867738615,
        "layer2.0.conv1.2": 0.005234521593828134,
        "layer2.0.conv2.0": 0.005234521593828134,
        "layer2.0.conv2.1.0": 0.00036805229956604065,
        "layer2.0.conv2.1.1": 2.8531186012871368e-05,
        "layer2.0.conv2.1.2": 0.000405776867738615,
        "layer2.0.conv2.2": 0.005234521593828134,
        "layer2.0.downsample.0.0": 0.00047393470099158554,
        "layer2.0.downsample.0.1": 0.0009738644825726761,
        "layer2.1.conv1.0": 0.005234521593828134,
        "layer2.1.conv1.1.0": 0.00036805229956604065,
        "layer2.1.conv1.1.1": 2.8531186012871368e-05,
        "layer2.1.conv1.1.2": 0.000405776867738615,
        "layer2.1.conv1.2": 0.005234521593828134,
        "layer2.1.conv2.0": 0.005234521593828134,
        "layer2.1.conv2.1.0": 0.00036805229956604065,
        "layer2.1.conv2.1.1": 2.8531186012871368e-05,
        "layer2.1.conv2.1.2": 0.000405776867738615,
        "layer2.1.conv2.2": 0.005234521593828134,
        "layer3.0.conv1.0": 0.005234521593828134,
        "layer3.0.conv1.1.0": 0.00036805229956604065,
        "layer3.0.conv1.1.1": 2.8531186012871368e-05,
        "layer3.0.conv1.1.2": 0.00081155373547723,
        "layer3.0.conv1.2": 0.020856931001764813,
        "layer3.0.conv2.0": 0.020856931001764813,
        "layer3.0.conv2.1.0": 0.0007332514805307942,
        "layer3.0.conv2.1.1": 2.8531186012871368e-05,
        "layer3.0.conv2.1.2": 0.00081155373547723,
        "layer3.0.conv2.2": 0.020856931001764813,
        "layer3.0.downsample.0.0": 0.0009405780988909928,
        "layer3.0.downsample.0.1": 0.0019477289651453522,
        "layer3.1.conv1.0": 0.020856931001764813,