{
    "total_flops": 1035041475,
    "total_params": 3204282,
    "relative_flops": {
        "conv1.0": 0.0010180229734272242,
        "conv1.1.0": 0.0010180229734272242,
        "conv1.1.1": 0.0035994383703319716,
        "conv1.1.2": 0.0054294558582785295,
        "conv1.2": 0.10005711510256148,
        "layer1.0.conv1.0": 0.02501427877564037,
        "layer1.0.conv1.1.0": 0.0035176329528244267,
        "layer1.0.conv1.1.1": 0.0005181009775477838,
        "layer1.0.conv1.1.2": 0.0036842736181175737,
        "layer1.0.conv1.2": 0.02501427877564037,
        "layer1.0.conv2.0": 0.02501427877564037,
        "layer1.0.conv2.1.0": 0.0035176329528244267,
        "layer1.0.conv2.1.1": 0.0005181009775477838,
        "layer1.0.conv2.1.2": 0.0036842736181175737,
        "layer1.0.conv2.2": 0.02501427877564037,
        "layer1.1.conv1.0": 0.02501427877564037,
        "layer1.1.conv1.1.0": 0.0035176329528244267,
        "layer1.1.conv1.1.1": 0.0005181009775477838,
        "layer1.1.conv1.1.2": 0.0036842736181175737,
        "layer1.1.conv1.2": 0.02501427877564037,
        "layer1.1.conv2.0": 0.02501427877564037,
        "layer1.1.conv2.1.0": 0.0035176329528244267,
        "layer1.1.conv2.1.1": 0.0005181009775477838,
        "layer1.1.conv2.1.2": 0.0036842736181175737,
        "layer1.1.conv2.2": 0.02501427877564037,
        "layer2.0.conv1.0": 0.02501427877564037,
        "layer2.0.conv1.1.0": 0.0035176329528244267,
        "layer2.0.conv1.1.1": 0.00012952524438694595,
        "layer2.0.conv1.1.2": 0.0018421368090587868,
        "layer2.0.conv1.2": 0.024917324206742537,
        "layer2.0.conv2.0": 0.024917324206742537,
        "layer2.0.conv2.1.0": 0.0017519993582865846,
        "layer2.0.conv2.1.1": 0.00012952524438694595,
        "layer2.0.conv2.1.2": 0.0018421368090587868,
        "layer2.0.conv2.2": 0.024917324206742537,
        "layer2.0.downsample.0.0": 0.005862721588040711,
        "layer2.0.downsample.0.1": 0.011731502836637537,
        "layer2.1.conv1.0": 0.024917324206742537,
        "layer2.1.conv1.1.0": 0.0017519993582865846,
        "layer2.1.conv1.1.1": 0.00012952524438694595,
        "layer2.1.conv1.1.2": 0.0018421368090587868,
        "layer2.1.conv1.2": 0.024917324206742537,
        "layer2.1.conv2.0": 0.024917324206742537,
        "layer2.1.conv2.1.0": 0.0017519993582865846,
        "layer2.1.conv2.1.1": 0.00012952524438694595,
        "layer2.1.conv2.1.2": 0.0018421368090587868,
        "layer2.1.conv2.2": 0.024917324206742537,
        "layer3.0.conv1.0": 0.024917324206742537,
        "layer3.0.conv1.1.0": 0.0017519993582865846,
        "layer3.0.conv1.1.1": 3.2381311096736487e-05,
        "layer3.0.conv1.1.2": 0.0009210684045293934,
        "layer3.0.conv1.2": 0.02486884692229362,
        "layer3.0.conv2.0": 0.02486884692229362,
        "layer3.0.conv2.1.0": 0.0008742953996118851,
        "layer3.0.conv2.1.1": 3.2381311096736487e-05,
        "layer3.0.conv2.1.2": 0.0009210684045293934,
        "layer3.0.conv2.2": 0.02486884692229362,
        "layer3.0.downsample.0.0": 0.002919998930477641,
        "layer3.0.downsample.0.1": 0.005865751418318768,
        "layer3.1.conv1.0": 0.02486884692229362,
        "layer3.1.conv1.1.0": 0.0008742953996118851,
        "layer3.1.conv1.1.1": 3.2381311096736487e-05,
        "layer3.1.conv1.1.2": 0.0009210684045293934,
        "layer3.1.conv1.2": 0.02486884692229362,
        "layer3.1.conv2.0": 0.02486884692229362,
        "layer3.1.conv2.1.0": 0.0008742953996118851,
        "layer3.1.conv2.1.1": 3.2381311096736487e-05,
        "layer3.1.conv2.1.2": 0.0009210684045293934,
        "layer3.1.conv2.2": 0.02486884692229362,
        "layer4.0.conv1.0": 0.02486884692229362,
        "layer4.0.conv1.1.0": 0.0008742953996118851,
        "layer4.0.conv1.1.1": 8.095327774184122e-06,
        "layer4.0.conv1.1.2": 0.0004605342022646967,
        "layer4.0.conv1.2": 0.024844608280069163,
        "layer4.0.conv2.0": 0.024844608280069163,
        "layer4.0.conv2.1.0": 0.0004367216299230908,
        "layer4.0.conv2.1.1": 8.095327774184122e-06,
        "layer4.0.conv2.1.2": 0.0004605342022646967,
        "layer4.0.conv2.2": 0.024844608280069163,
        "layer4.0.downsample.0.0": 0.001457158999353142,
        "layer4.0.downsample.0.1": 0.002932875709159384,
        "layer4.1.conv1.0": 0.024844608280069163,
        "layer4.1.conv1.1.0": 0.0004367216299230908,
        "layer4.1.conv1.1.1": 8.095327774184122e-06,
        "layer4.1.conv1.1.2": 0.0004605342022646967,
        "layer4.1.conv1.2": 0.024844608280069163,
        "layer4.1.conv2.0": 0.024844608280069163,
        "layer4.1.conv2.1.0": 0.0004367216299230908,
        "layer4.1.conv2.1.1": 8.095327774184122e-06,
        "layer4.1.conv2.1.2": 0.0004605342022646967,
        "layer4.1.conv2.2": 0.024844608280069163,
        "fc": 0.000989827001859998
    },
    "relative_params": {
        "conv1.0": 3.7449887369463738e-06,
        "conv1.1.0": 3.7449887369463738e-06,
        "conv1.1.1": 4.681235921182967e-05,
        "conv1.1.2": 7.989309305485596e-05,
        "conv1.2": 0.0012982627621414096,
        "layer1.0.conv1.0": 0.0012982627621414096,
        "layer1.0.conv1.1.0": 0.0001825682009261357,
        "layer1.0.conv1.1.1": 2.80874155270978e-05,
        "layer1.0.conv1.1.2": 0.00019973273263713994,
        "layer1.0.conv1.2": 0.0012982627621414096,
        "layer1.0.conv2.0": 0.0012982627621414096,
        "layer1.0.conv2.1.0": 0.0001825682009261357,
        "layer1.0.conv2.1.1": 2.80874155270978e-05,
        "layer1.0.conv2.1.2": 0.00019973273263713994,
        "layer1.0.conv2.2": 0.0012982627621414096,
        "layer1.1.conv1.0": 0.0012982627621414096,
        "layer1.1.conv1.1.0": 0.0001825682009261357,
        "layer1.1.conv1.1.1": 2.80874155270978e-05,
        "layer1.1.conv1.1.2": 0.00019973273263713994,
        "layer1.1.conv1.2": 0.0012982627621414096,
        "layer1.1.conv2.0": 0.0012982627621414096,
        "layer1.1.conv2.1.0": 0.0001825682009261357,
        "layer1.1.conv2.1.1": 2.80874155270978e-05,
        "layer1.1.conv2.1.2": 0.00019973273263713994,
        "layer1.1.conv2.2": 0.0012982627621414096,
        "layer2.0.conv1.0": 0.0012982627621414096,
        "layer2.0.conv1.1.0": 0.0001825682009261357,
        "layer2.0.conv1.1.1": 2.80874155270978e-05,
        "layer2.0.conv1.1.2": 0.0003994654652742799,
        "layer2.0.conv1.2": 0.00515310450203821,
        "layer2.0.conv2.0": 0.00515310450203821,
        "layer2.0.conv2.1.0": 0.0003623276602995616,
        "layer2.0.conv2.1.1": 2.80874155270978e-05,
        "layer2.0.conv2.1.2": 0.0003994654652742799,
        "layer2.0.conv2.2": 0.00515310450203821,
        "layer2.0.downsample.0.0": 0.0012171213395075714,
        "layer2.0.downsample.0.1": 0.002436739338173107,
        "layer2.1.conv1.0": 0.00515310450203821,
        "layer2.1.conv1.1.0": 0.0003623276602995616,
        "layer2.1.conv1.1.1": 2.80874155270978e-05,
        "layer2.1.conv1.1.2": 0.0003994654652742799,
        "layer2.1.conv1.2": 0.00515310450203821,
        "layer2.1.conv2.0": 0.00515310450203821,
        "layer2.1.conv2.1.0": 0.0003623276602995616,
        "layer2.1.conv2.1.1": 2.80874155270978e-05,
        "layer2.1.conv2.1.2": 0.0003994654652742799,
        "layer2.1.conv2.2": 0.00515310450203821,
        "layer3.0.conv1.0": 0.00515310450203821,
        "layer3.0.conv1.1.0": 0.0003623276602995616,
        "layer3.0.conv1.1.1": 2.80874155270978e-05,
        "layer3.0.conv1.1.2": 0.0007989309305485598,
        "layer3.0.conv1.2": 0.020532524915097983,
        "layer3.0.conv2.0": 0.020532524915097983,
        "layer3.0.conv2.1.0": 0.0007218465790464135,
        "layer3.0.conv2.1.1": 2.80874155270978e-05,
        "layer3.0.conv2.1.2": 0.0007989309305485598,
        "layer3.0.conv2.2": 0.020532524915097983,
        "layer3.0.downsample.0.0": 0.002415517735330411,
        "layer3.0.downsample.0.1": 0.004873478676346214,
        "layer3.1.conv1.0": 0.020532524915097983,
        "layer3.1.conv1.1.0": 0.0007218465790464135,