{
    "total_flops": 1008119748,
    "total_params": 3135585,
    "relative_flops": {
        "conv1.0": 0.0010452091649731277,
        "conv1.1.0": 0.0010452091649731277,
        "conv1.1.1": 0.0036955609761549876,
        "conv1.1.2": 0.0055744488798566815,
        "conv1.2": 0.10272912935735884,
        "layer1.0.conv1.0": 0.02568228233933971,
        "layer1.0.conv1.1.0": 0.003611570953969647,
        "layer1.0.conv1.1.1": 0.000531936807173824,
        "layer1.0.conv1.1.2": 0.003782661739902748,
        "layer1.0.conv1.2": 0.02568228233933971,
        "layer1.0.conv2.0": 0.02568228233933971,
        "layer1.0.conv2.1.0": 0.003611570953969647,
        "layer1.0.conv2.1.1": 0.000531936807173824,
        "layer1.0.conv2.1.2": 0.003782661739902748,
        "layer1.0.conv2.2": 0.02568228233933971,
        "layer1.1.conv1.0": 0.02568228233933971,
        "layer1.1.conv1.1.0": 0.003611570953969647,
        "layer1.1.conv1.1.1": 0.000531936807173824,
        "layer1.1.conv1.1.2": 0.003782661739902748,
        "layer1.1.conv1.2": 0.02568228233933971,
        "layer1.1.conv2.0": 0.02568228233933971,
        "layer1.1.conv2.1.0": 0.003611570953969647,
        "layer1.1.conv2.1.1": 0.000531936807173824,
        "layer1.1.conv2.1.2": 0.003782661739902748,
        "layer1.1.conv2.2": 0.02568228233933971,
        "layer2.0.conv1.0": 0.02568228233933971,
        "layer2.0.conv1.1.0": 0.003611570953969647,
        "layer2.0.conv1.1.1": 0.000132984201793456,
        "layer2.0.conv1.1.2": 0.001891330869951374,
        "layer2.0.conv1.2": 0.025582738609342272,
        "layer2.0.conv2.0": 0.025582738609342272,
        "layer2.0.conv2.1.0": 0.0017987863084693784,
        "layer2.0.conv2.1.1": 0.000132984201793456,
        "layer2.0.conv2.1.2": 0.001891330869951374,
        "layer2.0.conv2.2": 0.025582738609342272,
        "layer2.0.downsample.0.0": 0.0009028927384924117,
        "layer2.0.downsample.0.1": 0.001891330869951374,
        "layer2.1.conv1.0": 0.025582738609342272,
        "layer2.1.conv1.1.0": 0.0017987863084693784,
        "layer2.1.conv1.1.1": 0.000132984201793456,
        "layer2.1.conv1.1.2": 0.001891330869951374,
        "layer2.1.conv1.2": 0.025582738609342272,
        "layer2.1.conv2.0": 0.025582738609342272,
        "layer2.1.conv2.1.0": 0.0017987863084693784,
        "layer2.1.conv2.1.1": 0.000132984201793456,
        "layer2.1.conv2.1.2": 0.001891330869951374,
        "layer2.1.conv2.2": 0.025582738609342272,
        "layer3.0.conv1.0": 0.025582738609342272,
        "layer3.0.conv1.1.0": 0.0017987863084693784,
        "layer3.0.conv1.1.1": 3.3246050448364e-05,
        "layer3.0.conv1.1.2": 0.000945665434975687,
        "layer3.0.conv1.2": 0.02553296674434355,
        "layer3.0.conv2.0": 0.02553296674434355,
        "layer3.0.conv2.1.0": 0.0008976433621058279,
        "layer3.0.conv2.1.1": 3.3246050448364e-05,
        "layer3.0.conv2.1.2": 0.000945665434975687,
        "layer3.0.conv2.2": 0.02553296674434355,
        "layer3.0.downsample.0.0": 0.0004496965771173446,
        "layer3.0.downsample.0.1": 0.000945665434975687,
        "layer3.1.conv1.0": 0.02553296674434355,
        "layer3.1.conv1.1.0": 0.0008976433621058279,
        "layer3.1.conv1.1.1": 3.3246050448364e-05,
        "layer3.1.conv1.1.2": 0.000945665434975687,
        "layer3.1.conv1.2": 0.02553296674434355,
        "layer3.1.conv2.0": 0.02553296674434355,
        "layer3.1.conv2.1.0": 0.0008976433621058279,
        "layer3.1.conv2.1.1": 3.3246050448364e-05,
        "layer3.1.conv2.1.2": 0.000945665434975687,
        "layer3.1.conv2.2": 0.02553296674434355,
        "layer4.0.conv1.0": 0.02553296674434355,
        "layer4.0.conv1.1.0": 0.0008976433621058279,
        "layer4.0.conv1.1.1": 8.311512612091e-06,
        "layer4.0.conv1.1.2": 0.0004728327174878435,
        "layer4.0.conv1.2": 0.025508080811844188,
        "layer4.0.conv2.0": 0.025508080811844188,
        "layer4.0.conv2.1.0": 0.0004483842330206986,
        "layer4.0.conv2.1.1": 8.311512612091e-06,
        "layer4.0.conv2.1.2": 0.0004728327174878435,
        "layer4.0.conv2.2": 0.025508080811844188,
        "layer4.0.downsample.0.0": 0.00022441084052645698,
        "layer4.0.downsample.0.1": 0.0004728327174878435,
        "layer4.1.conv1.0": 0.025508080811844188,
        "layer4.1.conv1.1.0": 0.0004483842330206986,
        "layer4.1.conv1.1.1": 8.311512612091e-06,
        "layer4.1.conv1.1.2": 0.0004728327174878435,
        "layer4.1.conv1.2": 0.025508080811844188,
        "layer4.1.conv2.0": 0.025508080811844188,
        "layer4.1.conv2.1.0": 0.0004483842330206986,
        "layer4.1.conv2.1.1": 8.311512612091e-06,
        "layer4.1.conv2.1.2": 0.0004728327174878435,
        "layer4.1.conv2.2": 0.025508080811844188,
        "fc": 0.001016260223086117
    },
    "relative_params": {
        "conv1.0": 3.82703706007013e-06,
        "conv1.1.0": 3.82703706007013e-06,
        "conv1.1.1": 4.783796325087663e-05,
        "conv1.1.2": 8.164345728149612e-05,
        "conv1.2": 0.0013267061808243119,
        "layer1.0.conv1.0": 0.0013267061808243119,
        "layer1.0.conv1.1.0": 0.00018656805667841887,
        "layer1.0.conv1.1.1": 2.870277795052598e-05,
        "layer1.0.conv1.1.2": 0.0002041086432037403,
        "layer1.0.conv1.2": 0.0013267061808243119,
        "layer1.0.conv2.0": 0.0013267061808243119,
        "layer1.0.conv2.1.0": 0.00018656805667841887,
        "layer1.0.conv2.1.1": 2.870277795052598e-05,
        "layer1.0.conv2.1.2": 0.0002041086432037403,
        "layer1.0.conv2.2": 0.0013267061808243119,
        "layer1.1.conv1.0": 0.0013267061808243119,
        "layer1.1.conv1.1.0": 0.00018656805667841887,
        "layer1.1.conv1.1.1": 2.870277795052598e-05,
        "layer1.1.conv1.1.2": 0.0002041086432037403,
        "layer1.1.conv1.2": 0.0013267061808243119,
        "layer1.1.conv2.0": 0.0013267061808243119,
        "layer1.1.conv2.1.0": 0.00018656805667841887,
        "layer1.1.conv2.1.1": 2.870277795052598e-05,
        "layer1.1.conv2.1.2": 0.0002041086432037403,
        "layer1.1.conv2.2": 0.0013267061808243119,
        "layer2.0.conv1.0": 0.0013267061808243119,
        "layer2.0.conv1.1.0": 0.00018656805667841887,
        "layer2.0.conv1.1.1": 2.870277795052598e-05,
        "layer2.0.conv1.1.2": 0.0004082172864074806,
        "layer2.0.conv1.2": 0.005266002994656499,
        "layer2.0.conv2.0": 0.005266002994656499,
        "layer2.0.conv2.1.0": 0.0003702658355617851,
        "layer2.0.conv2.1.1": 2.870277795052598e-05,
        "layer2.0.conv2.1.2": 0.0004082172864074806,
        "layer2.0.conv2.2": 0.005266002994656499,
        "layer2.0.downsample.0.0": 0.00018656805667841887,
        "layer2.0.downsample.0.1": 0.0004082172864074806,
        "layer2.1.conv1.0": 0.005266002994656499,
        "layer2.1.conv1.1.0": 0.0003702658355617851,
        "layer2.1.conv1.1.1": 2.870277795052598e-05,
        "layer2.1.conv1.1.2": 0.0004082172864074806,
        "layer2.1.conv1.2": 0.005266002994656499,
        "layer2.1.conv2.0": 0.005266002994656499,
        "layer2.1.conv2.1.0": 0.0003702658355617851,
        "layer2.1.conv2.1.1": 2.870277795052598e-05,
        "layer2.1.conv2.1.2": 0.0004082172864074806,
        "layer2.1.conv2.2": 0.005266002994656499,
        "layer3.0.conv1.0": 0.005266002994656499,
        "layer3.0.conv1.1.0": 0.0003702658355617851,
        "layer3.0.conv1.1.1": 2.870277795052598e-05,
        "layer3.0.conv1.1.2": 0.0008164345728149612,
        "layer3.0.conv1.2": 0.020982368521344504,
        "layer3.0.conv2.0": 0.020982368521344504,
        "layer3.0.conv2.1.0": 0.0007376613933285177,
        "layer3.0.conv2.1.1": 2.870277795052598e-05,
        "layer3.0.conv2.1.2": 0.0008164345728149612,
        "layer3.0.conv2.2": 0.020982368521344504,
        "layer3.0.downsample.0.0": 0.0003702658355617851,
        "layer3.0.downsample.0.1": 0.0008164345728149612,
        "layer3.1.conv1.0": 0.020982368521344504,
        "layer3.1.conv1.1.0": 0.0007376613933285177,