{
    "total_flops": 1005480363,
    "total_params": 3128850,
    "relative_flops": {
        "conv1.0": 0.001047952838040657,
        "conv1.1.0": 0.001047952838040657,
        "conv1.1.1": 0.00370526182021518,
        "conv1.1.2": 0.005589081802883504,
        "conv1.2": 0.10299879322456743,
        "layer1.0.conv1.0": 0.025749698306141856,
        "layer1.0.conv1.1.0": 0.003621051324301199,
        "layer1.0.conv1.1.1": 0.0005333331407885487,
        "layer1.0.conv1.1.2": 0.003792591223385235,
        "layer1.0.conv1.2": 0.025749698306141856,
        "layer1.0.conv2.0": 0.025749698306141856,
        "layer1.0.conv2.1.0": 0.003621051324301199,
        "layer1.0.conv2.1.1": 0.0005333331407885487,
        "layer1.0.conv2.1.2": 0.003792591223385235,
        "layer1.0.conv2.2": 0.025749698306141856,
        "layer1.1.conv1.0": 0.025749698306141856,
        "layer1.1.conv1.1.0": 0.003621051324301199,
        "layer1.1.conv1.1.1": 0.0005333331407885487,
        "layer1.1.conv1.1.2": 0.003792591223385235,
        "layer1.1.conv1.2": 0.025749698306141856,
        "layer1.1.conv2.0": 0.025749698306141856,
        "layer1.1.conv2.1.0": 0.003621051324301199,
        "layer1.1.conv2.1.1": 0.0005333331407885487,
        "layer1.1.conv2.1.2": 0.003792591223385235,
        "layer1.1.conv2.2": 0.025749698306141856,
        "layer2.0.conv1.0": 0.025749698306141856,
        "layer2.0.conv1.1.0": 0.003621051324301199,
        "layer2.0.conv1.1.1": 0.00013333328519713717,
        "layer2.0.conv1.1.2": 0.0018962956116926174,
        "layer2.0.conv1.2": 0.02564989327394751,
        "layer2.0.conv2.0": 0.02564989327394751,
        "layer2.0.conv2.1.0": 0.0018035081208244343,
        "layer2.0.conv2.1.1": 0.00013333328519713717,
        "layer2.0.conv2.1.2": 0.0018962956116926174,
        "layer2.0.conv2.2": 0.02564989327394751,
        "layer2.0.downsample.0.0": 0.0004023390360334665,
        "layer2.0.downsample.0.1": 0.0008982452897491346,
        "layer2.1.conv1.0": 0.02564989327394751,
        "layer2.1.conv1.1.0": 0.0018035081208244343,
        "layer2.1.conv1.1.1": 0.00013333328519713717,
        "layer2.1.conv1.1.2": 0.0018962956116926174,
        "layer2.1.conv1.2": 0.02564989327394751,
        "layer2.1.conv2.0": 0.02564989327394751,
        "layer2.1.conv2.1.0": 0.0018035081208244343,
        "layer2.1.conv2.1.1": 0.00013333328519713717,
        "layer2.1.conv2.1.2": 0.0018962956116926174,
        "layer2.1.conv2.2": 0.02564989327394751,
        "layer3.0.conv1.0": 0.02564989327394751,
        "layer3.0.conv1.1.0": 0.0018035081208244343,
        "layer3.0.conv1.1.1": 3.333332129928429e-05,
        "layer3.0.conv1.1.2": 0.0009481478058463087,
        "layer3.0.conv1.2": 0.025599990757850334,
        "layer3.0.conv2.0": 0.025599990757850334,
        "layer3.0.conv2.1.0": 0.0008999996750806759,
        "layer3.0.conv2.1.1": 3.333332129928429e-05,
        "layer3.0.conv2.1.2": 0.0009481478058463087,
        "layer3.0.conv2.2": 0.025599990757850334,
        "layer3.0.downsample.0.0": 0.00020038979120271493,
        "layer3.0.downsample.0.1": 0.0004491226448745673,
        "layer3.1.conv1.0": 0.025599990757850334,
        "layer3.1.conv1.1.0": 0.0008999996750806759,
        "layer3.1.conv1.1.1": 3.333332129928429e-05,
        "layer3.1.conv1.1.2": 0.0009481478058463087,
        "layer3.1.conv1.2": 0.025599990757850334,
        "layer3.1.conv2.0": 0.025599990757850334,
        "layer3.1.conv2.1.0": 0.0008999996750806759,
        "layer3.1.conv2.1.1": 3.333332129928429e-05,
        "layer3.1.conv2.1.2": 0.0009481478058463087,
        "layer3.1.conv2.2": 0.025599990757850334,
        "layer4.0.conv1.0": 0.025599990757850334,
        "layer4.0.conv1.1.0": 0.0008999996750806759,
        "layer4.0.conv1.1.1": 8.333330324821073e-06,
        "layer4.0.conv1.1.2": 0.00047407390292315436,
        "layer4.0.conv1.2": 0.02557503949980175,
        "layer4.0.conv2.0": 0.02557503949980175,
        "layer4.0.conv2.1.0": 0.0004495612412074526,
        "layer4.0.conv2.1.1": 8.333330324821073e-06,
        "layer4.0.conv2.1.2": 0.00047407390292315436,
        "layer4.0.conv2.2": 0.02557503949980175,
        "layer4.0.downsample.0.0": 9.999996389785287e-05,
        "layer4.0.downsample.0.1": 0.00022456132243728365,
        "layer4.1.conv1.0": 0.02557503949980175,
        "layer4.1.conv1.1.0": 0.0004495612412074526,
        "layer4.1.conv1.1.1": 8.333330324821073e-06,
        "layer4.1.conv1.1.2": 0.00047407390292315436,
        "layer4.1.conv1.2": 0.02557503949980175,
        "layer4.1.conv2.0": 0.02557503949980175,
        "layer4.1.conv2.1.0": 0.0004495612412074526,
        "layer4.1.conv2.1.1": 8.333330324821073e-06,
        "layer4.1.conv2.1.2": 0.00047407390292315436,
        "layer4.1.conv2.2": 0.02557503949980175,
        "fc": 0.0010189279052086272
    },
    "relative_params": {
        "conv1.0": 3.835274941272352e-06,
        "conv1.1.0": 3.835274941272352e-06,
        "conv1.1.1": 4.794093676590441e-05,
        "conv1.1.2": 8.181919874714352e-05,
        "conv1.2": 0.0013295619796410822,
        "layer1.0.conv1.0": 0.0013295619796410822,
        "layer1.0.conv1.1.0": 0.00018696965338702717,
        "layer1.0.conv1.1.1": 2.8764562059542644e-05,
        "layer1.0.conv1.1.2": 0.0002045479968678588,
        "layer1.0.conv1.2": 0.0013295619796410822,
        "layer1.0.conv2.0": 0.0013295619796410822,
        "layer1.0.conv2.1.0": 0.00018696965338702717,
        "layer1.0.conv2.1.1": 2.8764562059542644e-05,
        "layer1.0.conv2.1.2": 0.0002045479968678588,
        "layer1.0.conv2.2": 0.0013295619796410822,
        "layer1.1.conv1.0": 0.0013295619796410822,
        "layer1.1.conv1.1.0": 0.00018696965338702717,
        "layer1.1.conv1.1.1": 2.8764562059542644e-05,
        "layer1.1.conv1.1.2": 0.0002045479968678588,
        "layer1.1.conv1.2": 0.0013295619796410822,
        "layer1.1.conv2.0": 0.0013295619796410822,
        "layer1.1.conv2.1.0": 0.00018696965338702717,
        "layer1.1.conv2.1.1": 2.8764562059542644e-05,
        "layer1.1.conv2.1.2": 0.0002045479968678588,
        "layer1.1.conv2.2": 0.0013295619796410822,
        "layer2.0.conv1.0": 0.0013295619796410822,
        "layer2.0.conv1.1.0": 0.00018696965338702717,
        "layer2.0.conv1.1.1": 2.8764562059542644e-05,
        "layer2.0.conv1.1.2": 0.0004090959937357176,
        "layer2.0.conv1.2": 0.005277338319190757,
        "layer2.0.conv2.0": 0.005277338319190757,
        "layer2.0.conv2.1.0": 0.0003710628505681001,
        "layer2.0.conv2.1.1": 2.8764562059542644e-05,
        "layer2.0.conv2.1.2": 0.0004090959937357176,
        "layer2.0.conv2.2": 0.005277338319190757,
        "layer2.0.downsample.0.0": 8.309762372756764e-05,
        "layer2.0.downsample.0.1": 0.0002045479968678588,
        "layer2.1.conv1.0": 0.005277338319190757,
        "layer2.1.conv1.1.0": 0.0003710628505681001,
        "layer2.1.conv1.1.1": 2.8764562059542644e-05,
        "layer2.1.conv1.1.2": 0.0004090959937357176,
        "layer2.1.conv1.2": 0.005277338319190757,
        "layer2.1.conv2.0": 0.005277338319190757,
        "layer2.1.conv2.1.0": 0.0003710628505681001,
        "layer2.1.conv2.1.1": 2.8764562059542644e-05,
        "layer2.1.conv2.1.2": 0.0004090959937357176,
        "layer2.1.conv2.2": 0.005277338319190757,
        "layer3.0.conv1.0": 0.005277338319190757,
        "layer3.0.conv1.1.0": 0.0003710628505681001,
        "layer3.0.conv1.1.1": 2.8764562059542644e-05,
        "layer3.0.conv1.1.2": 0.0008181919874714351,
        "layer3.0.conv1.2": 0.021027534078015886,
        "layer3.0.conv2.0": 0.021027534078015886,
        "layer3.0.conv2.1.0": 0.000739249244930246,
        "layer3.0.conv2.1.1": 2.8764562059542644e-05,
        "layer3.0.conv2.1.2": 0.0008181919874714351,
        "layer3.0.conv2.2": 0.021027534078015886,
        "layer3.0.downsample.0.0": 0.00016491682247471114,
        "layer3.0.downsample.0.1": 0.0004090959937357176,
        "layer3.1.conv1.0": 0.021027534078015886,