{
    "total_flops": 1021316673,
    "total_params": 3169260,
    "relative_flops": {
        "conv1.0": 0.0010317035135683132,
        "conv1.1.0": 0.0010317035135683132,
        "conv1.1.1": 0.003647808851545107,
        "conv1.1.2": 0.005502418739031004,
        "conv1.2": 0.10140171676214278,
        "layer1.0.conv1.0": 0.025350429190535696,
        "layer1.0.conv1.1.0": 0.0035649041049190824,
        "layer1.0.conv1.1.1": 0.0005250633952981594,
        "layer1.0.conv1.1.2": 0.0037337841443424668,
        "layer1.0.conv1.2": 0.025350429190535696,
        "layer1.0.conv2.0": 0.025350429190535696,
        "layer1.0.conv2.1.0": 0.0035649041049190824,
        "layer1.0.conv2.1.1": 0.0005250633952981594,
        "layer1.0.conv2.1.2": 0.0037337841443424668,
        "layer1.0.conv2.2": 0.025350429190535696,
        "layer1.1.conv1.0": 0.025350429190535696,
        "layer1.1.conv1.1.0": 0.0035649041049190824,
        "layer1.1.conv1.1.1": 0.0005250633952981594,
        "layer1.1.conv1.1.2": 0.0037337841443424668,
        "layer1.1.conv1.2": 0.025350429190535696,
        "layer1.1.conv2.0": 0.025350429190535696,
        "layer1.1.conv2.1.0": 0.0035649041049190824,
        "layer1.1.conv2.1.1": 0.0005250633952981594,
        "layer1.1.conv2.1.2": 0.0037337841443424668,
        "layer1.1.conv2.2": 0.025350429190535696,
        "layer2.0.conv1.0": 0.025350429190535696,
        "layer2.0.conv1.1.0": 0.0035649041049190824,
        "layer2.0.conv1.1.1": 0.00013126584882453986,
        "layer2.0.conv1.1.2": 0.0018668920721712334,
        "layer2.0.conv1.2": 0.025252171713053,
        "layer2.0.conv2.0": 0.025252171713053,
        "layer2.0.conv2.1.0": 0.001775543323574039,
        "layer2.0.conv2.1.1": 0.00013126584882453986,
        "layer2.0.conv2.1.2": 0.0018668920721712334,
        "layer2.0.conv2.2": 0.025252171713053,
        "layer2.0.downsample.0.0": 0.003366853876868022,
        "layer2.0.downsample.0.1": 0.006779765946306058,
        "layer2.1.conv1.0": 0.025252171713053,
        "layer2.1.conv1.1.0": 0.001775543323574039,
        "layer2.1.conv1.1.1": 0.00013126584882453986,
        "layer2.1.conv1.1.2": 0.0018668920721712334,
        "layer2.1.conv1.2": 0.025252171713053,
        "layer2.1.conv2.0": 0.025252171713053,
        "layer2.1.conv2.1.0": 0.001775543323574039,
        "layer2.1.conv2.1.1": 0.00013126584882453986,
        "layer2.1.conv2.1.2": 0.0018668920721712334,
        "layer2.1.conv2.2": 0.025252171713053,
        "layer3.0.conv1.0": 0.025252171713053,
        "layer3.0.conv1.1.0": 0.001775543323574039,
        "layer3.0.conv1.1.1": 3.2816462206134964e-05,
        "layer3.0.conv1.1.2": 0.0009334460360856167,
        "layer3.0.conv1.2": 0.02520304297431165,
        "layer3.0.conv2.0": 0.02520304297431165,
        "layer3.0.conv2.1.0": 0.000886044479565644,
        "layer3.0.conv2.1.1": 3.2816462206134964e-05,
        "layer3.0.conv2.1.2": 0.0009334460360856167,
        "layer3.0.conv2.2": 0.02520304297431165,
        "layer3.0.downsample.0.0": 0.0016769020278199257,
        "layer3.0.downsample.0.1": 0.003389882973153029,
        "layer3.1.conv1.0": 0.02520304297431165,
        "layer3.1.conv1.1.0": 0.000886044479565644,
        "layer3.1.conv1.1.1": 3.2816462206134964e-05,
        "layer3.1.conv1.1.2": 0.0009334460360856167,
        "layer3.1.conv1.2": 0.02520304297431165,
        "layer3.1.conv2.0": 0.02520304297431165,
        "layer3.1.conv2.1.0": 0.000886044479565644,
        "layer3.1.conv2.1.1": 3.2816462206134964e-05,
        "layer3.1.conv2.1.2": 0.0009334460360856167,
        "layer3.1.conv2.2": 0.02520304297431165,
        "layer4.0.conv1.0": 0.02520304297431165,
        "layer4.0.conv1.1.0": 0.000886044479565644,
        "layer4.0.conv1.1.1": 8.204115551533741e-06,
        "layer4.0.conv1.1.2": 0.00046672301804280835,
        "layer4.0.conv1.2": 0.025178478604940976,
        "layer4.0.conv2.0": 0.025178478604940976,
        "layer4.0.conv2.1.0": 0.00044259044422747813,
        "layer4.0.conv2.1.1": 8.204115551533741e-06,
        "layer4.0.conv2.1.2": 0.00046672301804280835,
        "layer4.0.conv2.2": 0.025178478604940976,
        "layer4.0.downsample.0.0": 0.0008368197862564415,
        "layer4.0.downsample.0.1": 0.0016949414865765145,
        "layer4.1.conv1.0": 0.025178478604940976,
        "layer4.1.conv1.1.0": 0.00044259044422747813,
        "layer4.1.conv1.1.1": 8.204115551533741e-06,
        "layer4.1.conv1.1.2": 0.00046672301804280835,
        "layer4.1.conv1.2": 0.025178478604940976,
        "layer4.1.conv2.0": 0.025178478604940976,
        "layer4.1.conv2.1.0": 0.00044259044422747813,
        "layer4.1.conv2.1.1": 8.204115551533741e-06,
        "layer4.1.conv2.1.2": 0.00046672301804280835,
        "layer4.1.conv2.2": 0.025178478604940976,
        "fc": 0.001003128634912631
    },
    "relative_params": {
        "conv1.0": 3.7863728441339617e-06,
        "conv1.1.0": 3.7863728441339617e-06,
        "conv1.1.1": 4.732966055167452e-05,
        "conv1.1.2": 8.077595400819118e-05,
        "conv1.2": 0.0013126092526331069,
        "layer1.0.conv1.0": 0.0013126092526331069,
        "layer1.0.conv1.1.0": 0.00018458567615153065,
        "layer1.0.conv1.1.1": 2.8397796331004714e-05,
        "layer1.0.conv1.1.2": 0.00020193988502047796,
        "layer1.0.conv1.2": 0.0013126092526331069,
        "layer1.0.conv2.0": 0.0013126092526331069,
        "layer1.0.conv2.1.0": 0.00018458567615153065,
        "layer1.0.conv2.1.1": 2.8397796331004714e-05,
        "layer1.0.conv2.1.2": 0.00020193988502047796,
        "layer1.0.conv2.2": 0.0013126092526331069,
        "layer1.1.conv1.0": 0.0013126092526331069,
        "layer1.1.conv1.1.0": 0.00018458567615153065,
        "layer1.1.conv1.1.1": 2.8397796331004714e-05,
        "layer1.1.conv1.1.2": 0.00020193988502047796,
        "layer1.1.conv1.2": 0.0013126092526331069,
        "layer1.1.conv2.0": 0.0013126092526331069,
        "layer1.1.conv2.1.0": 0.00018458567615153065,
        "layer1.1.conv2.1.1": 2.8397796331004714e-05,
        "layer1.1.conv2.1.2": 0.00020193988502047796,
        "layer1.1.conv2.2": 0.0013126092526331069,
        "layer2.0.conv1.0": 0.0013126092526331069,
        "layer2.0.conv1.1.0": 0.00018458567615153065,
        "layer2.0.conv1.1.1": 2.8397796331004714e-05,
        "layer2.0.conv1.1.2": 0.0004038797700409559,
        "layer2.0.conv1.2": 0.005210049033528332,
        "layer2.0.conv2.0": 0.005210049033528332,
        "layer2.0.conv2.1.0": 0.00036633157266996084,
        "layer2.0.conv2.1.1": 2.8397796331004714e-05,
        "layer2.0.conv2.1.2": 0.0004038797700409559,
        "layer2.0.conv2.2": 0.005210049033528332,
        "layer2.0.downsample.0.0": 0.000697323665461338,
        "layer2.0.downsample.0.1": 0.0014135791951433458,
        "layer2.1.conv1.0": 0.005210049033528332,
        "layer2.1.conv1.1.0": 0.00036633157266996084,
        "layer2.1.conv1.1.1": 2.8397796331004714e-05,
        "layer2.1.conv1.1.2": 0.0004038797700409559,
        "layer2.1.conv1.2": 0.005210049033528332,
        "layer2.1.conv2.0": 0.005210049033528332,
        "layer2.1.conv2.1.0": 0.00036633157266996084,
        "layer2.1.conv2.1.1": 2.8397796331004714e-05,
        "layer2.1.conv2.1.2": 0.0004038797700409559,
        "layer2.1.conv2.2": 0.005210049033528332,
        "layer3.0.conv1.0": 0.005210049033528332,
        "layer3.0.conv1.1.0": 0.00036633157266996084,
        "layer3.0.conv1.1.1": 2.8397796331004714e-05,
        "layer3.0.conv1.1.2": 0.0008077595400819118,
        "layer3.0.conv1.2": 0.020759420180105136,
        "layer3.0.conv2.0": 0.020759420180105136,
        "layer3.0.conv2.1.0": 0.0007298233657068212,
        "layer3.0.conv2.1.1": 2.8397796331004714e-05,
        "layer3.0.conv2.1.2": 0.0008077595400819118,
        "layer3.0.conv2.2": 0.020759420180105136,
        "layer3.0.downsample.0.0": 0.001383919274530963,
        "layer3.0.downsample.0.1": 0.0028271583902866916,
        "layer3.1.conv1.0": 0.020759420180105136,