{
    "total_flops": 347871012,
    "total_params": 810609,
    "relative_flops": {
        "conv1.0": 0.03331883255624645,
        "conv1.1": 0.11780587225244281,
        "conv1.2": 0.15462246104024327,
        "layer1.0.conv1.0": 0.03837615535496243,
        "layer1.0.conv1.1": 0.005652301951506095,
        "layer1.0.conv1.2": 0.03865561526006082,
        "layer1.0.conv2.0": 0.03837615535496243,
        "layer1.0.conv2.1": 0.005652301951506095,
        "layer1.0.conv2.2": 0.03865561526006082,
        "layer1.1.conv1.0": 0.03837615535496243,
        "layer1.1.conv1.1": 0.005652301951506095,
        "layer1.1.conv1.2": 0.03865561526006082,
        "layer1.1.conv2.0": 0.03837615535496243,
        "layer1.1.conv2.1": 0.005652301951506095,
        "layer1.1.conv2.2": 0.03865561526006082,
        "layer2.0.conv1.0": 0.03837615535496243,
        "layer2.0.conv1.1": 0.0014130754878765237,
        "layer2.0.conv1.2": 0.01932780763003041,
        "layer2.0.conv2.0": 0.01911370528338245,
        "layer2.0.conv2.1": 0.0014130754878765237,
        "layer2.0.conv2.2": 0.01932780763003041,
        "layer2.0.downsample.0.0": 0.009594038838740607,
        "layer2.0.downsample.0.1": 0.01932780763003041,
        "layer2.1.conv1.0": 0.01911370528338245,
        "layer2.1.conv1.1": 0.0014130754878765237,
        "layer2.1.conv1.2": 0.01932780763003041,
        "layer2.1.conv2.0": 0.01911370528338245,
        "layer2.1.conv2.1": 0.0014130754878765237,
        "layer2.1.conv2.2": 0.01932780763003041,
        "layer3.0.conv1.0": 0.01911370528338245,
        "layer3.0.conv1.1": 0.0003532688719691309,
        "layer3.0.conv1.2": 0.009663903815015204,
        "layer3.0.conv2.0": 0.009538259543166535,
        "layer3.0.conv2.1": 0.0003532688719691309,
        "layer3.0.conv2.2": 0.009663903815015204,
        "layer3.0.downsample.0.0": 0.004778426320845613,
        "layer3.0.downsample.0.1": 0.009663903815015204,
        "layer3.1.conv1.0": 0.009538259543166535,
        "layer3.1.conv1.1": 0.0003532688719691309,
        "layer3.1.conv1.2": 0.009663903815015204,
        "layer3.1.conv2.0": 0.009538259543166535,
        "layer3.1.conv2.1": 0.0003532688719691309,
        "layer3.1.conv2.2": 0.009663903815015204,
        "layer4.0.conv1.0": 0.009538259543166535,
        "layer4.0.conv1.1": 8.831721799228273e-05,
        "layer4.0.conv1.2": 0.004831951907507602,
        "layer4.0.conv2.0": 0.004764481496952094,
        "layer4.0.conv2.1": 8.831721799228273e-05,
        "layer4.0.conv2.2": 0.004831951907507602,
        "layer4.0.downsample.0.0": 0.0023845648857916337,
        "layer4.0.downsample.0.1": 0.004831951907507602,
        "layer4.1.conv1.0": 0.004764481496952094,
        "layer4.1.conv1.1": 8.831721799228273e-05,
        "layer4.1.conv1.2": 0.004831951907507602,
        "layer4.1.conv2.0": 0.004764481496952094,
        "layer4.1.conv2.1": 8.831721799228273e-05,
        "layer4.1.conv2.2": 0.004831951907507602,
        "fc": 0.002945091613439754
    },
    "relative_params": {
        "conv1.0": 0.00016284053100816794,
        "conv1.1": 0.002035506637602099,
        "conv1.2": 0.00268440148086192,
        "layer1.0.conv1.0": 0.002646158628882729,
        "layer1.0.conv1.1": 0.00040710132752041985,
        "layer1.0.conv1.2": 0.00268440148086192,
        "layer1.0.conv2.0": 0.002646158628882729,
        "layer1.0.conv2.1": 0.00040710132752041985,
        "layer1.0.conv2.2": 0.00268440148086192,
        "layer1.1.conv1.0": 0.002646158628882729,
        "layer1.1.conv1.1": 0.00040710132752041985,
        "layer1.1.conv1.2": 0.00268440148086192,
        "layer1.1.conv2.0": 0.002646158628882729,
        "layer1.1.conv2.1": 0.00040710132752041985,
        "layer1.1.conv2.2": 0.00268440148086192,
        "layer2.0.conv1.0": 0.002646158628882729,
        "layer2.0.conv1.1": 0.00040710132752041985,
        "layer2.0.conv1.2": 0.00536880296172384,
        "layer2.0.conv2.0": 0.005251607125013416,
        "layer2.0.conv2.1": 0.00040710132752041985,
        "layer2.0.conv2.2": 0.00536880296172384,
        "layer2.0.downsample.0.0": 0.002646158628882729,
        "layer2.0.downsample.0.1": 0.00536880296172384,
        "layer2.1.conv1.0": 0.005251607125013416,
        "layer2.1.conv1.1": 0.00040710132752041985,
        "layer2.1.conv1.2": 0.00536880296172384,
        "layer2.1.conv2.0": 0.005251607125013416,
        "layer2.1.conv2.1": 0.00040710132752041985,
        "layer2.1.conv2.2": 0.00536880296172384,
        "layer3.0.conv1.0": 0.005251607125013416,
        "layer3.0.conv1.1": 0.00040710132752041985,
        "layer3.0.conv1.2": 0.01073760592344768,
        "layer3.0.conv2.0": 0.01046250411727479,
        "layer3.0.conv2.1": 0.00040710132752041985,
        "layer3.0.conv2.2": 0.01073760592344768,
        "layer3.0.downsample.0.0": 0.005251607125013416,
        "layer3.0.downsample.0.1": 0.01073760592344768,
        "layer3.1.conv1.0": 0.01046250411727479,
        "layer3.1.conv1.1": 0.00040710132752041985,
        "layer3.1.conv1.2": 0.01073760592344768,
        "layer3.1.conv2.0": 0.01046250411727479,
        "layer3.1.conv2.1": 0.00040710132752041985,
        "layer3.1.conv2.2": 0.01073760592344768,
        "layer4.0.conv1.0": 0.01046250411727479,
        "layer4.0.conv1.1": 0.00040710132752041985,
        "layer4.0.conv1.2": 0.02147521184689536,
        "layer4.0.conv2.0": 0.020884298101797538,
        "layer4.0.conv2.1": 0.00040710132752041985,
        "layer4.0.conv2.2": 0.02147521184689536,
        "layer4.0.downsample.0.0": 0.01046250411727479,
        "layer4.0.downsample.0.1": 0.02147521184689536,
        "layer4.1.conv1.0": 0.020884298101797538,
        "layer4.1.conv1.1": 0.00040710132752041985,
        "layer4.1.conv1.2": 0.02147521184689536,
        "layer4.1.conv2.0": 0.020884298101797538,
        "layer4.1.conv2.1": 0.00040710132752041985,
        "layer4.1.conv2.2": 0.02147521184689536,
        "fc": 0.632857518236289
    }
}