{
    "total_flops": 1029234828,
    "total_params": 3189465,
    "relative_flops": {
        "conv1.0": 0.0010237663663670736,
        "conv1.1.0": 0.0010237663663670736,
        "conv1.1.1": 0.0036197453667978674,
        "conv1.1.2": 0.00546008728729106,
        "conv1.2": 0.1006216085800781,
        "layer1.0.conv1.0": 0.025155402145019524,
        "layer1.0.conv1.1.0": 0.0035374784266433705,
        "layer1.0.conv1.1.1": 0.0005210239543118143,
        "layer1.0.conv1.1.2": 0.00370505923066179,
        "layer1.0.conv1.2": 0.025155402145019524,
        "layer1.0.conv2.0": 0.025155402145019524,
        "layer1.0.conv2.1.0": 0.0035374784266433705,
        "layer1.0.conv2.1.1": 0.0005210239543118143,
        "layer1.0.conv2.1.2": 0.00370505923066179,
        "layer1.0.conv2.2": 0.025155402145019524,
        "layer1.1.conv1.0": 0.025155402145019524,
        "layer1.1.conv1.1.0": 0.0035374784266433705,
        "layer1.1.conv1.1.1": 0.0005210239543118143,
        "layer1.1.conv1.1.2": 0.00370505923066179,
        "layer1.1.conv1.2": 0.025155402145019524,
        "layer1.1.conv2.0": 0.025155402145019524,
        "layer1.1.conv2.1.0": 0.0035374784266433705,
        "layer1.1.conv2.1.1": 0.0005210239543118143,
        "layer1.1.conv2.1.2": 0.00370505923066179,
        "layer1.1.conv2.2": 0.025155402145019524,
        "layer2.0.conv1.0": 0.025155402145019524,
        "layer2.0.conv1.1.0": 0.0035374784266433705,
        "layer2.0.conv1.1.1": 0.00013025598857795357,
        "layer2.0.conv1.1.2": 0.001852529615330895,
        "layer2.0.conv1.2": 0.025057900586317898,
        "layer2.0.conv2.0": 0.025057900586317898,
        "layer2.0.conv2.1.0": 0.001761883634975477,
        "layer2.0.conv2.1.1": 0.00013025598857795357,
        "layer2.0.conv2.1.2": 0.001852529615330895,
        "layer2.0.conv2.2": 0.025057900586317898,
        "layer2.0.downsample.0.0": 0.004814901191820143,
        "layer2.0.downsample.0.1": 0.00965265431146098,
        "layer2.1.conv1.0": 0.025057900586317898,
        "layer2.1.conv1.1.0": 0.001761883634975477,
        "layer2.1.conv1.1.1": 0.00013025598857795357,
        "layer2.1.conv1.1.2": 0.001852529615330895,
        "layer2.1.conv1.2": 0.025057900586317898,
        "layer2.1.conv2.0": 0.025057900586317898,
        "layer2.1.conv2.1.0": 0.001761883634975477,
        "layer2.1.conv2.1.1": 0.00013025598857795357,
        "layer2.1.conv2.1.2": 0.001852529615330895,
        "layer2.1.conv2.2": 0.025057900586317898,
        "layer3.0.conv1.0": 0.025057900586317898,
        "layer3.0.conv1.1.0": 0.001761883634975477,
        "layer3.0.conv1.1.1": 3.256399714448839e-05,
        "layer3.0.conv1.1.2": 0.0009262648076654475,
        "layer3.0.conv1.2": 0.025009149806967085,
        "layer3.0.conv2.0": 0.025009149806967085,
        "layer3.0.conv2.1.0": 0.0008792279229011866,
        "layer3.0.conv2.1.1": 3.256399714448839e-05,
        "layer3.0.conv2.1.2": 0.0009262648076654475,
        "layer3.0.conv2.2": 0.025009149806967085,
        "layer3.0.downsample.0.0": 0.002398119392049955,
        "layer3.0.downsample.0.1": 0.00482632715573049,
        "layer3.1.conv1.0": 0.025009149806967085,
        "layer3.1.conv1.1.0": 0.0008792279229011866,
        "layer3.1.conv1.1.1": 3.256399714448839e-05,
        "layer3.1.conv1.1.2": 0.0009262648076654475,
        "layer3.1.conv1.2": 0.025009149806967085,
        "layer3.1.conv2.0": 0.025009149806967085,
        "layer3.1.conv2.1.0": 0.0008792279229011866,
        "layer3.1.conv2.1.1": 3.256399714448839e-05,
        "layer3.1.conv2.1.2": 0.0009262648076654475,
        "layer3.1.conv2.2": 0.025009149806967085,
        "layer4.0.conv1.0": 0.025009149806967085,
        "layer4.0.conv1.1.0": 0.0008792279229011866,
        "layer4.0.conv1.1.1": 8.140999286122098e-06,
        "layer4.0.conv1.1.2": 0.00046313240383272377,
        "layer4.0.conv1.2": 0.024984774417291678,
        "layer4.0.conv2.0": 0.024984774417291678,
        "layer4.0.conv2.1.0": 0.00043918548780395525,
        "layer4.0.conv2.1.1": 8.140999286122098e-06,
        "layer4.0.conv2.1.2": 0.00046313240383272377,
        "layer4.0.conv2.2": 0.024984774417291678,
        "layer4.0.downsample.0.0": 0.0011967268950599484,
        "layer4.0.downsample.0.1": 0.002413163577865245,
        "layer4.1.conv1.0": 0.024984774417291678,
        "layer4.1.conv1.1.0": 0.00043918548780395525,
        "layer4.1.conv1.1.1": 8.140999286122098e-06,
        "layer4.1.conv1.1.2": 0.00046313240383272377,
        "layer4.1.conv1.2": 0.024984774417291678,
        "layer4.1.conv2.0": 0.024984774417291678,
        "layer4.1.conv2.1.0": 0.00043918548780395525,
        "layer4.1.conv2.1.1": 8.140999286122098e-06,
        "layer4.1.conv2.1.2": 0.00046313240383272377,
        "layer4.1.conv2.2": 0.024984774417291678,
        "fc": 0.000995411321234458
    },
    "relative_params": {
        "conv1.0": 3.762386481745371e-06,
        "conv1.1.0": 3.762386481745371e-06,
        "conv1.1.1": 4.7029831021817136e-05,
        "conv1.1.2": 8.026424494390125e-05,
        "conv1.2": 0.0013042939803383953,
        "layer1.0.conv1.0": 0.0013042939803383953,
        "layer1.0.conv1.1.0": 0.00018341634098508684,
        "layer1.0.conv1.1.1": 2.8217898613090285e-05,
        "layer1.0.conv1.1.2": 0.00020066061235975312,
        "layer1.0.conv1.2": 0.0013042939803383953,
        "layer1.0.conv2.0": 0.0013042939803383953,
        "layer1.0.conv2.1.0": 0.00018341634098508684,
        "layer1.0.conv2.1.1": 2.8217898613090285e-05,
        "layer1.0.conv2.1.2": 0.00020066061235975312,
        "layer1.0.conv2.2": 0.0013042939803383953,
        "layer1.1.conv1.0": 0.0013042939803383953,
        "layer1.1.conv1.1.0": 0.00018341634098508684,
        "layer1.1.conv1.1.1": 2.8217898613090285e-05,
        "layer1.1.conv1.1.2": 0.00020066061235975312,
        "layer1.1.conv1.2": 0.0013042939803383953,
        "layer1.1.conv2.0": 0.0013042939803383953,
        "layer1.1.conv2.1.0": 0.00018341634098508684,
        "layer1.1.conv2.1.1": 2.8217898613090285e-05,
        "layer1.1.conv2.1.2": 0.00020066061235975312,
        "layer1.1.conv2.2": 0.0013042939803383953,
        "layer2.0.conv1.0": 0.0013042939803383953,
        "layer2.0.conv1.1.0": 0.00018341634098508684,
        "layer2.0.conv1.1.1": 2.8217898613090285e-05,
        "layer2.0.conv1.1.2": 0.00040132122471950624,
        "layer2.0.conv1.2": 0.00517704379888163,
        "layer2.0.conv2.0": 0.00517704379888163,
        "layer2.0.conv2.1.0": 0.00036401089210886465,
        "layer2.0.conv2.1.1": 2.8217898613090285e-05,
        "layer2.0.conv2.1.2": 0.00040132122471950624,
        "layer2.0.conv2.2": 0.00517704379888163,
        "layer2.0.downsample.0.0": 0.0009986000786965839,
        "layer2.0.downsample.0.1": 0.0020066061235975313,
        "layer2.1.conv1.0": 0.00517704379888163,
        "layer2.1.conv1.1.0": 0.00036401089210886465,
        "layer2.1.conv1.1.1": 2.8217898613090285e-05,
        "layer2.1.conv1.1.2": 0.00040132122471950624,
        "layer2.1.conv1.2": 0.00517704379888163,
        "layer2.1.conv2.0": 0.00517704379888163,
        "layer2.1.conv2.1.0": 0.00036401089210886465,
        "layer2.1.conv2.1.1": 2.8217898613090285e-05,
        "layer2.1.conv2.1.2": 0.00040132122471950624,
        "layer2.1.conv2.2": 0.00517704379888163,
        "layer3.0.conv1.0": 0.00517704379888163,
        "layer3.0.conv1.1.0": 0.00036401089210886465,
        "layer3.0.conv1.1.1": 2.8217898613090285e-05,
        "layer3.0.conv1.1.2": 0.0008026424494390125,
        "layer3.0.conv1.2": 0.020627910950582622,
        "layer3.0.conv2.0": 0.020627910950582622,
        "layer3.0.conv2.1.0": 0.0007251999943564203,
        "layer3.0.conv2.1.1": 2.8217898613090285e-05,
        "layer3.0.conv2.1.2": 0.0008026424494390125,
        "layer3.0.conv2.2": 0.020627910950582622,
        "layer3.0.downsample.0.0": 0.0019818370792593744,
        "layer3.0.downsample.0.1": 0.0040132122471950625,
        "layer3.1.conv1.0": 0.020627910950582622,