{
    "total_flops": 1010759133,
    "total_params": 3142320,
    "relative_flops": {
        "conv1.0": 0.0010424798209565126,
        "conv1.1.0": 0.0010424798209565126,
        "conv1.1.1": 0.003685910795524813,
        "conv1.1.2": 0.005559892378434734,
        "conv1.2": 0.10246087383115439,
        "layer1.0.conv1.0": 0.025615218457788597,
        "layer1.0.conv1.1.0": 0.0036021400956265217,
        "layer1.0.conv1.1.1": 0.000530547766022511,
        "layer1.0.conv1.1.2": 0.0037727841139378556,
        "layer1.0.conv1.2": 0.025615218457788597,
        "layer1.0.conv2.0": 0.025615218457788597,
        "layer1.0.conv2.1.0": 0.0036021400956265217,
        "layer1.0.conv2.1.1": 0.000530547766022511,
        "layer1.0.conv2.1.2": 0.0037727841139378556,
        "layer1.0.conv2.2": 0.025615218457788597,
        "layer1.1.conv1.0": 0.025615218457788597,
        "layer1.1.conv1.1.0": 0.0036021400956265217,
        "layer1.1.conv1.1.1": 0.000530547766022511,
        "layer1.1.conv1.1.2": 0.0037727841139378556,
        "layer1.1.conv1.2": 0.025615218457788597,
        "layer1.1.conv2.0": 0.025615218457788597,
        "layer1.1.conv2.1.0": 0.0036021400956265217,
        "layer1.1.conv2.1.1": 0.000530547766022511,
        "layer1.1.conv2.1.2": 0.0037727841139378556,
        "layer1.1.conv2.2": 0.025615218457788597,
        "layer2.0.conv1.0": 0.025615218457788597,
        "layer2.0.conv1.1.0": 0.0036021400956265217,
        "layer2.0.conv1.1.1": 0.00013263694150562774,
        "layer2.0.conv1.1.2": 0.0018863920569689278,
        "layer2.0.conv1.2": 0.02551593466531655,
        "layer2.0.conv2.0": 0.02551593466531655,
        "layer2.0.conv2.1.0": 0.0017940891561550698,
        "layer2.0.conv2.1.1": 0.00013263694150562774,
        "layer2.0.conv2.1.2": 0.0018863920569689278,
        "layer2.0.conv2.2": 0.02551593466531655,
        "layer2.0.downsample.0.0": 0.0014008322594103138,
        "layer2.0.downsample.0.1": 0.002879229981689416,
        "layer2.1.conv1.0": 0.02551593466531655,
        "layer2.1.conv1.1.0": 0.0017940891561550698,
        "layer2.1.conv1.1.1": 0.00013263694150562774,
        "layer2.1.conv1.1.2": 0.0018863920569689278,
        "layer2.1.conv1.2": 0.02551593466531655,
        "layer2.1.conv2.0": 0.02551593466531655,
        "layer2.1.conv2.1.0": 0.0017940891561550698,
        "layer2.1.conv2.1.1": 0.00013263694150562774,
        "layer2.1.conv2.1.2": 0.0018863920569689278,
        "layer2.1.conv2.2": 0.02551593466531655,
        "layer3.0.conv1.0": 0.02551593466531655,
        "layer3.0.conv1.1.0": 0.0017940891561550698,
        "layer3.0.conv1.1.1": 3.3159235376406935e-05,
        "layer3.0.conv1.1.2": 0.0009431960284844639,
        "layer3.0.conv1.2": 0.025466292769080523,
        "layer3.0.conv2.0": 0.025466292769080523,
        "layer3.0.conv2.1.0": 0.0008952993551629871,
        "layer3.0.conv2.1.1": 3.3159235376406935e-05,
        "layer3.0.conv2.1.2": 0.0009431960284844639,
        "layer3.0.conv2.2": 0.025466292769080523,
        "layer3.0.downsample.0.0": 0.0006977013385047494,
        "layer3.0.downsample.0.1": 0.001439614990844708,
        "layer3.1.conv1.0": 0.025466292769080523,
        "layer3.1.conv1.1.0": 0.0008952993551629871,
        "layer3.1.conv1.1.1": 3.3159235376406935e-05,
        "layer3.1.conv1.1.2": 0.0009431960284844639,
        "layer3.1.conv1.2": 0.025466292769080523,
        "layer3.1.conv2.0": 0.025466292769080523,
        "layer3.1.conv2.1.0": 0.0008952993551629871,
        "layer3.1.conv2.1.1": 3.3159235376406935e-05,
        "layer3.1.conv2.1.2": 0.0009431960284844639,
        "layer3.1.conv2.2": 0.025466292769080523,
        "layer4.0.conv1.0": 0.025466292769080523,
        "layer4.0.conv1.1.0": 0.0008952993551629871,
        "layer4.0.conv1.1.1": 8.289808844101734e-06,
        "layer4.0.conv1.1.2": 0.00047159801424223195,
        "layer4.0.conv1.2": 0.025441471820962513,
        "layer4.0.conv2.0": 0.025441471820962513,
        "layer4.0.conv2.1.0": 0.0004472133718528567,
        "layer4.0.conv2.1.1": 8.289808844101734e-06,
        "layer4.0.conv2.1.2": 0.00047159801424223195,
        "layer4.0.conv2.2": 0.025441471820962513,
        "layer4.0.downsample.0.0": 0.0003481719714522728,
        "layer4.0.downsample.0.1": 0.000719807495422354,
        "layer4.1.conv1.0": 0.025441471820962513,
        "layer4.1.conv1.1.0": 0.0004472133718528567,
        "layer4.1.conv1.1.1": 8.289808844101734e-06,
        "layer4.1.conv1.1.2": 0.00047159801424223195,
        "layer4.1.conv1.2": 0.025441471820962513,
        "layer4.1.conv2.0": 0.025441471820962513,
        "layer4.1.conv2.1.0": 0.0004472133718528567,
        "layer4.1.conv2.1.1": 8.289808844101734e-06,
        "layer4.1.conv2.1.2": 0.00047159801424223195,
        "layer4.1.conv2.2": 0.025441471820962513,
        "fc": 0.001013606473145764
    },
    "relative_params": {
        "conv1.0": 3.818834491713129e-06,
        "conv1.1.0": 3.818834491713129e-06,
        "conv1.1.1": 4.773543114641411e-05,
        "conv1.1.2": 8.146846915654676e-05,
        "conv1.2": 0.0013238626237938847,
        "layer1.0.conv1.0": 0.0013238626237938847,
        "layer1.0.conv1.1.0": 0.00018616818147101504,
        "layer1.0.conv1.1.1": 2.8641258687848468e-05,
        "layer1.0.conv1.1.2": 0.00020367117289136688,
        "layer1.0.conv1.2": 0.0013238626237938847,
        "layer1.0.conv2.0": 0.0013238626237938847,
        "layer1.0.conv2.1.0": 0.00018616818147101504,
        "layer1.0.conv2.1.1": 2.8641258687848468e-05,
        "layer1.0.conv2.1.2": 0.00020367117289136688,
        "layer1.0.conv2.2": 0.0013238626237938847,
        "layer1.1.conv1.0": 0.0013238626237938847,
        "layer1.1.conv1.1.0": 0.00018616818147101504,
        "layer1.1.conv1.1.1": 2.8641258687848468e-05,
        "layer1.1.conv1.1.2": 0.00020367117289136688,
        "layer1.1.conv1.2": 0.0013238626237938847,
        "layer1.1.conv2.0": 0.0013238626237938847,
        "layer1.1.conv2.1.0": 0.00018616818147101504,
        "layer1.1.conv2.1.1": 2.8641258687848468e-05,
        "layer1.1.conv2.1.2": 0.00020367117289136688,
        "layer1.1.conv2.2": 0.0013238626237938847,
        "layer2.0.conv1.0": 0.0013238626237938847,
        "layer2.0.conv1.1.0": 0.00018616818147101504,
        "layer2.0.conv1.1.1": 2.8641258687848468e-05,
        "layer2.0.conv1.1.2": 0.00040734234578273376,
        "layer2.0.conv1.2": 0.0052547162605972655,
        "layer2.0.conv2.0": 0.0052547162605972655,
        "layer2.0.conv2.1.0": 0.00036947223707324523,
        "layer2.0.conv2.1.1": 2.8641258687848468e-05,
        "layer2.0.conv2.1.2": 0.00040734234578273376,
        "layer2.0.conv2.2": 0.0052547162605972655,
        "layer2.0.downsample.0.0": 0.00028959494895491227,
        "layer2.0.downsample.0.1": 0.0006110135186741006,
        "layer2.1.conv1.0": 0.0052547162605972655,
        "layer2.1.conv1.1.0": 0.00036947223707324523,
        "layer2.1.conv1.1.1": 2.8641258687848468e-05,
        "layer2.1.conv1.1.2": 0.00040734234578273376,
        "layer2.1.conv1.2": 0.0052547162605972655,
        "layer2.1.conv2.0": 0.0052547162605972655,
        "layer2.1.conv2.1.0": 0.00036947223707324523,
        "layer2.1.conv2.1.1": 2.8641258687848468e-05,
        "layer2.1.conv2.1.2": 0.00040734234578273376,
        "layer2.1.conv2.2": 0.0052547162605972655,
        "layer3.0.conv1.0": 0.0052547162605972655,
        "layer3.0.conv1.1.0": 0.00036947223707324523,
        "layer3.0.conv1.1.1": 2.8641258687848468e-05,
        "layer3.0.conv1.1.2": 0.0008146846915654675,
        "layer3.0.conv1.2": 0.020937396573232517,
        "layer3.0.conv2.0": 0.020937396573232517,
        "layer3.0.conv2.1.0": 0.0007360803482777057,
        "layer3.0.conv2.1.1": 2.8641258687848468e-05,
        "layer3.0.conv2.1.2": 0.0008146846915654675,
        "layer3.0.conv2.2": 0.020937396573232517,
        "layer3.0.downsample.0.0": 0.0005747345910028259,
        "layer3.0.downsample.0.1": 0.0012220270373482012,
        "layer3.1.conv1.0": 0.020937396573232517,