{
    "total_flops": 1017093657,
    "total_params": 3158484,
    "relative_flops": {
        "conv1.0": 0.001035987190312406,
        "conv1.1.0": 0.001035987190312406,
        "conv1.1.1": 0.003662954708604578,
        "conv1.1.2": 0.005525265014999499,
        "conv1.2": 0.10182274099070505,
        "layer1.0.conv1.0": 0.025455685247676264,
        "layer1.0.conv1.1.0": 0.0035797057379544743,
        "layer1.0.conv1.1.1": 0.0005272434807839923,
        "layer1.0.conv1.1.2": 0.0037492869744639454,
        "layer1.0.conv1.2": 0.025455685247676264,
        "layer1.0.conv2.0": 0.025455685247676264,
        "layer1.0.conv2.1.0": 0.0035797057379544743,
        "layer1.0.conv2.1.1": 0.0005272434807839923,
        "layer1.0.conv2.1.2": 0.0037492869744639454,
        "layer1.0.conv2.2": 0.025455685247676264,
        "layer1.1.conv1.0": 0.025455685247676264,
        "layer1.1.conv1.1.0": 0.0035797057379544743,
        "layer1.1.conv1.1.1": 0.0005272434807839923,
        "layer1.1.conv1.1.2": 0.0037492869744639454,
        "layer1.1.conv1.2": 0.025455685247676264,
        "layer1.1.conv2.0": 0.025455685247676264,
        "layer1.1.conv2.1.0": 0.0035797057379544743,
        "layer1.1.conv2.1.1": 0.0005272434807839923,
        "layer1.1.conv2.1.2": 0.0037492869744639454,
        "layer1.1.conv2.2": 0.025455685247676264,
        "layer2.0.conv1.0": 0.025455685247676264,
        "layer2.0.conv1.1.0": 0.0035797057379544743,
        "layer2.0.conv1.1.1": 0.00013181087019599808,
        "layer2.0.conv1.1.2": 0.0018746434872319727,
        "layer2.0.conv1.2": 0.025357019800979843,
        "layer2.0.conv2.0": 0.025357019800979843,
        "layer2.0.conv2.1.0": 0.0017829154547563952,
        "layer2.0.conv2.1.1": 0.00013181087019599808,
        "layer2.0.conv2.1.2": 0.0018746434872319727,
        "layer2.0.conv2.2": 0.025357019800979843,
        "layer2.0.downsample.0.0": 0.0025853430329671203,
        "layer2.0.downsample.0.1": 0.00522926867491024,
        "layer2.1.conv1.0": 0.025357019800979843,
        "layer2.1.conv1.1.0": 0.0017829154547563952,
        "layer2.1.conv1.1.1": 0.00013181087019599808,
        "layer2.1.conv1.1.2": 0.0018746434872319727,
        "layer2.1.conv1.2": 0.025357019800979843,
        "layer2.1.conv2.0": 0.025357019800979843,
        "layer2.1.conv2.1.0": 0.0017829154547563952,
        "layer2.1.conv2.1.1": 0.00013181087019599808,
        "layer2.1.conv2.1.2": 0.0018746434872319727,
        "layer2.1.conv2.2": 0.025357019800979843,
        "layer3.0.conv1.0": 0.025357019800979843,
        "layer3.0.conv1.1.0": 0.0017829154547563952,
        "layer3.0.conv1.1.1": 3.295271754899952e-05,
        "layer3.0.conv1.1.2": 0.0009373217436159864,
        "layer3.0.conv1.2": 0.025307687077631633,
        "layer3.0.conv2.0": 0.025307687077631633,
        "layer3.0.conv2.1.0": 0.000889723373822987,
        "layer3.0.conv2.1.1": 3.295271754899952e-05,
        "layer3.0.conv2.1.2": 0.0009373217436159864,
        "layer3.0.conv2.2": 0.025307687077631633,
        "layer3.0.downsample.0.0": 0.0012876611617685077,
        "layer3.0.downsample.0.1": 0.00261463433745512,
        "layer3.1.conv1.0": 0.025307687077631633,
        "layer3.1.conv1.1.0": 0.000889723373822987,
        "layer3.1.conv1.1.1": 3.295271754899952e-05,
        "layer3.1.conv1.1.2": 0.0009373217436159864,
        "layer3.1.conv1.2": 0.025307687077631633,
        "layer3.1.conv2.0": 0.025307687077631633,
        "layer3.1.conv2.1.0": 0.000889723373822987,
        "layer3.1.conv2.1.1": 3.295271754899952e-05,
        "layer3.1.conv2.1.2": 0.0009373217436159864,
        "layer3.1.conv2.2": 0.025307687077631633,
        "layer4.0.conv1.0": 0.025307687077631633,
        "layer4.0.conv1.1.0": 0.000889723373822987,
        "layer4.0.conv1.1.1": 8.23817938724988e-06,
        "layer4.0.conv1.1.2": 0.0004686608718079932,
        "layer4.0.conv1.2": 0.02528302071595753,
        "layer4.0.conv2.0": 0.02528302071595753,
        "layer4.0.conv2.1.0": 0.0004444280985226909,
        "layer4.0.conv2.1.1": 8.23817938724988e-06,
        "layer4.0.conv2.1.2": 0.0004686608718079932,
        "layer4.0.conv2.2": 0.02528302071595753,
        "layer4.0.downsample.0.0": 0.0006425779922054907,
        "layer4.0.downsample.0.1": 0.00130731716872756,
        "layer4.1.conv1.0": 0.02528302071595753,
        "layer4.1.conv1.1.0": 0.0004444280985226909,
        "layer4.1.conv1.1.1": 8.23817938724988e-06,
        "layer4.1.conv1.1.2": 0.0004686608718079932,
        "layer4.1.conv1.2": 0.02528302071595753,
        "layer4.1.conv2.0": 0.02528302071595753,
        "layer4.1.conv2.1.0": 0.0004444280985226909,
        "layer4.1.conv2.1.1": 8.23817938724988e-06,
        "layer4.1.conv2.1.2": 0.0004686608718079932,
        "layer4.1.conv2.2": 0.02528302071595753,
        "fc": 0.0010072936675486514
    },
    "relative_params": {
        "conv1.0": 3.799291052289643e-06,
        "conv1.1.0": 3.799291052289643e-06,
        "conv1.1.1": 4.749113815362053e-05,
        "conv1.1.2": 8.105154244884571e-05,
        "conv1.2": 0.0013170875647937428,
        "layer1.0.conv1.0": 0.0013170875647937428,
        "layer1.0.conv1.1.0": 0.00018521543879912008,
        "layer1.0.conv1.1.1": 2.849468289217232e-05,
        "layer1.0.conv1.1.2": 0.00020262885612211428,
        "layer1.0.conv1.2": 0.0013170875647937428,
        "layer1.0.conv2.0": 0.0013170875647937428,
        "layer1.0.conv2.1.0": 0.00018521543879912008,
        "layer1.0.conv2.1.1": 2.849468289217232e-05,
        "layer1.0.conv2.1.2": 0.00020262885612211428,
        "layer1.0.conv2.2": 0.0013170875647937428,
        "layer1.1.conv1.0": 0.0013170875647937428,
        "layer1.1.conv1.1.0": 0.00018521543879912008,
        "layer1.1.conv1.1.1": 2.849468289217232e-05,
        "layer1.1.conv1.1.2": 0.00020262885612211428,
        "layer1.1.conv1.2": 0.0013170875647937428,
        "layer1.1.conv2.0": 0.0013170875647937428,
        "layer1.1.conv2.1.0": 0.00018521543879912008,
        "layer1.1.conv2.1.1": 2.849468289217232e-05,
        "layer1.1.conv2.1.2": 0.00020262885612211428,
        "layer1.1.conv2.2": 0.0013170875647937428,
        "layer2.0.conv1.0": 0.0013170875647937428,
        "layer2.0.conv1.1.0": 0.00018521543879912008,
        "layer2.0.conv1.1.1": 2.849468289217232e-05,
        "layer2.0.conv1.1.2": 0.00040525771224422856,
        "layer2.0.conv1.2": 0.005227824487950549,
        "layer2.0.conv2.0": 0.005227824487950549,
        "layer2.0.conv2.1.0": 0.00036758140930902294,
        "layer2.0.conv2.1.1": 2.849468289217232e-05,
        "layer2.0.conv2.1.2": 0.00040525771224422856,
        "layer2.0.conv2.2": 0.005227824487950549,
        "layer2.0.downsample.0.0": 0.0005350668231974581,
        "layer2.0.downsample.0.1": 0.0010941958230594171,
        "layer2.1.conv1.0": 0.005227824487950549,
        "layer2.1.conv1.1.0": 0.00036758140930902294,
        "layer2.1.conv1.1.1": 2.849468289217232e-05,
        "layer2.1.conv1.1.2": 0.00040525771224422856,
        "layer2.1.conv1.2": 0.005227824487950549,
        "layer2.1.conv2.0": 0.005227824487950549,
        "layer2.1.conv2.1.0": 0.00036758140930902294,
        "layer2.1.conv2.1.1": 2.849468289217232e-05,
        "layer2.1.conv2.1.2": 0.00040525771224422856,
        "layer2.1.conv2.2": 0.005227824487950549,
        "layer3.0.conv1.0": 0.005227824487950549,
        "layer3.0.conv1.1.0": 0.00036758140930902294,
        "layer3.0.conv1.1.1": 2.849468289217232e-05,
        "layer3.0.conv1.1.2": 0.0008105154244884571,
        "layer3.0.conv1.2": 0.020830246409353347,
        "layer3.0.conv2.0": 0.020830246409353347,
        "layer3.0.conv2.1.0": 0.0007323133503288286,
        "layer3.0.conv2.1.1": 2.849468289217232e-05,
        "layer3.0.conv2.1.2": 0.0008105154244884571,
        "layer3.0.conv2.2": 0.020830246409353347,
        "layer3.0.downsample.0.0": 0.001061901849114955,
        "layer3.0.downsample.0.1": 0.0021883916461188343,
        "layer3.1.conv1.0": 0.020830246409353347,