{
    "total_flops": 1010231256,
    "total_params": 3140973,
    "relative_flops": {
        "conv1.0": 0.00104302454882667,
        "conv1.1.0": 0.00104302454882667,
        "conv1.1.1": 0.003687836797637154,
        "conv1.1.2": 0.005562797593742239,
        "conv1.2": 0.10251441279896412,
        "layer1.0.conv1.0": 0.02562860319974103,
        "layer1.0.conv1.1.0": 0.003604022324963582,
        "layer1.0.conv1.1.1": 0.0005308249935992873,
        "layer1.0.conv1.1.2": 0.0037747555100393765,
        "layer1.0.conv1.2": 0.02562860319974103,
        "layer1.0.conv2.0": 0.02562860319974103,
        "layer1.0.conv2.1.0": 0.003604022324963582,
        "layer1.0.conv2.1.1": 0.0005308249935992873,
        "layer1.0.conv2.1.2": 0.0037747555100393765,
        "layer1.0.conv2.2": 0.02562860319974103,
        "layer1.1.conv1.0": 0.02562860319974103,
        "layer1.1.conv1.1.0": 0.003604022324963582,
        "layer1.1.conv1.1.1": 0.0005308249935992873,
        "layer1.1.conv1.1.2": 0.0037747555100393765,
        "layer1.1.conv1.2": 0.02562860319974103,
        "layer1.1.conv2.0": 0.02562860319974103,
        "layer1.1.conv2.1.0": 0.003604022324963582,
        "layer1.1.conv2.1.1": 0.0005308249935992873,
        "layer1.1.conv2.1.2": 0.0037747555100393765,
        "layer1.1.conv2.2": 0.02562860319974103,
        "layer2.0.conv1.0": 0.02562860319974103,
        "layer2.0.conv1.1.0": 0.003604022324963582,
        "layer2.0.conv1.1.1": 0.00013270624839982183,
        "layer2.0.conv1.1.2": 0.0018873777550196882,
        "layer2.0.conv1.2": 0.025529267528424205,
        "layer2.0.conv2.0": 0.025529267528424205,
        "layer2.0.conv2.1.0": 0.001795026623092327,
        "layer2.0.conv2.1.1": 0.00013270624839982183,
        "layer2.0.conv2.1.2": 0.0018873777550196882,
        "layer2.0.conv2.2": 0.025529267528424205,
        "layer2.0.downsample.0.0": 0.0013014525062368491,
        "layer2.0.downsample.0.1": 0.0026820631255542937,
        "layer2.1.conv1.0": 0.025529267528424205,
        "layer2.1.conv1.1.0": 0.001795026623092327,
        "layer2.1.conv1.1.1": 0.00013270624839982183,
        "layer2.1.conv1.1.2": 0.0018873777550196882,
        "layer2.1.conv1.2": 0.025529267528424205,
        "layer2.1.conv2.0": 0.025529267528424205,
        "layer2.1.conv2.1.0": 0.001795026623092327,
        "layer2.1.conv2.1.1": 0.00013270624839982183,
        "layer2.1.conv2.1.2": 0.0018873777550196882,
        "layer2.1.conv2.2": 0.025529267528424205,
        "layer3.0.conv1.0": 0.025529267528424205,
        "layer3.0.conv1.1.0": 0.001795026623092327,
        "layer3.0.conv1.1.1": 3.317656209995546e-05,
        "layer3.0.conv1.1.2": 0.0009436888775098441,
        "layer3.0.conv1.2": 0.02547959969276579,
        "layer3.0.conv2.0": 0.02547959969276579,
        "layer3.0.conv2.1.0": 0.0008957671766987974,
        "layer3.0.conv2.1.1": 3.317656209995546e-05,
        "layer3.0.conv2.1.2": 0.0009436888775098441,
        "layer3.0.conv2.2": 0.02547959969276579,
        "layer3.0.downsample.0.0": 0.0006482040583388958,
        "layer3.0.downsample.0.1": 0.0013410315627771468,
        "layer3.1.conv1.0": 0.02547959969276579,
        "layer3.1.conv1.1.0": 0.0008957671766987974,
        "layer3.1.conv1.1.1": 3.317656209995546e-05,
        "layer3.1.conv1.1.2": 0.0009436888775098441,
        "layer3.1.conv1.2": 0.02547959969276579,
        "layer3.1.conv2.0": 0.02547959969276579,
        "layer3.1.conv2.1.0": 0.0008957671766987974,
        "layer3.1.conv2.1.1": 3.317656209995546e-05,
        "layer3.1.conv2.1.2": 0.0009436888775098441,
        "layer3.1.conv2.2": 0.02547959969276579,
        "layer4.0.conv1.0": 0.02547959969276579,
        "layer4.0.conv1.1.0": 0.0008957671766987974,
        "layer4.0.conv1.1.1": 8.294140524988864e-06,
        "layer4.0.conv1.1.2": 0.00047184443875492206,
        "layer4.0.conv1.2": 0.025454765774936584,
        "layer4.0.conv2.0": 0.025454765774936584,
        "layer4.0.conv2.1.0": 0.0004474470546375572,
        "layer4.0.conv2.1.1": 8.294140524988864e-06,
        "layer4.0.conv2.1.2": 0.00047184443875492206,
        "layer4.0.conv2.2": 0.025454765774936584,
        "layer4.0.downsample.0.0": 0.0003234714804745657,
        "layer4.0.downsample.0.1": 0.0006705157813885734,
        "layer4.1.conv1.0": 0.025454765774936584,
        "layer4.1.conv1.1.0": 0.0004474470546375572,
        "layer4.1.conv1.1.1": 8.294140524988864e-06,
        "layer4.1.conv1.1.2": 0.00047184443875492206,
        "layer4.1.conv1.2": 0.025454765774936584,
        "layer4.1.conv2.0": 0.025454765774936584,
        "layer4.1.conv2.1.0": 0.0004474470546375572,
        "layer4.1.conv2.1.1": 8.294140524988864e-06,
        "layer4.1.conv2.1.2": 0.00047184443875492206,
        "layer4.1.conv2.2": 0.025454765774936584,
        "fc": 0.0010141361138008584
    },
    "relative_params": {
        "conv1.0": 3.8204721912604784e-06,
        "conv1.1.0": 3.8204721912604784e-06,
        "conv1.1.1": 4.7755902390755984e-05,
        "conv1.1.2": 8.150340674689022e-05,
        "conv1.2": 0.001324430359636966,
        "layer1.0.conv1.0": 0.001324430359636966,
        "layer1.0.conv1.1.0": 0.00018624801932394834,
        "layer1.0.conv1.1.1": 2.865354143445359e-05,
        "layer1.0.conv1.1.2": 0.00020375851686722554,
        "layer1.0.conv1.2": 0.001324430359636966,
        "layer1.0.conv2.0": 0.001324430359636966,
        "layer1.0.conv2.1.0": 0.00018624801932394834,
        "layer1.0.conv2.1.1": 2.865354143445359e-05,
        "layer1.0.conv2.1.2": 0.00020375851686722554,
        "layer1.0.conv2.2": 0.001324430359636966,
        "layer1.1.conv1.0": 0.001324430359636966,
        "layer1.1.conv1.1.0": 0.00018624801932394834,
        "layer1.1.conv1.1.1": 2.865354143445359e-05,
        "layer1.1.conv1.1.2": 0.00020375851686722554,
        "layer1.1.conv1.2": 0.001324430359636966,
        "layer1.1.conv2.0": 0.001324430359636966,
        "layer1.1.conv2.1.0": 0.00018624801932394834,
        "layer1.1.conv2.1.1": 2.865354143445359e-05,
        "layer1.1.conv2.1.2": 0.00020375851686722554,
        "layer1.1.conv2.2": 0.001324430359636966,
        "layer2.0.conv1.0": 0.001324430359636966,
        "layer2.0.conv1.1.0": 0.00018624801932394834,
        "layer2.0.conv1.1.1": 2.865354143445359e-05,
        "layer2.0.conv1.1.2": 0.0004075170337344511,
        "layer2.0.conv1.2": 0.005256969735174419,
        "layer2.0.conv2.0": 0.005256969735174419,
        "layer2.0.conv2.1.0": 0.00036963068450445135,
        "layer2.0.conv2.1.1": 2.865354143445359e-05,
        "layer2.0.conv2.1.2": 0.0004075170337344511,
        "layer2.0.conv2.2": 0.005256969735174419,
        "layer2.0.downsample.0.0": 0.0002690249168012587,
        "layer2.0.downsample.0.1": 0.0005705238472282316,
        "layer2.1.conv1.0": 0.005256969735174419,
        "layer2.1.conv1.1.0": 0.00036963068450445135,
        "layer2.1.conv1.1.1": 2.865354143445359e-05,
        "layer2.1.conv1.1.2": 0.0004075170337344511,
        "layer2.1.conv1.2": 0.005256969735174419,
        "layer2.1.conv2.0": 0.005256969735174419,
        "layer2.1.conv2.1.0": 0.00036963068450445135,
        "layer2.1.conv2.1.1": 2.865354143445359e-05,
        "layer2.1.conv2.1.2": 0.0004075170337344511,
        "layer2.1.conv2.2": 0.005256969735174419,
        "layer3.0.conv1.0": 0.005256969735174419,
        "layer3.0.conv1.1.0": 0.00036963068450445135,
        "layer3.0.conv1.1.1": 2.865354143445359e-05,
        "layer3.0.conv1.1.2": 0.0008150340674689022,
        "layer3.0.conv1.2": 0.020946375533950786,
        "layer3.0.conv2.0": 0.020946375533950786,
        "layer3.0.conv2.1.0": 0.0007363960148654573,
        "layer3.0.conv2.1.1": 2.865354143445359e-05,
        "layer3.0.conv2.1.2": 0.0008150340674689022,
        "layer3.0.conv2.2": 0.020946375533950786,
        "layer3.0.downsample.0.0": 0.0005339109887286519,
        "layer3.0.downsample.0.1": 0.001141047694456463,
        "layer3.1.conv1.0": 0.020946375533950786,
        "layer3.1.conv1.1.0": 0.0007363960148654573,