{
    "total_flops": 1008647625,
    "total_params": 3136932,
    "relative_flops": {
        "conv1.0": 0.0010446621534453125,
        "conv1.1.0": 0.0010446621534453125,
        "conv1.1.1": 0.0036936268996816406,
        "conv1.1.2": 0.005571531485041667,
        "conv1.2": 0.102675365938625,
        "layer1.0.conv1.0": 0.02566884148465625,
        "layer1.0.conv1.1.0": 0.003609680833779785,
        "layer1.0.conv1.1.1": 0.0005316584173784179,
        "layer1.0.conv1.1.2": 0.0037806820791354166,
        "layer1.0.conv1.2": 0.02566884148465625,
        "layer1.0.conv2.0": 0.02566884148465625,
        "layer1.0.conv2.1.0": 0.003609680833779785,
        "layer1.0.conv2.1.1": 0.0005316584173784179,
        "layer1.0.conv2.1.2": 0.0037806820791354166,
        "layer1.0.conv2.2": 0.02566884148465625,
        "layer1.1.conv1.0": 0.02566884148465625,
        "layer1.1.conv1.1.0": 0.003609680833779785,
        "layer1.1.conv1.1.1": 0.0005316584173784179,
        "layer1.1.conv1.1.2": 0.0037806820791354166,
        "layer1.1.conv1.2": 0.02566884148465625,
        "layer1.1.conv2.0": 0.02566884148465625,
        "layer1.1.conv2.1.0": 0.003609680833779785,
        "layer1.1.conv2.1.1": 0.0005316584173784179,
        "layer1.1.conv2.1.2": 0.0037806820791354166,
        "layer1.1.conv2.2": 0.02566884148465625,
        "layer2.0.conv1.0": 0.02566884148465625,
        "layer2.0.conv1.1.0": 0.003609680833779785,
        "layer2.0.conv1.1.1": 0.00013291460434460448,
        "layer2.0.conv1.1.2": 0.0018903410395677083,
        "layer2.0.conv1.2": 0.02556934985099479,
        "layer2.0.conv2.0": 0.02556934985099479,
        "layer2.0.conv2.1.0": 0.0017978449113980712,
        "layer2.0.conv2.1.1": 0.00013291460434460448,
        "layer2.0.conv2.1.2": 0.0018903410395677083,
        "layer2.0.conv2.2": 0.02556934985099479,
        "layer2.0.downsample.0.0": 0.0010026891204943848,
        "layer2.0.downsample.0.1": 0.002089324306890625,
        "layer2.1.conv1.0": 0.02556934985099479,
        "layer2.1.conv1.1.0": 0.0017978449113980712,
        "layer2.1.conv1.1.1": 0.00013291460434460448,
        "layer2.1.conv1.1.2": 0.0018903410395677083,
        "layer2.1.conv1.2": 0.02556934985099479,
        "layer2.1.conv2.0": 0.02556934985099479,
        "layer2.1.conv2.1.0": 0.0017978449113980712,
        "layer2.1.conv2.1.1": 0.00013291460434460448,
        "layer2.1.conv2.1.2": 0.0018903410395677083,
        "layer2.1.conv2.2": 0.02556934985099479,
        "layer3.0.conv1.0": 0.02556934985099479,
        "layer3.0.conv1.1.0": 0.0017978449113980712,
        "layer3.0.conv1.1.1": 3.322865108615112e-05,
        "layer3.0.conv1.1.2": 0.0009451705197838541,
        "layer3.0.conv1.2": 0.025519604034164062,
        "layer3.0.conv2.0": 0.025519604034164062,
        "layer3.0.conv2.1.0": 0.0008971735793260803,
        "layer3.0.conv2.1.1": 3.322865108615112e-05,
        "layer3.0.conv2.1.2": 0.0009451705197838541,
        "layer3.0.conv2.2": 0.025519604034164062,
        "layer3.0.downsample.0.0": 0.0004994013642772421,
        "layer3.0.downsample.0.1": 0.0010446621534453125,
        "layer3.1.conv1.0": 0.025519604034164062,
        "layer3.1.conv1.1.0": 0.0008971735793260803,
        "layer3.1.conv1.1.1": 3.322865108615112e-05,
        "layer3.1.conv1.1.2": 0.0009451705197838541,
        "layer3.1.conv1.2": 0.025519604034164062,
        "layer3.1.conv2.0": 0.025519604034164062,
        "layer3.1.conv2.1.0": 0.0008971735793260803,
        "layer3.1.conv2.1.1": 3.322865108615112e-05,
        "layer3.1.conv2.1.2": 0.0009451705197838541,
        "layer3.1.conv2.2": 0.025519604034164062,
        "layer4.0.conv1.0": 0.025519604034164062,
        "layer4.0.conv1.1.0": 0.0008971735793260803,
        "layer4.0.conv1.1.1": 8.30716277153778e-06,
        "layer4.0.conv1.1.2": 0.0004725852598919271,
        "layer4.0.conv1.2": 0.025494731125748696,
        "layer4.0.conv2.0": 0.025494731125748696,
        "layer4.0.conv2.1.0": 0.0004481495705698013,
        "layer4.0.conv2.1.1": 8.30716277153778e-06,
        "layer4.0.conv2.1.2": 0.0004725852598919271,
        "layer4.0.conv2.2": 0.025494731125748696,
        "layer4.0.downsample.0.0": 0.0002492148831461334,
        "layer4.0.downsample.0.1": 0.0005223310767226562,
        "layer4.1.conv1.0": 0.025494731125748696,
        "layer4.1.conv1.1.0": 0.0004481495705698013,
        "layer4.1.conv1.1.1": 8.30716277153778e-06,
        "layer4.1.conv1.1.2": 0.0004725852598919271,
        "layer4.1.conv1.2": 0.025494731125748696,
        "layer4.1.conv2.0": 0.025494731125748696,
        "layer4.1.conv2.1.0": 0.0004481495705698013,
        "layer4.1.conv2.1.1": 8.30716277153778e-06,
        "layer4.1.conv2.1.2": 0.0004725852598919271,
        "layer4.1.conv2.2": 0.025494731125748696,
        "fc": 0.0010157283620233577
    },
    "relative_params": {
        "conv1.0": 3.825393728649521e-06,
        "conv1.1.0": 3.825393728649521e-06,
        "conv1.1.1": 4.7817421608119015e-05,
        "conv1.1.2": 8.160839954452313e-05,
        "conv1.2": 0.0013261364925985007,
        "layer1.0.conv1.0": 0.0013261364925985007,
        "layer1.0.conv1.1.0": 0.00018648794427166416,
        "layer1.0.conv1.1.1": 2.869045296487141e-05,
        "layer1.0.conv1.1.2": 0.0002040209988613078,
        "layer1.0.conv1.2": 0.0013261364925985007,
        "layer1.0.conv2.0": 0.0013261364925985007,
        "layer1.0.conv2.1.0": 0.00018648794427166416,
        "layer1.0.conv2.1.1": 2.869045296487141e-05,
        "layer1.0.conv2.1.2": 0.0002040209988613078,
        "layer1.0.conv2.2": 0.0013261364925985007,
        "layer1.1.conv1.0": 0.0013261364925985007,
        "layer1.1.conv1.1.0": 0.00018648794427166416,
        "layer1.1.conv1.1.1": 2.869045296487141e-05,
        "layer1.1.conv1.1.2": 0.0002040209988613078,
        "layer1.1.conv1.2": 0.0013261364925985007,
        "layer1.1.conv2.0": 0.0013261364925985007,
        "layer1.1.conv2.1.0": 0.00018648794427166416,
        "layer1.1.conv2.1.1": 2.869045296487141e-05,
        "layer1.1.conv2.1.2": 0.0002040209988613078,
        "layer1.1.conv2.2": 0.0013261364925985007,
        "layer2.0.conv1.0": 0.0013261364925985007,
        "layer2.0.conv1.1.0": 0.00018648794427166416,
        "layer2.0.conv1.1.1": 2.869045296487141e-05,
        "layer2.0.conv1.1.2": 0.0004080419977226156,
        "layer2.0.conv1.2": 0.0052637417706217415,
        "layer2.0.conv2.0": 0.0052637417706217415,
        "layer2.0.conv2.1.0": 0.0003701068432468412,
        "layer2.0.conv2.1.1": 2.869045296487141e-05,
        "layer2.0.conv2.1.2": 0.0004080419977226156,
        "layer2.0.conv2.2": 0.0052637417706217415,
        "layer2.0.downsample.0.0": 0.00020720882696851573,
        "layer2.0.downsample.0.1": 0.00044884619749487715,
        "layer2.1.conv1.0": 0.0052637417706217415,
        "layer2.1.conv1.1.0": 0.0003701068432468412,
        "layer2.1.conv1.1.1": 2.869045296487141e-05,
        "layer2.1.conv1.1.2": 0.0004080419977226156,
        "layer2.1.conv1.2": 0.0052637417706217415,
        "layer2.1.conv2.0": 0.0052637417706217415,
        "layer2.1.conv2.1.0": 0.0003701068432468412,
        "layer2.1.conv2.1.1": 2.869045296487141e-05,
        "layer2.1.conv2.1.2": 0.0004080419977226156,
        "layer2.1.conv2.2": 0.0052637417706217415,
        "layer3.0.conv1.0": 0.0052637417706217415,
        "layer3.0.conv1.1.0": 0.0003701068432468412,
        "layer3.0.conv1.1.1": 2.869045296487141e-05,
        "layer3.0.conv1.1.2": 0.0008160839954452312,
        "layer3.0.conv1.2": 0.020973358682942443,
        "layer3.0.conv2.0": 0.020973358682942443,
        "layer3.0.conv2.1.0": 0.0007373446411971952,
        "layer3.0.conv2.1.1": 2.869045296487141e-05,
        "layer3.0.conv2.1.2": 0.0008160839954452312,
        "layer3.0.conv2.2": 0.020973358682942443,
        "layer3.0.downsample.0.0": 0.0004112298258298235,
        "layer3.0.downsample.0.1": 0.0008976923949897543,
        "layer3.1.conv1.0": 0.020973358682942443,
        "layer3.1.conv1.1.0": 0.0007373446411971952,