{
    "total_flops": 86990112,
    "total_params": 588784,
    "relative_flops": {
        "conv1.0": 0.03230086656285717,
        "conv1.1": 0.11420663534724498,
        "conv1.2": 0.15688992330530624,
        "layer1.0.conv1.0": 0.03720367666614799,
        "layer1.0.conv1.1": 0.005479611291913269,
        "layer1.0.conv1.2": 0.03922248082632656,
        "layer1.0.conv2.0": 0.03720367666614799,
        "layer1.0.conv2.1": 0.005479611291913269,
        "layer1.0.conv2.2": 0.03922248082632656,
        "layer1.1.conv1.0": 0.03720367666614799,
        "layer1.1.conv1.1": 0.005479611291913269,
        "layer1.1.conv1.2": 0.03922248082632656,
        "layer1.1.conv2.0": 0.03720367666614799,
        "layer1.1.conv2.1": 0.005479611291913269,
        "layer1.1.conv2.2": 0.03922248082632656,
        "layer2.0.conv1.0": 0.03720367666614799,
        "layer2.0.conv1.1": 0.0013699028229783173,
        "layer2.0.conv1.2": 0.01961124041316328,
        "layer2.0.conv2.0": 0.018529738184496186,
        "layer2.0.conv2.1": 0.0013699028229783173,
        "layer2.0.conv2.2": 0.01961124041316328,
        "layer2.0.downsample.0.0": 0.009300919166536997,
        "layer2.0.downsample.0.1": 0.01961124041316328,
        "layer2.1.conv1.0": 0.018529738184496186,
        "layer2.1.conv1.1": 0.0013699028229783173,
        "layer2.1.conv1.2": 0.01961124041316328,
        "layer2.1.conv2.0": 0.018529738184496186,
        "layer2.1.conv2.1": 0.0013699028229783173,
        "layer2.1.conv2.2": 0.01961124041316328,
        "layer3.0.conv1.0": 0.018529738184496186,
        "layer3.0.conv1.1": 0.00034247570574457933,
        "layer3.0.conv1.2": 0.00980562020658164,
        "layer3.0.conv2.0": 0.009246844055103643,
        "layer3.0.conv2.1": 0.00034247570574457933,
        "layer3.0.conv2.2": 0.00980562020658164,
        "layer3.0.downsample.0.0": 0.0046324345461240465,
        "layer3.0.downsample.0.1": 0.00980562020658164,
        "layer3.1.conv1.0": 0.009246844055103643,
        "layer3.1.conv1.1": 0.00034247570574457933,
        "layer3.1.conv1.2": 0.00980562020658164,
        "layer3.1.conv2.0": 0.009246844055103643,
        "layer3.1.conv2.1": 0.00034247570574457933,
        "layer3.1.conv2.2": 0.00980562020658164,
        "layer4.0.conv1.0": 0.009246844055103643,
        "layer4.0.conv1.1": 8.561892643614483e-05,
        "layer4.0.conv1.2": 0.00490281010329082,
        "layer4.0.conv2.0": 0.004618915768265708,
        "layer4.0.conv2.1": 8.561892643614483e-05,
        "layer4.0.conv2.2": 0.00490281010329082,
        "layer4.0.downsample.0.0": 0.0023117110137759107,
        "layer4.0.downsample.0.1": 0.00490281010329082,
        "layer4.1.conv1.0": 0.004618915768265708,
        "layer4.1.conv1.1": 8.561892643614483e-05,
        "layer4.1.conv1.2": 0.00490281010329082,
        "layer4.1.conv2.0": 0.004618915768265708,
        "layer4.1.conv2.1": 8.561892643614483e-05,
        "layer4.1.conv2.2": 0.00490281010329082,
        "fc": 0.011777338555444095
    },
    "relative_params": {
        "conv1.0": 5.434930297018941e-05,
        "conv1.1": 0.0006793662871273676,
        "conv1.2": 0.0009782874534634094,
        "layer1.0.conv1.0": 0.0008831761732655778,
        "layer1.0.conv1.1": 0.00013587325742547352,
        "layer1.0.conv1.2": 0.0009782874534634094,
        "layer1.0.conv2.0": 0.0008831761732655778,
        "layer1.0.conv2.1": 0.00013587325742547352,
        "layer1.0.conv2.2": 0.0009782874534634094,
        "layer1.1.conv1.0": 0.0008831761732655778,
        "layer1.1.conv1.1": 0.00013587325742547352,
        "layer1.1.conv1.2": 0.0009782874534634094,
        "layer1.1.conv2.0": 0.0008831761732655778,
        "layer1.1.conv2.1": 0.00013587325742547352,
        "layer1.1.conv2.2": 0.0009782874534634094,
        "layer2.0.conv1.0": 0.0008831761732655778,
        "layer2.0.conv1.1": 0.00013587325742547352,
        "layer2.0.conv1.2": 0.001956574906926819,
        "layer2.0.conv2.0": 0.0017527650207886083,
        "layer2.0.conv2.1": 0.00013587325742547352,
        "layer2.0.conv2.2": 0.001956574906926819,
        "layer2.0.downsample.0.0": 0.0008831761732655778,
        "layer2.0.downsample.0.1": 0.001956574906926819,
        "layer2.1.conv1.0": 0.0017527650207886083,
        "layer2.1.conv1.1": 0.00013587325742547352,
        "layer2.1.conv1.2": 0.001956574906926819,
        "layer2.1.conv2.0": 0.0017527650207886083,
        "layer2.1.conv2.1": 0.00013587325742547352,
        "layer2.1.conv2.2": 0.001956574906926819,
        "layer3.0.conv1.0": 0.0017527650207886083,
        "layer3.0.conv1.1": 0.00013587325742547352,
        "layer3.0.conv1.2": 0.003913149813853638,
        "layer3.0.conv2.0": 0.0034919427158346694,
        "layer3.0.conv2.1": 0.00013587325742547352,
        "layer3.0.conv2.2": 0.003913149813853638,
        "layer3.0.downsample.0.0": 0.0017527650207886083,
        "layer3.0.downsample.0.1": 0.003913149813853638,
        "layer3.1.conv1.0": 0.0034919427158346694,
        "layer3.1.conv1.1": 0.00013587325742547352,
        "layer3.1.conv1.2": 0.003913149813853638,
        "layer3.1.conv2.0": 0.0034919427158346694,
        "layer3.1.conv2.1": 0.00013587325742547352,
        "layer3.1.conv2.2": 0.003913149813853638,
        "layer4.0.conv1.0": 0.0034919427158346694,
        "layer4.0.conv1.1": 0.00013587325742547352,
        "layer4.0.conv1.2": 0.007826299627707275,
        "layer4.0.conv2.0": 0.006970298105926791,
        "layer4.0.conv2.1": 0.00013587325742547352,
        "layer4.0.conv2.2": 0.007826299627707275,
        "layer4.0.downsample.0.0": 0.0034919427158346694,
        "layer4.0.downsample.0.1": 0.007826299627707275,
        "layer4.1.conv1.0": 0.006970298105926791,
        "layer4.1.conv1.1": 0.00013587325742547352,
        "layer4.1.conv1.2": 0.007826299627707275,
        "layer4.1.conv2.0": 0.006970298105926791,
        "layer4.1.conv2.1": 0.00013587325742547352,
        "layer4.1.conv2.2": 0.007826299627707275,
        "fc": 0.8712872632408489
    }
}