{
    "total_flops": 233083416,
    "total_params": 713006,
    "relative_flops": {
        "conv1.0": 0.03315166789901518,
        "conv1.1": 0.11721482578580365,
        "conv1.2": 0.15499481095643458,
        "layer1.0.conv1.0": 0.03818361749082998,
        "layer1.0.conv1.1": 0.005623943661440074,
        "layer1.0.conv1.2": 0.038748702739108645,
        "layer1.0.conv2.0": 0.03818361749082998,
        "layer1.0.conv2.1": 0.005623943661440074,
        "layer1.0.conv2.2": 0.038748702739108645,
        "layer1.1.conv1.0": 0.03818361749082998,
        "layer1.1.conv1.1": 0.005623943661440074,
        "layer1.1.conv1.2": 0.038748702739108645,
        "layer1.1.conv2.0": 0.03818361749082998,
        "layer1.1.conv2.1": 0.005623943661440074,
        "layer1.1.conv2.2": 0.038748702739108645,
        "layer2.0.conv1.0": 0.03818361749082998,
        "layer2.0.conv1.1": 0.0014059859153600185,
        "layer2.0.conv1.2": 0.019374351369554323,
        "layer2.0.conv2.0": 0.01901780948671183,
        "layer2.0.conv2.1": 0.0014059859153600185,
        "layer2.0.conv2.2": 0.019374351369554323,
        "layer2.0.downsample.0.0": 0.009545904372707494,
        "layer2.0.downsample.0.1": 0.019374351369554323,
        "layer2.1.conv1.0": 0.01901780948671183,
        "layer2.1.conv1.1": 0.0014059859153600185,
        "layer2.1.conv1.2": 0.019374351369554323,
        "layer2.1.conv2.0": 0.01901780948671183,
        "layer2.1.conv2.1": 0.0014059859153600185,
        "layer2.1.conv2.2": 0.019374351369554323,
        "layer3.0.conv1.0": 0.01901780948671183,
        "layer3.0.conv1.1": 0.0003514964788400046,
        "layer3.0.conv1.2": 0.009687175684777161,
        "layer3.0.conv2.0": 0.009490404928680125,
        "layer3.0.conv2.1": 0.0003514964788400046,
        "layer3.0.conv2.2": 0.009687175684777161,
        "layer3.0.downsample.0.0": 0.004754452371677958,
        "layer3.0.downsample.0.1": 0.009687175684777161,
        "layer3.1.conv1.0": 0.009490404928680125,
        "layer3.1.conv1.1": 0.0003514964788400046,
        "layer3.1.conv1.2": 0.009687175684777161,
        "layer3.1.conv2.0": 0.009490404928680125,
        "layer3.1.conv2.1": 0.0003514964788400046,
        "layer3.1.conv2.2": 0.009687175684777161,
        "layer4.0.conv1.0": 0.009490404928680125,
        "layer4.0.conv1.1": 8.787411971000115e-05,
        "layer4.0.conv1.2": 0.004843587842388581,
        "layer4.0.conv2.0": 0.004740577510671115,
        "layer4.0.conv2.1": 8.787411971000115e-05,
        "layer4.0.conv2.2": 0.004843587842388581,
        "layer4.0.downsample.0.0": 0.0023726012321700313,
        "layer4.0.downsample.0.1": 0.004843587842388581,
        "layer4.1.conv1.0": 0.004740577510671115,
        "layer4.1.conv1.1": 8.787411971000115e-05,
        "layer4.1.conv1.2": 0.004843587842388581,
        "layer4.1.conv2.0": 0.004740577510671115,
        "layer4.1.conv2.1": 8.787411971000115e-05,
        "layer4.1.conv2.2": 0.004843587842388581,
        "fc": 0.004395473593024739
    },
    "relative_params": {
        "conv1.0": 0.00012342112128088683,
        "conv1.1": 0.0015427640160110855,
        "conv1.2": 0.002064498755971198,
        "layer1.0.conv1.0": 0.002005593220814411,
        "layer1.0.conv1.1": 0.0003085528032022171,
        "layer1.0.conv1.2": 0.002064498755971198,
        "layer1.0.conv2.0": 0.002005593220814411,
        "layer1.0.conv2.1": 0.0003085528032022171,
        "layer1.0.conv2.2": 0.002064498755971198,
        "layer1.1.conv1.0": 0.002005593220814411,
        "layer1.1.conv1.1": 0.0003085528032022171,
        "layer1.1.conv1.2": 0.002064498755971198,
        "layer1.1.conv2.0": 0.002005593220814411,
        "layer1.1.conv2.1": 0.0003085528032022171,
        "layer1.1.conv2.2": 0.002064498755971198,
        "layer2.0.conv1.0": 0.002005593220814411,
        "layer2.0.conv1.1": 0.0003085528032022171,
        "layer2.0.conv1.2": 0.004128997511942396,
        "layer2.0.conv2.0": 0.0039803311613086,
        "layer2.0.conv2.1": 0.0003085528032022171,
        "layer2.0.conv2.2": 0.004128997511942396,
        "layer2.0.downsample.0.0": 0.002005593220814411,
        "layer2.0.downsample.0.1": 0.004128997511942396,
        "layer2.1.conv1.0": 0.0039803311613086,
        "layer2.1.conv1.1": 0.0003085528032022171,
        "layer2.1.conv1.2": 0.004128997511942396,
        "layer2.1.conv2.0": 0.0039803311613086,
        "layer2.1.conv2.1": 0.0003085528032022171,
        "layer2.1.conv2.2": 0.004128997511942396,
        "layer3.0.conv1.0": 0.0039803311613086,
        "layer3.0.conv1.1": 0.0003085528032022171,
        "layer3.0.conv1.2": 0.008257995023884792,
        "layer3.0.conv2.0": 0.007929807042296979,
        "layer3.0.conv2.1": 0.0003085528032022171,
        "layer3.0.conv2.2": 0.008257995023884792,
        "layer3.0.downsample.0.0": 0.0039803311613086,
        "layer3.0.downsample.0.1": 0.008257995023884792,
        "layer3.1.conv1.0": 0.007929807042296979,
        "layer3.1.conv1.1": 0.0003085528032022171,
        "layer3.1.conv1.2": 0.008257995023884792,
        "layer3.1.conv2.0": 0.007929807042296979,
        "layer3.1.conv2.1": 0.0003085528032022171,
        "layer3.1.conv2.2": 0.008257995023884792,
        "layer4.0.conv1.0": 0.007929807042296979,
        "layer4.0.conv1.1": 0.0003085528032022171,
        "layer4.0.conv1.2": 0.016515990047769585,
        "layer4.0.conv2.0": 0.015828758804273736,
        "layer4.0.conv2.1": 0.0003085528032022171,
        "layer4.0.conv2.2": 0.016515990047769585,
        "layer4.0.downsample.0.0": 0.007929807042296979,
        "layer4.0.downsample.0.1": 0.016515990047769585,
        "layer4.1.conv1.0": 0.015828758804273736,
        "layer4.1.conv1.1": 0.0003085528032022171,
        "layer4.1.conv1.2": 0.016515990047769585,
        "layer4.1.conv2.0": 0.015828758804273736,
        "layer4.1.conv2.1": 0.0003085528032022171,
        "layer4.1.conv2.2": 0.016515990047769585,
        "fc": 0.7194890365578971
    }
}