{
    "total_flops": 1028179074,
    "total_params": 3186771,
    "relative_flops": {
        "conv1.0": 0.0010248175893142132,
        "conv1.1.0": 0.0010248175893142132,
        "conv1.1.1": 0.0036234621907895396,
        "conv1.1.2": 0.005465693809675804,
        "conv1.2": 0.10072492877831124,
        "layer1.0.conv1.0": 0.02518123219457781,
        "layer1.0.conv1.1.0": 0.0035411107773625043,
        "layer1.0.conv1.1.1": 0.0005215589517045549,
        "layer1.0.conv1.1.2": 0.003708863656565724,
        "layer1.0.conv1.2": 0.02518123219457781,
        "layer1.0.conv2.0": 0.02518123219457781,
        "layer1.0.conv2.1.0": 0.0035411107773625043,
        "layer1.0.conv2.1.1": 0.0005215589517045549,
        "layer1.0.conv2.1.2": 0.003708863656565724,
        "layer1.0.conv2.2": 0.02518123219457781,
        "layer1.1.conv1.0": 0.02518123219457781,
        "layer1.1.conv1.1.0": 0.0035411107773625043,
        "layer1.1.conv1.1.1": 0.0005215589517045549,
        "layer1.1.conv1.1.2": 0.003708863656565724,
        "layer1.1.conv1.2": 0.02518123219457781,
        "layer1.1.conv2.0": 0.02518123219457781,
        "layer1.1.conv2.1.0": 0.0035411107773625043,
        "layer1.1.conv2.1.1": 0.0005215589517045549,
        "layer1.1.conv2.1.2": 0.003708863656565724,
        "layer1.1.conv2.2": 0.02518123219457781,
        "layer2.0.conv1.0": 0.02518123219457781,
        "layer2.0.conv1.1.0": 0.0035411107773625043,
        "layer2.0.conv1.1.1": 0.00013038973792613872,
        "layer2.0.conv1.1.2": 0.001854431828282862,
        "layer2.0.conv1.2": 0.02508363051940503,
        "layer2.0.conv2.0": 0.02508363051940503,
        "layer2.0.conv2.1.0": 0.001763692770895666,
        "layer2.0.conv2.1.1": 0.00013038973792613872,
        "layer2.0.conv2.1.2": 0.001854431828282862,
        "layer2.0.conv2.2": 0.02508363051940503,
        "layer2.0.downsample.0.0": 0.004623116848223269,
        "layer2.0.downsample.0.1": 0.00927215914141431,
        "layer2.1.conv1.0": 0.02508363051940503,
        "layer2.1.conv1.1.0": 0.001763692770895666,
        "layer2.1.conv1.1.1": 0.00013038973792613872,
        "layer2.1.conv1.1.2": 0.001854431828282862,
        "layer2.1.conv1.2": 0.02508363051940503,
        "layer2.1.conv2.0": 0.02508363051940503,
        "layer2.1.conv2.1.0": 0.001763692770895666,
        "layer2.1.conv2.1.1": 0.00013038973792613872,
        "layer2.1.conv2.1.2": 0.001854431828282862,
        "layer2.1.conv2.2": 0.02508363051940503,
        "layer3.0.conv1.0": 0.02508363051940503,
        "layer3.0.conv1.1.0": 0.001763692770895666,
        "layer3.0.conv1.1.1": 3.259743448153468e-05,
        "layer3.0.conv1.1.2": 0.000927215914141431,
        "layer3.0.conv1.2": 0.025034829681818638,
        "layer3.0.conv2.0": 0.025034829681818638,
        "layer3.0.conv2.1.0": 0.0008801307310014364,
        "layer3.0.conv2.1.1": 3.259743448153468e-05,
        "layer3.0.conv2.1.2": 0.000927215914141431,
        "layer3.0.conv2.2": 0.025034829681818638,
        "layer3.0.downsample.0.0": 0.0023025988953360083,
        "layer3.0.downsample.0.1": 0.004636079570707155,
        "layer3.1.conv1.0": 0.025034829681818638,
        "layer3.1.conv1.1.0": 0.0008801307310014364,
        "layer3.1.conv1.1.1": 3.259743448153468e-05,
        "layer3.1.conv1.1.2": 0.000927215914141431,
        "layer3.1.conv1.2": 0.025034829681818638,
        "layer3.1.conv2.0": 0.025034829681818638,
        "layer3.1.conv2.1.0": 0.0008801307310014364,
        "layer3.1.conv2.1.1": 3.259743448153468e-05,
        "layer3.1.conv2.1.2": 0.000927215914141431,
        "layer3.1.conv2.2": 0.025034829681818638,
        "layer4.0.conv1.0": 0.025034829681818638,
        "layer4.0.conv1.1.0": 0.0008801307310014364,
        "layer4.0.conv1.1.1": 8.14935862038367e-06,
        "layer4.0.conv1.1.2": 0.0004636079570707155,
        "layer4.0.conv1.2": 0.02501042926302544,
        "layer4.0.conv2.0": 0.02501042926302544,
        "layer4.0.conv2.1.0": 0.0004396364518891191,
        "layer4.0.conv2.1.1": 8.14935862038367e-06,
        "layer4.0.conv2.1.2": 0.0004636079570707155,
        "layer4.0.conv2.2": 0.02501042926302544,
        "layer4.0.downsample.0.0": 0.0011490595654740975,
        "layer4.0.downsample.0.1": 0.0023180397853535773,
        "layer4.1.conv1.0": 0.02501042926302544,
        "layer4.1.conv1.1.0": 0.0004396364518891191,
        "layer4.1.conv1.1.1": 8.14935862038367e-06,
        "layer4.1.conv1.1.2": 0.0004636079570707155,
        "layer4.1.conv1.2": 0.02501042926302544,
        "layer4.1.conv2.0": 0.02501042926302544,
        "layer4.1.conv2.1.0": 0.0004396364518891191,
        "layer4.1.conv2.1.1": 8.14935862038367e-06,
        "layer4.1.conv2.1.2": 0.0004636079570707155,
        "layer4.1.conv2.2": 0.02501042926302544,
        "fc": 0.0009964334286772306
    },
    "relative_params": {
        "conv1.0": 3.7655670896967493e-06,
        "conv1.1.0": 3.7655670896967493e-06,
        "conv1.1.1": 4.706958862120937e-05,
        "conv1.1.2": 8.033209791353065e-05,
        "conv1.2": 0.0013053965910948733,
        "layer1.0.conv1.0": 0.0013053965910948733,
        "layer1.0.conv1.1.0": 0.00018357139562271655,
        "layer1.0.conv1.1.1": 2.824175317272562e-05,
        "layer1.0.conv1.1.2": 0.00020083024478382663,
        "layer1.0.conv1.2": 0.0013053965910948733,
        "layer1.0.conv2.0": 0.0013053965910948733,
        "layer1.0.conv2.1.0": 0.00018357139562271655,
        "layer1.0.conv2.1.1": 2.824175317272562e-05,
        "layer1.0.conv2.1.2": 0.00020083024478382663,
        "layer1.0.conv2.2": 0.0013053965910948733,
        "layer1.1.conv1.0": 0.0013053965910948733,
        "layer1.1.conv1.1.0": 0.00018357139562271655,
        "layer1.1.conv1.1.1": 2.824175317272562e-05,
        "layer1.1.conv1.1.2": 0.00020083024478382663,
        "layer1.1.conv1.2": 0.0013053965910948733,
        "layer1.1.conv2.0": 0.0013053965910948733,
        "layer1.1.conv2.1.0": 0.00018357139562271655,
        "layer1.1.conv2.1.1": 2.824175317272562e-05,
        "layer1.1.conv2.1.2": 0.00020083024478382663,
        "layer1.1.conv2.2": 0.0013053965910948733,
        "layer2.0.conv1.0": 0.0013053965910948733,
        "layer2.0.conv1.1.0": 0.00018357139562271655,
        "layer2.0.conv1.1.1": 2.824175317272562e-05,
        "layer2.0.conv1.1.2": 0.00040166048956765326,
        "layer2.0.conv1.2": 0.005181420315422727,
        "layer2.0.conv2.0": 0.005181420315422727,
        "layer2.0.conv2.1.0": 0.0003643186159281605,
        "layer2.0.conv2.1.1": 2.824175317272562e-05,
        "layer2.0.conv2.1.2": 0.00040166048956765326,
        "layer2.0.conv2.2": 0.005181420315422727,
        "layer2.0.downsample.0.0": 0.0009586506215852975,
        "layer2.0.downsample.0.1": 0.0019279703499247357,
        "layer2.1.conv1.0": 0.005181420315422727,
        "layer2.1.conv1.1.0": 0.0003643186159281605,
        "layer2.1.conv1.1.1": 2.824175317272562e-05,
        "layer2.1.conv1.1.2": 0.00040166048956765326,
        "layer2.1.conv1.2": 0.005181420315422727,
        "layer2.1.conv2.0": 0.005181420315422727,
        "layer2.1.conv2.1.0": 0.0003643186159281605,
        "layer2.1.conv2.1.1": 2.824175317272562e-05,
        "layer2.1.conv2.1.2": 0.00040166048956765326,
        "layer2.1.conv2.2": 0.005181420315422727,
        "layer3.0.conv1.0": 0.005181420315422727,
        "layer3.0.conv1.1.0": 0.0003643186159281605,
        "layer3.0.conv1.1.1": 2.824175317272562e-05,
        "layer3.0.conv1.1.2": 0.0008033209791353065,
        "layer3.0.conv1.2": 0.020645349163777377,
        "layer3.0.conv2.0": 0.020645349163777377,
        "layer3.0.conv2.1.0": 0.0007258130565390485,
        "layer3.0.conv2.1.1": 2.824175317272562e-05,
        "layer3.0.conv2.1.2": 0.0008033209791353065,
        "layer3.0.conv2.2": 0.020645349163777377,
        "layer3.0.downsample.0.0": 0.0019025527720692827,
        "layer3.0.downsample.0.1": 0.0038559406998494713,
        "layer3.1.conv1.0": 0.020645349163777377,
        "layer3.1.conv1.1.0": 0.0007258130565390485,