{
    "total_flops": 285259596,
    "total_params": 757371,
    "relative_flops": {
        "conv1.0": 0.03324432949137318,
        "conv1.1": 0.1175424507016409,
        "conv1.2": 0.1547884124466053,
        "layer1.0.conv1.0": 0.0382903437891709,
        "layer1.0.conv1.1": 0.005639663038715094,
        "layer1.0.conv1.2": 0.038697103111651324,
        "layer1.0.conv2.0": 0.0382903437891709,
        "layer1.0.conv2.1": 0.005639663038715094,
        "layer1.0.conv2.2": 0.038697103111651324,
        "layer1.1.conv1.0": 0.0382903437891709,
        "layer1.1.conv1.1": 0.005639663038715094,
        "layer1.1.conv1.2": 0.038697103111651324,
        "layer1.1.conv2.0": 0.0382903437891709,
        "layer1.1.conv2.1": 0.005639663038715094,
        "layer1.1.conv2.2": 0.038697103111651324,
        "layer2.0.conv1.0": 0.0382903437891709,
        "layer2.0.conv1.1": 0.0014099157596787735,
        "layer2.0.conv1.2": 0.019348551555825662,
        "layer2.0.conv2.0": 0.019070965801970777,
        "layer2.0.conv2.1": 0.0014099157596787735,
        "layer2.0.conv2.2": 0.019348551555825662,
        "layer2.0.downsample.0.0": 0.009572585947292725,
        "layer2.0.downsample.0.1": 0.019348551555825662,
        "layer2.1.conv1.0": 0.019070965801970777,
        "layer2.1.conv1.1": 0.0014099157596787735,
        "layer2.1.conv1.2": 0.019348551555825662,
        "layer2.1.conv2.0": 0.019070965801970777,
        "layer2.1.conv2.1": 0.0014099157596787735,
        "layer2.1.conv2.2": 0.019348551555825662,
        "layer3.0.conv1.0": 0.019070965801970777,
        "layer3.0.conv1.1": 0.0003524789399196934,
        "layer3.0.conv1.2": 0.009674275777912831,
        "layer3.0.conv2.0": 0.00951693137783172,
        "layer3.0.conv2.1": 0.0003524789399196934,
        "layer3.0.conv2.2": 0.009674275777912831,
        "layer3.0.downsample.0.0": 0.004767741450492694,
        "layer3.0.downsample.0.1": 0.009674275777912831,
        "layer3.1.conv1.0": 0.00951693137783172,
        "layer3.1.conv1.1": 0.0003524789399196934,
        "layer3.1.conv1.2": 0.009674275777912831,
        "layer3.1.conv2.0": 0.00951693137783172,
        "layer3.1.conv2.1": 0.0003524789399196934,
        "layer3.1.conv2.2": 0.009674275777912831,
        "layer4.0.conv1.0": 0.00951693137783172,
        "layer4.0.conv1.1": 8.811973497992335e-05,
        "layer4.0.conv1.2": 0.0048371378889564155,
        "layer4.0.conv2.0": 0.004753827808127443,
        "layer4.0.conv2.1": 8.811973497992335e-05,
        "layer4.0.conv2.2": 0.0048371378889564155,
        "layer4.0.downsample.0.0": 0.00237923284445793,
        "layer4.0.downsample.0.1": 0.0048371378889564155,
        "layer4.1.conv1.0": 0.004753827808127443,
        "layer4.1.conv1.1": 8.811973497992335e-05,
        "layer4.1.conv1.2": 0.0048371378889564155,
        "layer4.1.conv2.0": 0.004753827808127443,
        "layer4.1.conv2.1": 8.811973497992335e-05,
        "layer4.1.conv2.2": 0.0048371378889564155,
        "fc": 0.003591507575436656
    },
    "relative_params": {
        "conv1.0": 0.00014259854153380575,
        "conv1.1": 0.001782481769172572,
        "conv1.2": 0.0023660795039683324,
        "layer1.0.conv1.0": 0.0023172262999243435,
        "layer1.0.conv1.1": 0.0003564963538345144,
        "layer1.0.conv1.2": 0.0023660795039683324,
        "layer1.0.conv2.0": 0.0023172262999243435,
        "layer1.0.conv2.1": 0.0003564963538345144,
        "layer1.0.conv2.2": 0.0023660795039683324,
        "layer1.1.conv1.0": 0.0023172262999243435,
        "layer1.1.conv1.1": 0.0003564963538345144,
        "layer1.1.conv1.2": 0.0023660795039683324,
        "layer1.1.conv2.0": 0.0023172262999243435,
        "layer1.1.conv2.1": 0.0003564963538345144,
        "layer1.1.conv2.2": 0.0023660795039683324,
        "layer2.0.conv1.0": 0.0023172262999243435,
        "layer2.0.conv1.1": 0.0003564963538345144,
        "layer2.0.conv1.2": 0.004732159007936665,
        "layer2.0.conv2.0": 0.004598802964465236,
        "layer2.0.conv2.1": 0.0003564963538345144,
        "layer2.0.conv2.2": 0.004732159007936665,
        "layer2.0.downsample.0.0": 0.0023172262999243435,
        "layer2.0.downsample.0.1": 0.004732159007936665,
        "layer2.1.conv1.0": 0.004598802964465236,
        "layer2.1.conv1.1": 0.0003564963538345144,
        "layer2.1.conv1.2": 0.004732159007936665,
        "layer2.1.conv2.0": 0.004598802964465236,
        "layer2.1.conv2.1": 0.0003564963538345144,
        "layer2.1.conv2.2": 0.004732159007936665,
        "layer3.0.conv1.0": 0.004598802964465236,
        "layer3.0.conv1.1": 0.0003564963538345144,
        "layer3.0.conv1.2": 0.00946431801587333,
        "layer3.0.conv2.0": 0.00916195629354702,
        "layer3.0.conv2.1": 0.0003564963538345144,
        "layer3.0.conv2.2": 0.00946431801587333,
        "layer3.0.downsample.0.0": 0.004598802964465236,
        "layer3.0.downsample.0.1": 0.00946431801587333,
        "layer3.1.conv1.0": 0.00916195629354702,
        "layer3.1.conv1.1": 0.0003564963538345144,
        "layer3.1.conv1.2": 0.00946431801587333,
        "layer3.1.conv2.0": 0.00916195629354702,
        "layer3.1.conv2.1": 0.0003564963538345144,
        "layer3.1.conv2.2": 0.00946431801587333,
        "layer4.0.conv1.0": 0.00916195629354702,
        "layer4.0.conv1.1": 0.0003564963538345144,
        "layer4.0.conv1.2": 0.01892863603174666,
        "layer4.0.conv2.0": 0.01828826295171059,
        "layer4.0.conv2.1": 0.0003564963538345144,
        "layer4.0.conv2.2": 0.01892863603174666,
        "layer4.0.downsample.0.0": 0.00916195629354702,
        "layer4.0.downsample.0.1": 0.01892863603174666,
        "layer4.1.conv1.0": 0.01828826295171059,
        "layer4.1.conv1.1": 0.0003564963538345144,
        "layer4.1.conv1.2": 0.01892863603174666,
        "layer4.1.conv2.0": 0.01828826295171059,
        "layer4.1.conv2.1": 0.0003564963538345144,
        "layer4.1.conv2.2": 0.01892863603174666,
        "fc": 0.6773430722855773
    }
}