{
    "total_flops": 316565304,
    "total_params": 783990,
    "relative_flops": {
        "conv1.0": 0.033285264894348625,
        "conv1.1": 0.11768718659073263,
        "conv1.2": 0.15469723112802028,
        "layer1.0.conv1.0": 0.03833749260152654,
        "layer1.0.conv1.1": 0.0056466074374341415,
        "layer1.0.conv1.2": 0.03867430778200507,
        "layer1.0.conv2.0": 0.03833749260152654,
        "layer1.0.conv2.1": 0.0056466074374341415,
        "layer1.0.conv2.2": 0.03867430778200507,
        "layer1.1.conv1.0": 0.03833749260152654,
        "layer1.1.conv1.1": 0.0056466074374341415,
        "layer1.1.conv1.2": 0.03867430778200507,
        "layer1.1.conv2.0": 0.03833749260152654,
        "layer1.1.conv2.1": 0.0056466074374341415,
        "layer1.1.conv2.2": 0.03867430778200507,
        "layer2.0.conv1.0": 0.03833749260152654,
        "layer2.0.conv1.1": 0.0014116518593585354,
        "layer2.0.conv1.2": 0.019337153891002535,
        "layer2.0.conv2.0": 0.01909444883448124,
        "layer2.0.conv2.1": 0.0014116518593585354,
        "layer2.0.conv2.2": 0.019337153891002535,
        "layer2.0.downsample.0.0": 0.009584373150381634,
        "layer2.0.downsample.0.1": 0.019337153891002535,
        "layer2.1.conv1.0": 0.01909444883448124,
        "layer2.1.conv1.1": 0.0014116518593585354,
        "layer2.1.conv1.2": 0.019337153891002535,
        "layer2.1.conv2.0": 0.01909444883448124,
        "layer2.1.conv2.1": 0.0014116518593585354,
        "layer2.1.conv2.2": 0.019337153891002535,
        "layer3.0.conv1.0": 0.01909444883448124,
        "layer3.0.conv1.1": 0.00035291296483963385,
        "layer3.0.conv1.2": 0.009668576945501267,
        "layer3.0.conv2.0": 0.009528650050670114,
        "layer3.0.conv2.1": 0.00035291296483963385,
        "layer3.0.conv2.2": 0.009668576945501267,
        "layer3.0.downsample.0.0": 0.00477361220862031,
        "layer3.0.downsample.0.1": 0.009668576945501267,
        "layer3.1.conv1.0": 0.009528650050670114,
        "layer3.1.conv1.1": 0.00035291296483963385,
        "layer3.1.conv1.2": 0.009668576945501267,
        "layer3.1.conv2.0": 0.009528650050670114,
        "layer3.1.conv2.1": 0.00035291296483963385,
        "layer3.1.conv2.2": 0.009668576945501267,
        "layer4.0.conv1.0": 0.009528650050670114,
        "layer4.0.conv1.1": 8.822824120990846e-05,
        "layer4.0.conv1.2": 0.004834288472750634,
        "layer4.0.conv2.0": 0.00475968143369243,
        "layer4.0.conv2.1": 8.822824120990846e-05,
        "layer4.0.conv2.2": 0.004834288472750634,
        "layer4.0.downsample.0.0": 0.0023821625126675284,
        "layer4.0.downsample.0.1": 0.004834288472750634,
        "layer4.1.conv1.0": 0.00475968143369243,
        "layer4.1.conv1.1": 8.822824120990846e-05,
        "layer4.1.conv1.2": 0.004834288472750634,
        "layer4.1.conv2.0": 0.00475968143369243,
        "layer4.1.conv2.1": 8.822824120990846e-05,
        "layer4.1.conv2.2": 0.004834288472750634,
        "fc": 0.003236336980252264
    },
    "relative_params": {
        "conv1.0": 0.00015306317682623502,
        "conv1.1": 0.0019132897103279378,
        "conv1.2": 0.0025306445235270857,
        "layer1.0.conv1.0": 0.0024872766234263193,
        "layer1.0.conv1.1": 0.00038265794206558755,
        "layer1.0.conv1.2": 0.0025306445235270857,
        "layer1.0.conv2.0": 0.0024872766234263193,
        "layer1.0.conv2.1": 0.00038265794206558755,
        "layer1.0.conv2.2": 0.0025306445235270857,
        "layer1.1.conv1.0": 0.0024872766234263193,
        "layer1.1.conv1.1": 0.00038265794206558755,
        "layer1.1.conv1.2": 0.0025306445235270857,
        "layer1.1.conv2.0": 0.0024872766234263193,
        "layer1.1.conv2.1": 0.00038265794206558755,
        "layer1.1.conv2.2": 0.0025306445235270857,
        "layer2.0.conv1.0": 0.0024872766234263193,
        "layer2.0.conv1.1": 0.00038265794206558755,
        "layer2.0.conv1.2": 0.005061289047054171,
        "layer2.0.conv2.0": 0.00493628745264608,
        "layer2.0.conv2.1": 0.00038265794206558755,
        "layer2.0.conv2.2": 0.005061289047054171,
        "layer2.0.downsample.0.0": 0.0024872766234263193,
        "layer2.0.downsample.0.1": 0.005061289047054171,
        "layer2.1.conv1.0": 0.00493628745264608,
        "layer2.1.conv1.1": 0.00038265794206558755,
        "layer2.1.conv1.2": 0.005061289047054171,
        "layer2.1.conv2.0": 0.00493628745264608,
        "layer2.1.conv2.1": 0.00038265794206558755,
        "layer2.1.conv2.2": 0.005061289047054171,
        "layer3.0.conv1.0": 0.00493628745264608,
        "layer3.0.conv1.1": 0.00038265794206558755,
        "layer3.0.conv1.2": 0.010122578094108343,
        "layer3.0.conv2.0": 0.0098343091110856,
        "layer3.0.conv2.1": 0.00038265794206558755,
        "layer3.0.conv2.2": 0.010122578094108343,
        "layer3.0.downsample.0.0": 0.00493628745264608,
        "layer3.0.downsample.0.1": 0.010122578094108343,
        "layer3.1.conv1.0": 0.0098343091110856,
        "layer3.1.conv1.1": 0.00038265794206558755,
        "layer3.1.conv1.2": 0.010122578094108343,
        "layer3.1.conv2.0": 0.0098343091110856,
        "layer3.1.conv2.1": 0.00038265794206558755,
        "layer3.1.conv2.2": 0.010122578094108343,
        "layer4.0.conv1.0": 0.0098343091110856,
        "layer4.0.conv1.1": 0.00038265794206558755,
        "layer4.0.conv1.2": 0.020245156188216686,
        "layer4.0.conv2.0": 0.019630352427964643,
        "layer4.0.conv2.1": 0.00038265794206558755,
        "layer4.0.conv2.2": 0.020245156188216686,
        "layer4.0.downsample.0.0": 0.0098343091110856,
        "layer4.0.downsample.0.1": 0.020245156188216686,
        "layer4.1.conv1.0": 0.019630352427964643,
        "layer4.1.conv1.1": 0.00038265794206558755,
        "layer4.1.conv1.2": 0.020245156188216686,
        "layer4.1.conv2.0": 0.019630352427964643,
        "layer4.1.conv2.1": 0.00038265794206558755,
        "layer4.1.conv2.2": 0.020245156188216686,
        "fc": 0.6543450809321547
    }
}