{
    "total_flops": 34813932,
    "total_params": 544419,
    "relative_flops": {
        "conv1.0": 0.030266503651469188,
        "conv1.1": 0.1070137093391232,
        "conv1.2": 0.16142135280783568,
        "layer1.0.conv1.0": 0.03486052652713862,
        "layer1.0.conv1.1": 0.005134496155159951,
        "layer1.0.conv1.2": 0.04035533820195892,
        "layer1.0.conv2.0": 0.03486052652713862,
        "layer1.0.conv2.1": 0.005134496155159951,
        "layer1.0.conv2.2": 0.04035533820195892,
        "layer1.1.conv1.0": 0.03486052652713862,
        "layer1.1.conv1.1": 0.005134496155159951,
        "layer1.1.conv1.2": 0.04035533820195892,
        "layer1.1.conv2.0": 0.03486052652713862,
        "layer1.1.conv2.1": 0.005134496155159951,
        "layer1.1.conv2.2": 0.04035533820195892,
        "layer2.0.conv1.0": 0.03486052652713862,
        "layer2.0.conv1.1": 0.0012836240387899879,
        "layer2.0.conv1.2": 0.02017766910097946,
        "layer2.0.conv2.0": 0.017362704103632994,
        "layer2.0.conv2.1": 0.0012836240387899879,
        "layer2.0.conv2.2": 0.02017766910097946,
        "layer2.0.downsample.0.0": 0.008715131631784655,
        "layer2.0.downsample.0.1": 0.02017766910097946,
        "layer2.1.conv1.0": 0.017362704103632994,
        "layer2.1.conv1.1": 0.0012836240387899879,
        "layer2.1.conv1.2": 0.02017766910097946,
        "layer2.1.conv2.0": 0.017362704103632994,
        "layer2.1.conv2.1": 0.0012836240387899879,
        "layer2.1.conv2.2": 0.02017766910097946,
        "layer3.0.conv1.0": 0.017362704103632994,
        "layer3.0.conv1.1": 0.00032090600969749696,
        "layer3.0.conv1.2": 0.01008883455048973,
        "layer3.0.conv2.0": 0.008664462261832418,
        "layer3.0.conv2.1": 0.00032090600969749696,
        "layer3.0.conv2.2": 0.01008883455048973,
        "layer3.0.downsample.0.0": 0.0043406760259082485,
        "layer3.0.downsample.0.1": 0.01008883455048973,
        "layer3.1.conv1.0": 0.008664462261832418,
        "layer3.1.conv1.1": 0.00032090600969749696,
        "layer3.1.conv1.2": 0.01008883455048973,
        "layer3.1.conv2.0": 0.008664462261832418,
        "layer3.1.conv2.1": 0.00032090600969749696,
        "layer3.1.conv2.2": 0.01008883455048973,
        "layer4.0.conv1.0": 0.008664462261832418,
        "layer4.0.conv1.1": 8.022650242437424e-05,
        "layer4.0.conv1.2": 0.005044417275244865,
        "layer4.0.conv2.0": 0.00432800868342019,
        "layer4.0.conv2.1": 8.022650242437424e-05,
        "layer4.0.conv2.2": 0.005044417275244865,
        "layer4.0.downsample.0.0": 0.0021661155654581045,
        "layer4.0.downsample.0.1": 0.005044417275244865,
        "layer4.1.conv1.0": 0.00432800868342019,
        "layer4.1.conv1.1": 8.022650242437424e-05,
        "layer4.1.conv1.2": 0.005044417275244865,
        "layer4.1.conv2.0": 0.00432800868342019,
        "layer4.1.conv2.1": 8.022650242437424e-05,
        "layer4.1.conv2.2": 0.005044417275244865,
        "fc": 0.02942821856491246
    },
    "relative_params": {
        "conv1.0": 2.2041846445476737e-05,
        "conv1.1": 0.0002755230805684592,
        "conv1.2": 0.0004702260575035037,
        "layer1.0.conv1.0": 0.000358180004738997,
        "layer1.0.conv1.1": 5.510461611369184e-05,
        "layer1.0.conv1.2": 0.0004702260575035037,
        "layer1.0.conv2.0": 0.000358180004738997,
        "layer1.0.conv2.1": 5.510461611369184e-05,
        "layer1.0.conv2.2": 0.0004702260575035037,
        "layer1.1.conv1.0": 0.000358180004738997,
        "layer1.1.conv1.1": 5.510461611369184e-05,
        "layer1.1.conv1.2": 0.0004702260575035037,
        "layer1.1.conv2.0": 0.000358180004738997,
        "layer1.1.conv2.1": 5.510461611369184e-05,
        "layer1.1.conv2.2": 0.0004702260575035037,
        "layer2.0.conv1.0": 0.000358180004738997,
        "layer2.0.conv1.1": 5.510461611369184e-05,
        "layer2.0.conv1.2": 0.0009404521150070074,
        "layer2.0.conv2.0": 0.0007108495478666248,
        "layer2.0.conv2.1": 5.510461611369184e-05,
        "layer2.0.conv2.2": 0.0009404521150070074,
        "layer2.0.downsample.0.0": 0.000358180004738997,
        "layer2.0.downsample.0.1": 0.0009404521150070074,
        "layer2.1.conv1.0": 0.0007108495478666248,
        "layer2.1.conv1.1": 5.510461611369184e-05,
        "layer2.1.conv1.2": 0.0009404521150070074,
        "layer2.1.conv2.0": 0.0007108495478666248,
        "layer2.1.conv2.1": 5.510461611369184e-05,
        "layer2.1.conv2.2": 0.0009404521150070074,
        "layer3.0.conv1.0": 0.0007108495478666248,
        "layer3.0.conv1.1": 5.510461611369184e-05,
        "layer3.0.conv1.2": 0.0018809042300140149,
        "layer3.0.conv2.0": 0.0014161886341218803,
        "layer3.0.conv2.1": 5.510461611369184e-05,
        "layer3.0.conv2.2": 0.0018809042300140149,
        "layer3.0.downsample.0.0": 0.0007108495478666248,
        "layer3.0.downsample.0.1": 0.0018809042300140149,
        "layer3.1.conv1.0": 0.0014161886341218803,
        "layer3.1.conv1.1": 5.510461611369184e-05,
        "layer3.1.conv1.2": 0.0018809042300140149,
        "layer3.1.conv2.0": 0.0014161886341218803,
        "layer3.1.conv2.1": 5.510461611369184e-05,
        "layer3.1.conv2.2": 0.0018809042300140149,
        "layer4.0.conv1.0": 0.0014161886341218803,
        "layer4.0.conv1.1": 5.510461611369184e-05,
        "layer4.0.conv1.2": 0.0037618084600280297,
        "layer4.0.conv2.0": 0.0028268668066323915,
        "layer4.0.conv2.1": 5.510461611369184e-05,
        "layer4.0.conv2.2": 0.0037618084600280297,
        "layer4.0.downsample.0.0": 0.0014161886341218803,
        "layer4.0.downsample.0.1": 0.0037618084600280297,
        "layer4.1.conv1.0": 0.0028268668066323915,
        "layer4.1.conv1.1": 5.510461611369184e-05,
        "layer4.1.conv1.2": 0.0037618084600280297,
        "layer4.1.conv2.0": 0.0028268668066323915,
        "layer4.1.conv2.1": 5.510461611369184e-05,
        "layer4.1.conv2.2": 0.0037618084600280297,
        "fc": 0.9422889355441305
    }
}