{
    "total_flops": 441788136,
    "total_params": 890466,
    "relative_flops": {
        "conv1.0": 0.03339099173998643,
        "conv1.1": 0.11806100650923772,
        "conv1.2": 0.15446173049789638,
        "layer1.0.conv1.0": 0.03845926727194865,
        "layer1.0.conv1.1": 0.0056645432416048405,
        "layer1.0.conv1.2": 0.038615432624474096,
        "layer1.0.conv2.0": 0.03845926727194865,
        "layer1.0.conv2.1": 0.0056645432416048405,
        "layer1.0.conv2.2": 0.038615432624474096,
        "layer1.1.conv1.0": 0.03845926727194865,
        "layer1.1.conv1.1": 0.0056645432416048405,
        "layer1.1.conv1.2": 0.038615432624474096,
        "layer1.1.conv2.0": 0.03845926727194865,
        "layer1.1.conv2.1": 0.0056645432416048405,
        "layer1.1.conv2.2": 0.038615432624474096,
        "layer2.0.conv1.0": 0.03845926727194865,
        "layer2.0.conv1.1": 0.0014161358104012101,
        "layer2.0.conv1.2": 0.019307716312237048,
        "layer2.0.conv2.0": 0.019155100172269,
        "layer2.0.conv2.1": 0.0014161358104012101,
        "layer2.0.conv2.2": 0.019307716312237048,
        "layer2.0.downsample.0.0": 0.009614816817987162,
        "layer2.0.downsample.0.1": 0.019307716312237048,
        "layer2.1.conv1.0": 0.019155100172269,
        "layer2.1.conv1.1": 0.0014161358104012101,
        "layer2.1.conv1.2": 0.019307716312237048,
        "layer2.1.conv2.0": 0.019155100172269,
        "layer2.1.conv2.1": 0.0014161358104012101,
        "layer2.1.conv2.2": 0.019307716312237048,
        "layer3.0.conv1.0": 0.019155100172269,
        "layer3.0.conv1.1": 0.00035403395260030253,
        "layer3.0.conv1.2": 0.009653858156118524,
        "layer3.0.conv2.0": 0.009558916720208168,
        "layer3.0.conv2.1": 0.00035403395260030253,
        "layer3.0.conv2.2": 0.009653858156118524,
        "layer3.0.downsample.0.0": 0.00478877504306725,
        "layer3.0.downsample.0.1": 0.009653858156118524,
        "layer3.1.conv1.0": 0.009558916720208168,
        "layer3.1.conv1.1": 0.00035403395260030253,
        "layer3.1.conv1.2": 0.009653858156118524,
        "layer3.1.conv2.0": 0.009558916720208168,
        "layer3.1.conv2.1": 0.00035403395260030253,
        "layer3.1.conv2.2": 0.009653858156118524,
        "layer4.0.conv1.0": 0.009558916720208168,
        "layer4.0.conv1.1": 8.850848815007563e-05,
        "layer4.0.conv1.2": 0.004826929078059262,
        "layer4.0.conv2.0": 0.004774800018622501,
        "layer4.0.conv2.1": 8.850848815007563e-05,
        "layer4.0.conv2.2": 0.004826929078059262,
        "layer4.0.downsample.0.0": 0.002389729180052042,
        "layer4.0.downsample.0.1": 0.004826929078059262,
        "layer4.1.conv1.0": 0.004774800018622501,
        "layer4.1.conv1.1": 8.850848815007563e-05,
        "layer4.1.conv1.2": 0.004826929078059262,
        "layer4.1.conv2.0": 0.004774800018622501,
        "layer4.1.conv2.1": 8.850848815007563e-05,
        "layer4.1.conv2.2": 0.004826929078059262,
        "fc": 0.002319012025257283
    },
    "relative_params": {
        "conv1.0": 0.00018866526066127173,
        "conv1.1": 0.002358315758265897,
        "conv1.2": 0.0030905166508322607,
        "layer1.0.conv1.0": 0.003065810485745666,
        "layer1.0.conv1.1": 0.00047166315165317937,
        "layer1.0.conv1.2": 0.0030905166508322607,
        "layer1.0.conv2.0": 0.003065810485745666,
        "layer1.0.conv2.1": 0.00047166315165317937,
        "layer1.0.conv2.2": 0.0030905166508322607,
        "layer1.1.conv1.0": 0.003065810485745666,
        "layer1.1.conv1.1": 0.00047166315165317937,
        "layer1.1.conv1.2": 0.0030905166508322607,
        "layer1.1.conv2.0": 0.003065810485745666,
        "layer1.1.conv2.1": 0.00047166315165317937,
        "layer1.1.conv2.2": 0.0030905166508322607,
        "layer2.0.conv1.0": 0.003065810485745666,
        "layer2.0.conv1.1": 0.00047166315165317937,
        "layer2.0.conv1.2": 0.006181033301664521,
        "layer2.0.conv2.0": 0.006084454656326014,
        "layer2.0.conv2.1": 0.00047166315165317937,
        "layer2.0.conv2.2": 0.006181033301664521,
        "layer2.0.downsample.0.0": 0.003065810485745666,
        "layer2.0.downsample.0.1": 0.006181033301664521,
        "layer2.1.conv1.0": 0.006084454656326014,
        "layer2.1.conv1.1": 0.00047166315165317937,
        "layer2.1.conv1.2": 0.006181033301664521,
        "layer2.1.conv2.0": 0.006084454656326014,
        "layer2.1.conv2.1": 0.00047166315165317937,
        "layer2.1.conv2.2": 0.006181033301664521,
        "layer3.0.conv1.0": 0.006084454656326014,
        "layer3.0.conv1.1": 0.00047166315165317937,
        "layer3.0.conv1.2": 0.012362066603329043,
        "layer3.0.conv2.0": 0.01212174299748671,
        "layer3.0.conv2.1": 0.00047166315165317937,
        "layer3.0.conv2.2": 0.012362066603329043,
        "layer3.0.downsample.0.0": 0.006084454656326014,
        "layer3.0.downsample.0.1": 0.012362066603329043,
        "layer3.1.conv1.0": 0.01212174299748671,
        "layer3.1.conv1.1": 0.00047166315165317937,
        "layer3.1.conv1.2": 0.012362066603329043,
        "layer3.1.conv2.0": 0.01212174299748671,
        "layer3.1.conv2.1": 0.00047166315165317937,
        "layer3.1.conv2.2": 0.012362066603329043,
        "layer4.0.conv1.0": 0.01212174299748671,
        "layer4.0.conv1.1": 0.00047166315165317937,
        "layer4.0.conv1.2": 0.024724133206658085,
        "layer4.0.conv2.0": 0.0241963196798081,
        "layer4.0.conv2.1": 0.00047166315165317937,
        "layer4.0.conv2.2": 0.024724133206658085,
        "layer4.0.downsample.0.0": 0.01212174299748671,
        "layer4.0.downsample.0.1": 0.024724133206658085,
        "layer4.1.conv1.0": 0.0241963196798081,
        "layer4.1.conv1.1": 0.00047166315165317937,
        "layer4.1.conv1.2": 0.024724133206658085,
        "layer4.1.conv2.0": 0.0241963196798081,
        "layer4.1.conv2.1": 0.00047166315165317937,
        "layer4.1.conv2.2": 0.024724133206658085,
        "fc": 0.5761028495192405
    }
}