{
    "total_flops": 1025539689,
    "total_params": 3180036,
    "relative_flops": {
        "conv1.0": 0.0010274551158789916,
        "conv1.1.0": 0.0010274551158789916,
        "conv1.1.1": 0.0036327877311435773,
        "conv1.1.2": 0.005479760618021289,
        "conv1.2": 0.10098415996067803,
        "layer1.0.conv1.0": 0.025246039990169507,
        "layer1.0.conv1.1.0": 0.003550224373617587,
        "layer1.0.conv1.1.1": 0.0005229012643312725,
        "layer1.0.conv1.1.2": 0.00371840899080016,
        "layer1.0.conv1.2": 0.025246039990169507,
        "layer1.0.conv2.0": 0.025246039990169507,
        "layer1.0.conv2.1.0": 0.003550224373617587,
        "layer1.0.conv2.1.1": 0.0005229012643312725,
        "layer1.0.conv2.1.2": 0.00371840899080016,
        "layer1.0.conv2.2": 0.025246039990169507,
        "layer1.1.conv1.0": 0.025246039990169507,
        "layer1.1.conv1.1.0": 0.003550224373617587,
        "layer1.1.conv1.1.1": 0.0005229012643312725,
        "layer1.1.conv1.1.2": 0.00371840899080016,
        "layer1.1.conv1.2": 0.025246039990169507,
        "layer1.1.conv2.0": 0.025246039990169507,
        "layer1.1.conv2.1.0": 0.003550224373617587,
        "layer1.1.conv2.1.1": 0.0005229012643312725,
        "layer1.1.conv2.1.2": 0.00371840899080016,
        "layer1.1.conv2.2": 0.025246039990169507,
        "layer2.0.conv1.0": 0.025246039990169507,
        "layer2.0.conv1.1.0": 0.003550224373617587,
        "layer2.0.conv1.1.1": 0.00013072531608281812,
        "layer2.0.conv1.1.2": 0.00185920449540008,
        "layer2.0.conv1.2": 0.025148187121990555,
        "layer2.0.conv2.0": 0.025148187121990555,
        "layer2.0.conv2.1.0": 0.001768231907014961,
        "layer2.0.conv2.1.1": 0.00013072531608281812,
        "layer2.0.conv2.1.2": 0.00185920449540008,
        "layer2.0.conv2.2": 0.025148187121990555,
        "layer2.0.downsample.0.0": 0.0041419284358871844,
        "layer2.0.downsample.0.1": 0.008317493795210884,
        "layer2.1.conv1.0": 0.025148187121990555,
        "layer2.1.conv1.1.0": 0.001768231907014961,
        "layer2.1.conv1.1.1": 0.00013072531608281812,
        "layer2.1.conv1.1.2": 0.00185920449540008,
        "layer2.1.conv1.2": 0.025148187121990555,
        "layer2.1.conv2.0": 0.025148187121990555,
        "layer2.1.conv2.1.0": 0.001768231907014961,
        "layer2.1.conv2.1.1": 0.00013072531608281812,
        "layer2.1.conv2.1.2": 0.00185920449540008,
        "layer2.1.conv2.2": 0.025148187121990555,
        "layer3.0.conv1.0": 0.025148187121990555,
        "layer3.0.conv1.1.0": 0.001768231907014961,
        "layer3.0.conv1.1.1": 3.268132902070453e-05,
        "layer3.0.conv1.1.2": 0.00092960224770004,
        "layer3.0.conv1.2": 0.02509926068790108,
        "layer3.0.conv2.0": 0.02509926068790108,
        "layer3.0.conv2.1.0": 0.0008823958835590224,
        "layer3.0.conv2.1.1": 3.268132902070453e-05,
        "layer3.0.conv2.1.2": 0.00092960224770004,
        "layer3.0.conv2.2": 0.02509926068790108,
        "layer3.0.downsample.0.0": 0.0020629372248507877,
        "layer3.0.downsample.0.1": 0.004158746897605442,
        "layer3.1.conv1.0": 0.02509926068790108,
        "layer3.1.conv1.1.0": 0.0008823958835590224,
        "layer3.1.conv1.1.1": 3.268132902070453e-05,
        "layer3.1.conv1.1.2": 0.00092960224770004,
        "layer3.1.conv1.2": 0.02509926068790108,
        "layer3.1.conv2.0": 0.02509926068790108,
        "layer3.1.conv2.1.0": 0.0008823958835590224,
        "layer3.1.conv2.1.1": 3.268132902070453e-05,
        "layer3.1.conv2.1.2": 0.00092960224770004,
        "layer3.1.conv2.2": 0.02509926068790108,
        "layer4.0.conv1.0": 0.02509926068790108,
        "layer4.0.conv1.1.0": 0.0008823958835590224,
        "layer4.0.conv1.1.1": 8.170332255176132e-06,
        "layer4.0.conv1.1.2": 0.00046480112385002,
        "layer4.0.conv1.2": 0.025074797470856343,
        "layer4.0.conv2.0": 0.025074797470856343,
        "layer4.0.conv2.1.0": 0.00044076792429239664,
        "layer4.0.conv2.1.1": 8.170332255176132e-06,
        "layer4.0.conv2.1.2": 0.00046480112385002,
        "layer4.0.conv2.2": 0.025074797470856343,
        "layer4.0.downsample.0.0": 0.0010294618641521927,
        "layer4.0.downsample.0.1": 0.002079373448802721,
        "layer4.1.conv1.0": 0.025074797470856343,
        "layer4.1.conv1.1.0": 0.00044076792429239664,
        "layer4.1.conv1.1.1": 8.170332255176132e-06,
        "layer4.1.conv1.1.2": 0.00046480112385002,
        "layer4.1.conv1.2": 0.025074797470856343,
        "layer4.1.conv2.0": 0.025074797470856343,
        "layer4.1.conv2.1.0": 0.00044076792429239664,
        "layer4.1.conv2.1.1": 8.170332255176132e-06,
        "layer4.1.conv2.1.2": 0.00046480112385002,
        "layer4.1.conv2.2": 0.025074797470856343,
        "fc": 0.0009989979042147046
    },
    "relative_params": {
        "conv1.0": 3.773542186314872e-06,
        "conv1.1.0": 3.773542186314872e-06,
        "conv1.1.1": 4.71692773289359e-05,
        "conv1.1.2": 8.05022333080506e-05,
        "conv1.2": 0.0013081612912558222,
        "layer1.0.conv1.0": 0.0013081612912558222,
        "layer1.0.conv1.1.0": 0.00018396018158285001,
        "layer1.0.conv1.1.1": 2.830156639736154e-05,
        "layer1.0.conv1.1.2": 0.0002012555832701265,
        "layer1.0.conv1.2": 0.0013081612912558222,
        "layer1.0.conv2.0": 0.0013081612912558222,
        "layer1.0.conv2.1.0": 0.00018396018158285001,
        "layer1.0.conv2.1.1": 2.830156639736154e-05,
        "layer1.0.conv2.1.2": 0.0002012555832701265,
        "layer1.0.conv2.2": 0.0013081612912558222,
        "layer1.1.conv1.0": 0.0013081612912558222,
        "layer1.1.conv1.1.0": 0.00018396018158285001,
        "layer1.1.conv1.1.1": 2.830156639736154e-05,
        "layer1.1.conv1.1.2": 0.0002012555832701265,
        "layer1.1.conv1.2": 0.0013081612912558222,
        "layer1.1.conv2.0": 0.0013081612912558222,
        "layer1.1.conv2.1.0": 0.00018396018158285001,
        "layer1.1.conv2.1.1": 2.830156639736154e-05,
        "layer1.1.conv2.1.2": 0.0002012555832701265,
        "layer1.1.conv2.2": 0.0013081612912558222,
        "layer2.0.conv1.0": 0.0013081612912558222,
        "layer2.0.conv1.1.0": 0.00018396018158285001,
        "layer2.0.conv1.1.1": 2.830156639736154e-05,
        "layer2.0.conv1.1.2": 0.000402511166540253,
        "layer2.0.conv1.2": 0.005192394048369264,
        "layer2.0.conv2.0": 0.005192394048369264,
        "layer2.0.conv2.1.0": 0.00036509020652596385,
        "layer2.0.conv2.1.1": 2.830156639736154e-05,
        "layer2.0.conv2.1.2": 0.000402511166540253,
        "layer2.0.conv2.2": 0.005192394048369264,
        "layer2.0.downsample.0.0": 0.0008584808473866333,
        "layer2.0.downsample.0.1": 0.0017307980161230879,
        "layer2.1.conv1.0": 0.005192394048369264,
        "layer2.1.conv1.1.0": 0.00036509020652596385,
        "layer2.1.conv1.1.1": 2.830156639736154e-05,
        "layer2.1.conv1.1.2": 0.000402511166540253,
        "layer2.1.conv1.2": 0.005192394048369264,
        "layer2.1.conv2.0": 0.005192394048369264,
        "layer2.1.conv2.1.0": 0.00036509020652596385,
        "layer2.1.conv2.1.1": 2.830156639736154e-05,
        "layer2.1.conv2.1.2": 0.000402511166540253,
        "layer2.1.conv2.2": 0.005192394048369264,
        "layer3.0.conv1.0": 0.005192394048369264,
        "layer3.0.conv1.1.0": 0.00036509020652596385,
        "layer3.0.conv1.1.1": 2.830156639736154e-05,
        "layer3.0.conv1.1.2": 0.000805022333080506,
        "layer3.0.conv1.2": 0.020689073960169006,
        "layer3.0.conv2.0": 0.020689073960169006,
        "layer3.0.conv2.1.0": 0.0007273502564121916,
        "layer3.0.conv2.1.1": 2.830156639736154e-05,
        "layer3.0.conv2.1.2": 0.000805022333080506,
        "layer3.0.conv2.2": 0.020689073960169006,
        "layer3.0.downsample.0.0": 0.0017037542971211647,
        "layer3.0.downsample.0.1": 0.0034615960322461757,
        "layer3.1.conv1.0": 0.020689073960169006,
        "layer3.1.conv1.1.0": 0.0007273502564121916,