{
    "total_flops": 1023428181,
    "total_params": 3174648,
    "relative_flops": {
        "conv1.0": 0.0010295749321368355,
        "conv1.1.0": 0.0010295749321368355,
        "conv1.1.1": 0.0036402827957695257,
        "conv1.1.2": 0.005491066304729789,
        "conv1.2": 0.10119250761573469,
        "layer1.0.conv1.0": 0.02529812690393367,
        "layer1.0.conv1.1.0": 0.0035575490958656727,
        "layer1.0.conv1.1.1": 0.000523980099391068,
        "layer1.0.conv1.1.2": 0.0037260807067809286,
        "layer1.0.conv1.2": 0.02529812690393367,
        "layer1.0.conv2.0": 0.02529812690393367,
        "layer1.0.conv2.1.0": 0.0035575490958656727,
        "layer1.0.conv2.1.1": 0.000523980099391068,
        "layer1.0.conv2.1.2": 0.0037260807067809286,
        "layer1.0.conv2.2": 0.02529812690393367,
        "layer1.1.conv1.0": 0.02529812690393367,
        "layer1.1.conv1.1.0": 0.0035575490958656727,
        "layer1.1.conv1.1.1": 0.000523980099391068,
        "layer1.1.conv1.1.2": 0.0037260807067809286,
        "layer1.1.conv1.2": 0.02529812690393367,
        "layer1.1.conv2.0": 0.02529812690393367,
        "layer1.1.conv2.1.0": 0.0035575490958656727,
        "layer1.1.conv2.1.1": 0.000523980099391068,
        "layer1.1.conv2.1.2": 0.0037260807067809286,
        "layer1.1.conv2.2": 0.02529812690393367,
        "layer2.0.conv1.0": 0.02529812690393367,
        "layer2.0.conv1.1.0": 0.0035575490958656727,
        "layer2.0.conv1.1.1": 0.000130995024847767,
        "layer2.0.conv1.1.2": 0.0018630403533904643,
        "layer2.0.conv1.2": 0.02520007214849207,
        "layer2.0.conv2.0": 0.02520007214849207,
        "layer2.0.conv2.1.0": 0.0017718800729408487,
        "layer2.0.conv2.1.1": 0.000130995024847767,
        "layer2.0.conv2.1.2": 0.0018630403533904643,
        "layer2.0.conv2.2": 0.02520007214849207,
        "layer2.0.downsample.0.0": 0.0037551907123026546,
        "layer2.0.downsample.0.1": 0.007550216169003461,
        "layer2.1.conv1.0": 0.02520007214849207,
        "layer2.1.conv1.1.0": 0.0017718800729408487,
        "layer2.1.conv1.1.1": 0.000130995024847767,
        "layer2.1.conv1.1.2": 0.0018630403533904643,
        "layer2.1.conv1.2": 0.02520007214849207,
        "layer2.1.conv2.0": 0.02520007214849207,
        "layer2.1.conv2.1.0": 0.0017718800729408487,
        "layer2.1.conv2.1.1": 0.000130995024847767,
        "layer2.1.conv2.1.2": 0.0018630403533904643,
        "layer2.1.conv2.2": 0.02520007214849207,
        "layer3.0.conv1.0": 0.02520007214849207,
        "layer3.0.conv1.1.0": 0.0017718800729408487,
        "layer3.0.conv1.1.1": 3.274875621194175e-05,
        "layer3.0.conv1.1.2": 0.0009315201766952321,
        "layer3.0.conv1.2": 0.025151044770771267,
        "layer3.0.conv2.0": 0.025151044770771267,
        "layer3.0.conv2.1.0": 0.0008842164177224273,
        "layer3.0.conv2.1.1": 3.274875621194175e-05,
        "layer3.0.conv2.1.2": 0.0009315201766952321,
        "layer3.0.conv2.2": 0.025151044770771267,
        "layer3.0.downsample.0.0": 0.0018703178547708958,
        "layer3.0.downsample.0.1": 0.0037751080845017304,
        "layer3.1.conv1.0": 0.025151044770771267,
        "layer3.1.conv1.1.0": 0.0008842164177224273,
        "layer3.1.conv1.1.1": 3.274875621194175e-05,
        "layer3.1.conv1.1.2": 0.0009315201766952321,
        "layer3.1.conv1.2": 0.025151044770771267,
        "layer3.1.conv2.0": 0.025151044770771267,
        "layer3.1.conv2.1.0": 0.0008842164177224273,
        "layer3.1.conv2.1.1": 3.274875621194175e-05,
        "layer3.1.conv2.1.2": 0.0009315201766952321,
        "layer3.1.conv2.2": 0.025151044770771267,
        "layer4.0.conv1.0": 0.025151044770771267,
        "layer4.0.conv1.1.0": 0.0008842164177224273,
        "layer4.0.conv1.1.1": 8.187189052985438e-06,
        "layer4.0.conv1.1.2": 0.0004657600883476161,
        "layer4.0.conv1.2": 0.025126531081910868,
        "layer4.0.conv2.0": 0.025126531081910868,
        "layer4.0.conv2.1.0": 0.00044167730417421443,
        "layer4.0.conv2.1.1": 8.187189052985438e-06,
        "layer4.0.conv2.1.2": 0.0004657600883476161,
        "layer4.0.conv2.2": 0.025126531081910868,
        "layer4.0.downsample.0.0": 0.00093333955204034,
        "layer4.0.downsample.0.1": 0.0018875540422508652,
        "layer4.1.conv1.0": 0.025126531081910868,
        "layer4.1.conv1.1.0": 0.00044167730417421443,
        "layer4.1.conv1.1.1": 8.187189052985438e-06,
        "layer4.1.conv1.1.2": 0.0004657600883476161,
        "layer4.1.conv1.2": 0.025126531081910868,
        "layer4.1.conv2.0": 0.025126531081910868,
        "layer4.1.conv2.1.0": 0.00044167730417421443,
        "layer4.1.conv2.1.1": 8.187189052985438e-06,
        "layer4.1.conv2.1.2": 0.0004657600883476161,
        "layer4.1.conv2.2": 0.025126531081910868,
        "fc": 0.001001059008360451
    },
    "relative_params": {
        "conv1.0": 3.7799466271536245e-06,
        "conv1.1.0": 3.7799466271536245e-06,
        "conv1.1.1": 4.7249332839420306e-05,
        "conv1.1.2": 8.063886137927732e-05,
        "conv1.2": 0.0013103814974132564,
        "layer1.0.conv1.0": 0.0013103814974132564,
        "layer1.0.conv1.1.0": 0.0001842723980737392,
        "layer1.0.conv1.1.1": 2.8349599703652185e-05,
        "layer1.0.conv1.1.2": 0.0002015971534481933,
        "layer1.0.conv1.2": 0.0013103814974132564,
        "layer1.0.conv2.0": 0.0013103814974132564,
        "layer1.0.conv2.1.0": 0.0001842723980737392,
        "layer1.0.conv2.1.1": 2.8349599703652185e-05,
        "layer1.0.conv2.1.2": 0.0002015971534481933,
        "layer1.0.conv2.2": 0.0013103814974132564,
        "layer1.1.conv1.0": 0.0013103814974132564,
        "layer1.1.conv1.1.0": 0.0001842723980737392,
        "layer1.1.conv1.1.1": 2.8349599703652185e-05,
        "layer1.1.conv1.1.2": 0.0002015971534481933,
        "layer1.1.conv1.2": 0.0013103814974132564,
        "layer1.1.conv2.0": 0.0013103814974132564,
        "layer1.1.conv2.1.0": 0.0001842723980737392,
        "layer1.1.conv2.1.1": 2.8349599703652185e-05,
        "layer1.1.conv2.1.2": 0.0002015971534481933,
        "layer1.1.conv2.2": 0.0013103814974132564,
        "layer2.0.conv1.0": 0.0013103814974132564,
        "layer2.0.conv1.1.0": 0.0001842723980737392,
        "layer2.0.conv1.1.1": 2.8349599703652185e-05,
        "layer2.0.conv1.1.2": 0.0004031943068963866,
        "layer2.0.conv1.2": 0.005201206558963388,
        "layer2.0.conv2.0": 0.005201206558963388,
        "layer2.0.conv2.1.0": 0.0003657098361771132,
        "layer2.0.conv2.1.1": 2.8349599703652185e-05,
        "layer2.0.conv2.1.2": 0.0004031943068963866,
        "layer2.0.conv2.2": 0.005201206558963388,
        "layer2.0.downsample.0.0": 0.000778039014089121,
        "layer2.0.downsample.0.1": 0.0015724577968959077,
        "layer2.1.conv1.0": 0.005201206558963388,
        "layer2.1.conv1.1.0": 0.0003657098361771132,
        "layer2.1.conv1.1.1": 2.8349599703652185e-05,
        "layer2.1.conv1.1.2": 0.0004031943068963866,
        "layer2.1.conv1.2": 0.005201206558963388,
        "layer2.1.conv2.0": 0.005201206558963388,
        "layer2.1.conv2.1.0": 0.0003657098361771132,
        "layer2.1.conv2.1.1": 2.8349599703652185e-05,
        "layer2.1.conv2.1.2": 0.0004031943068963866,
        "layer2.1.conv2.2": 0.005201206558963388,
        "layer3.0.conv1.0": 0.005201206558963388,
        "layer3.0.conv1.1.0": 0.0003657098361771132,
        "layer3.0.conv1.1.1": 2.8349599703652185e-05,
        "layer3.0.conv1.1.2": 0.0008063886137927732,
        "layer3.0.conv1.2": 0.020724187374474273,
        "layer3.0.conv2.0": 0.020724187374474273,
        "layer3.0.conv2.1.0": 0.0007285847123838611,
        "layer3.0.conv2.1.1": 2.8349599703652185e-05,
        "layer3.0.conv2.1.2": 0.0008063886137927732,
        "layer3.0.conv2.2": 0.020724187374474273,
        "layer3.0.downsample.0.0": 0.0015441081971922556,
        "layer3.0.downsample.0.1": 0.0031449155937918155,
        "layer3.1.conv1.0": 0.020724187374474273,
        "layer3.1.conv1.1.0": 0.0007285847123838611,