{
    "total_flops": 327000540,
    "total_params": 792863,
    "relative_flops": {
        "conv1.0": 0.0332971682554408,
        "conv1.1": 0.11772927347459426,
        "conv1.2": 0.15467071705753146,
        "layer1.0.conv1.0": 0.03835120272278449,
        "layer1.0.conv1.1": 0.0056486267576194215,
        "layer1.0.conv1.2": 0.038667679264382866,
        "layer1.0.conv2.0": 0.03835120272278449,
        "layer1.0.conv2.1": 0.0056486267576194215,
        "layer1.0.conv2.2": 0.038667679264382866,
        "layer1.1.conv1.0": 0.03835120272278449,
        "layer1.1.conv1.1": 0.0056486267576194215,
        "layer1.1.conv1.2": 0.038667679264382866,
        "layer1.1.conv2.0": 0.03835120272278449,
        "layer1.1.conv2.1": 0.0056486267576194215,
        "layer1.1.conv2.2": 0.038667679264382866,
        "layer2.0.conv1.0": 0.03835120272278449,
        "layer2.0.conv1.1": 0.0014121566894048554,
        "layer2.0.conv1.2": 0.019333839632191433,
        "layer2.0.conv2.0": 0.01910127732510778,
        "layer2.0.conv2.1": 0.0014121566894048554,
        "layer2.0.conv2.2": 0.019333839632191433,
        "layer2.0.downsample.0.0": 0.009587800680696123,
        "layer2.0.downsample.0.1": 0.019333839632191433,
        "layer2.1.conv1.0": 0.01910127732510778,
        "layer2.1.conv1.1": 0.0014121566894048554,
        "layer2.1.conv1.2": 0.019333839632191433,
        "layer2.1.conv2.0": 0.01910127732510778,
        "layer2.1.conv2.1": 0.0014121566894048554,
        "layer2.1.conv2.2": 0.019333839632191433,
        "layer3.0.conv1.0": 0.01910127732510778,
        "layer3.0.conv1.1": 0.00035303917235121385,
        "layer3.0.conv1.2": 0.009666919816095717,
        "layer3.0.conv2.0": 0.009532057653482775,
        "layer3.0.conv2.1": 0.00035303917235121385,
        "layer3.0.conv2.2": 0.009666919816095717,
        "layer3.0.downsample.0.0": 0.004775319331276945,
        "layer3.0.downsample.0.1": 0.009666919816095717,
        "layer3.1.conv1.0": 0.009532057653482775,
        "layer3.1.conv1.1": 0.00035303917235121385,
        "layer3.1.conv1.2": 0.009666919816095717,
        "layer3.1.conv2.0": 0.009532057653482775,
        "layer3.1.conv2.1": 0.00035303917235121385,
        "layer3.1.conv2.2": 0.009666919816095717,
        "layer4.0.conv1.0": 0.009532057653482775,
        "layer4.0.conv1.1": 8.825979308780346e-05,
        "layer4.0.conv1.2": 0.004833459908047858,
        "layer4.0.conv2.0": 0.004761383574473608,
        "layer4.0.conv2.1": 8.825979308780346e-05,
        "layer4.0.conv2.2": 0.004833459908047858,
        "layer4.0.downsample.0.0": 0.0023830144133706937,
        "layer4.0.downsample.0.1": 0.004833459908047858,
        "layer4.1.conv1.0": 0.004761383574473608,
        "layer4.1.conv1.1": 8.825979308780346e-05,
        "layer4.1.conv1.2": 0.004833459908047858,
        "layer4.1.conv2.0": 0.004761383574473608,
        "layer4.1.conv2.1": 8.825979308780346e-05,
        "layer4.1.conv2.2": 0.004833459908047858,
        "fc": 0.0031330590463245107
    },
    "relative_params": {
        "conv1.0": 0.00015639524104416527,
        "conv1.1": 0.0019549405130520657,
        "conv1.2": 0.002583043981116536,
        "layer1.0.conv1.0": 0.0025414226669676853,
        "layer1.0.conv1.1": 0.00039098810261041316,
        "layer1.0.conv1.2": 0.002583043981116536,
        "layer1.0.conv2.0": 0.0025414226669676853,
        "layer1.0.conv2.1": 0.00039098810261041316,
        "layer1.0.conv2.2": 0.002583043981116536,
        "layer1.1.conv1.0": 0.0025414226669676853,
        "layer1.1.conv1.1": 0.00039098810261041316,
        "layer1.1.conv1.2": 0.002583043981116536,
        "layer1.1.conv2.0": 0.0025414226669676853,
        "layer1.1.conv2.1": 0.00039098810261041316,
        "layer1.1.conv2.2": 0.002583043981116536,
        "layer2.0.conv1.0": 0.0025414226669676853,
        "layer2.0.conv1.1": 0.00039098810261041316,
        "layer2.0.conv1.2": 0.005166087962233072,
        "layer2.0.conv2.0": 0.00504374652367433,
        "layer2.0.conv2.1": 0.00039098810261041316,
        "layer2.0.conv2.2": 0.005166087962233072,
        "layer2.0.downsample.0.0": 0.0025414226669676853,
        "layer2.0.downsample.0.1": 0.005166087962233072,
        "layer2.1.conv1.0": 0.00504374652367433,
        "layer2.1.conv1.1": 0.00039098810261041316,
        "layer2.1.conv1.2": 0.005166087962233072,
        "layer2.1.conv2.0": 0.00504374652367433,
        "layer2.1.conv2.1": 0.00039098810261041316,
        "layer2.1.conv2.2": 0.005166087962233072,
        "layer3.0.conv1.0": 0.00504374652367433,
        "layer3.0.conv1.1": 0.00039098810261041316,
        "layer3.0.conv1.2": 0.010332175924466143,
        "layer3.0.conv2.0": 0.010048394237087617,
        "layer3.0.conv2.1": 0.00039098810261041316,
        "layer3.0.conv2.2": 0.010332175924466143,
        "layer3.0.downsample.0.0": 0.00504374652367433,
        "layer3.0.downsample.0.1": 0.010332175924466143,
        "layer3.1.conv1.0": 0.010048394237087617,
        "layer3.1.conv1.1": 0.00039098810261041316,
        "layer3.1.conv1.2": 0.010332175924466143,
        "layer3.1.conv2.0": 0.010048394237087617,
        "layer3.1.conv2.1": 0.00039098810261041316,
        "layer3.1.conv2.2": 0.010332175924466143,
        "layer4.0.conv1.0": 0.010048394237087617,
        "layer4.0.conv1.1": 0.00039098810261041316,
        "layer4.0.conv1.2": 0.020664351848932287,
        "layer4.0.conv2.0": 0.020057689663914195,
        "layer4.0.conv2.1": 0.00039098810261041316,
        "layer4.0.conv2.2": 0.020664351848932287,
        "layer4.0.downsample.0.0": 0.010048394237087617,
        "layer4.0.downsample.0.1": 0.020664351848932287,
        "layer4.1.conv1.0": 0.020057689663914195,
        "layer4.1.conv1.1": 0.00039098810261041316,
        "layer4.1.conv1.2": 0.020664351848932287,
        "layer4.1.conv2.0": 0.020057689663914195,
        "layer4.1.conv2.1": 0.00039098810261041316,
        "layer4.1.conv2.2": 0.020664351848932287,
        "fc": 0.6470222472230386
    }
}