{
    "total_flops": 389611956,
    "total_params": 846101,
    "relative_flops": {
        "conv1.0": 0.033355198165427966,
        "conv1.1": 0.11793445065633458,
        "conv1.2": 0.15454145868151953,
        "layer1.0.conv1.0": 0.03841804074410899,
        "layer1.0.conv1.1": 0.005658471117349386,
        "layer1.0.conv1.2": 0.03863536467037988,
        "layer1.0.conv2.0": 0.03841804074410899,
        "layer1.0.conv2.1": 0.005658471117349386,
        "layer1.0.conv2.2": 0.03863536467037988,
        "layer1.1.conv1.0": 0.03841804074410899,
        "layer1.1.conv1.1": 0.005658471117349386,
        "layer1.1.conv1.2": 0.03863536467037988,
        "layer1.1.conv2.0": 0.03841804074410899,
        "layer1.1.conv2.1": 0.005658471117349386,
        "layer1.1.conv2.2": 0.03863536467037988,
        "layer2.0.conv1.0": 0.03841804074410899,
        "layer2.0.conv1.1": 0.0014146177793373466,
        "layer2.0.conv1.2": 0.01931768233518994,
        "layer2.0.conv2.0": 0.019134566804720952,
        "layer2.0.conv2.1": 0.0014146177793373466,
        "layer2.0.conv2.2": 0.01931768233518994,
        "layer2.0.downsample.0.0": 0.009604510186027248,
        "layer2.0.downsample.0.1": 0.01931768233518994,
        "layer2.1.conv1.0": 0.019134566804720952,
        "layer2.1.conv1.1": 0.0014146177793373466,
        "layer2.1.conv1.2": 0.01931768233518994,
        "layer2.1.conv2.0": 0.019134566804720952,
        "layer2.1.conv2.1": 0.0014146177793373466,
        "layer2.1.conv2.2": 0.01931768233518994,
        "layer3.0.conv1.0": 0.019134566804720952,
        "layer3.0.conv1.1": 0.00035365444483433664,
        "layer3.0.conv1.2": 0.00965884116759497,
        "layer3.0.conv2.0": 0.00954867001052709,
        "layer3.0.conv2.1": 0.00035365444483433664,
        "layer3.0.conv2.2": 0.00965884116759497,
        "layer3.0.downsample.0.0": 0.004783641701180238,
        "layer3.0.downsample.0.1": 0.00965884116759497,
        "layer3.1.conv1.0": 0.00954867001052709,
        "layer3.1.conv1.1": 0.00035365444483433664,
        "layer3.1.conv1.2": 0.00965884116759497,
        "layer3.1.conv2.0": 0.00954867001052709,
        "layer3.1.conv2.1": 0.00035365444483433664,
        "layer3.1.conv2.2": 0.00965884116759497,
        "layer4.0.conv1.0": 0.00954867001052709,
        "layer4.0.conv1.1": 8.841361120858416e-05,
        "layer4.0.conv1.2": 0.004829420583797485,
        "layer4.0.conv2.0": 0.0047696816573051986,
        "layer4.0.conv2.1": 8.841361120858416e-05,
        "layer4.0.conv2.2": 0.004829420583797485,
        "layer4.0.downsample.0.0": 0.0023871675026317725,
        "layer4.0.downsample.0.1": 0.004829420583797485,
        "layer4.1.conv1.0": 0.0047696816573051986,
        "layer4.1.conv1.1": 8.841361120858416e-05,
        "layer4.1.conv1.2": 0.004829420583797485,
        "layer4.1.conv2.0": 0.0047696816573051986,
        "layer4.1.conv2.1": 8.841361120858416e-05,
        "layer4.1.conv2.2": 0.004829420583797485,
        "fc": 0.002629570228075855
    },
    "relative_params": {
        "conv1.0": 0.00017492001545914732,
        "conv1.1": 0.0021865001932393413,
        "conv1.2": 0.002874361335112475,
        "layer1.0.conv1.0": 0.0028424502512111437,
        "layer1.0.conv1.1": 0.0004373000386478683,
        "layer1.0.conv1.2": 0.002874361335112475,
        "layer1.0.conv2.0": 0.0028424502512111437,
        "layer1.0.conv2.1": 0.0004373000386478683,
        "layer1.0.conv2.2": 0.002874361335112475,
        "layer1.1.conv1.0": 0.0028424502512111437,
        "layer1.1.conv1.1": 0.0004373000386478683,
        "layer1.1.conv1.2": 0.002874361335112475,
        "layer1.1.conv2.0": 0.0028424502512111437,
        "layer1.1.conv2.1": 0.0004373000386478683,
        "layer1.1.conv2.2": 0.002874361335112475,
        "layer2.0.conv1.0": 0.0028424502512111437,
        "layer2.0.conv1.1": 0.0004373000386478683,
        "layer2.0.conv1.2": 0.00574872267022495,
        "layer2.0.conv2.0": 0.005641170498557501,
        "layer2.0.conv2.1": 0.0004373000386478683,
        "layer2.0.conv2.2": 0.00574872267022495,
        "layer2.0.downsample.0.0": 0.0028424502512111437,
        "layer2.0.downsample.0.1": 0.00574872267022495,
        "layer2.1.conv1.0": 0.005641170498557501,
        "layer2.1.conv1.1": 0.0004373000386478683,
        "layer2.1.conv1.2": 0.00574872267022495,
        "layer2.1.conv2.0": 0.005641170498557501,
        "layer2.1.conv2.1": 0.0004373000386478683,
        "layer2.1.conv2.2": 0.00574872267022495,
        "layer3.0.conv1.0": 0.005641170498557501,
        "layer3.0.conv1.1": 0.0004373000386478683,
        "layer3.0.conv1.2": 0.0114974453404499,
        "layer3.0.conv2.0": 0.011238610993250214,
        "layer3.0.conv2.1": 0.0004373000386478683,
        "layer3.0.conv2.2": 0.0114974453404499,
        "layer3.0.downsample.0.0": 0.005641170498557501,
        "layer3.0.downsample.0.1": 0.0114974453404499,
        "layer3.1.conv1.0": 0.011238610993250214,
        "layer3.1.conv1.1": 0.0004373000386478683,
        "layer3.1.conv1.2": 0.0114974453404499,
        "layer3.1.conv2.0": 0.011238610993250214,
        "layer3.1.conv2.1": 0.0004373000386478683,
        "layer3.1.conv2.2": 0.0114974453404499,
        "layer4.0.conv1.0": 0.011238610993250214,
        "layer4.0.conv1.1": 0.0004373000386478683,
        "layer4.0.conv1.2": 0.0229948906808998,
        "layer4.0.conv2.0": 0.022433491982635643,
        "layer4.0.conv2.1": 0.0004373000386478683,
        "layer4.0.conv2.2": 0.0229948906808998,
        "layer4.0.downsample.0.0": 0.011238610993250214,
        "layer4.0.downsample.0.1": 0.0229948906808998,
        "layer4.1.conv1.0": 0.022433491982635643,
        "layer4.1.conv1.1": 0.0004373000386478683,
        "layer4.1.conv1.2": 0.0229948906808998,
        "layer4.1.conv2.0": 0.022433491982635643,
        "layer4.1.conv2.1": 0.0004373000386478683,
        "layer4.1.conv2.2": 0.0229948906808998,
        "fc": 0.6063105941252876
    }
}