{
    "total_flops": 1027123320,
    "total_params": 3184077,
    "relative_flops": {
        "conv1.0": 0.0010258709733121432,
        "conv1.1.0": 0.0010258709733121432,
        "conv1.1.1": 0.0036271866556393637,
        "conv1.1.2": 0.005471311857664764,
        "conv1.2": 0.10082846137696494,
        "layer1.0.conv1.0": 0.025207115344241235,
        "layer1.0.conv1.1.0": 0.0035447505952839234,
        "layer1.0.conv1.1.1": 0.0005220950489177872,
        "layer1.0.conv1.1.2": 0.003712675903415376,
        "layer1.0.conv1.2": 0.025207115344241235,
        "layer1.0.conv2.0": 0.025207115344241235,
        "layer1.0.conv2.1.0": 0.0035447505952839234,
        "layer1.0.conv2.1.1": 0.0005220950489177872,
        "layer1.0.conv2.1.2": 0.003712675903415376,
        "layer1.0.conv2.2": 0.025207115344241235,
        "layer1.1.conv1.0": 0.025207115344241235,
        "layer1.1.conv1.1.0": 0.0035447505952839234,
        "layer1.1.conv1.1.1": 0.0005220950489177872,
        "layer1.1.conv1.1.2": 0.003712675903415376,
        "layer1.1.conv1.2": 0.025207115344241235,
        "layer1.1.conv2.0": 0.025207115344241235,
        "layer1.1.conv2.1.0": 0.0035447505952839234,
        "layer1.1.conv2.1.1": 0.0005220950489177872,
        "layer1.1.conv2.1.2": 0.003712675903415376,
        "layer1.1.conv2.2": 0.025207115344241235,
        "layer2.0.conv1.0": 0.025207115344241235,
        "layer2.0.conv1.1.0": 0.0035447505952839234,
        "layer2.0.conv1.1.1": 0.0001305237622294468,
        "layer2.0.conv1.1.2": 0.001856337951707688,
        "layer2.0.conv1.2": 0.025109413346782936,
        "layer2.0.conv2.0": 0.025109413346782936,
        "layer2.0.conv2.1.0": 0.0017655056259456752,
        "layer2.0.conv2.1.1": 0.0001305237622294468,
        "layer2.0.conv2.1.2": 0.001856337951707688,
        "layer2.0.conv2.2": 0.025109413346782936,
        "layer2.0.downsample.0.0": 0.004430938244104904,
        "layer2.0.downsample.0.1": 0.008890881768705242,
        "layer2.1.conv1.0": 0.025109413346782936,
        "layer2.1.conv1.1.0": 0.0017655056259456752,
        "layer2.1.conv1.1.1": 0.0001305237622294468,
        "layer2.1.conv1.1.2": 0.001856337951707688,
        "layer2.1.conv1.2": 0.025109413346782936,
        "layer2.1.conv2.0": 0.025109413346782936,
        "layer2.1.conv2.1.0": 0.0017655056259456752,
        "layer2.1.conv2.1.1": 0.0001305237622294468,
        "layer2.1.conv2.1.2": 0.001856337951707688,
        "layer2.1.conv2.2": 0.025109413346782936,
        "layer3.0.conv1.0": 0.025109413346782936,
        "layer3.0.conv1.1.0": 0.0017655056259456752,
        "layer3.0.conv1.1.1": 3.26309405573617e-05,
        "layer3.0.conv1.1.2": 0.000928168975853844,
        "layer3.0.conv1.2": 0.025060562348053785,
        "layer3.0.conv2.0": 0.025060562348053785,
        "layer3.0.conv2.1.0": 0.0008810353950487659,
        "layer3.0.conv2.1.1": 3.26309405573617e-05,
        "layer3.0.conv2.1.2": 0.000928168975853844,
        "layer3.0.conv2.2": 0.025060562348053785,
        "layer3.0.downsample.0.0": 0.0022068820324320938,
        "layer3.0.downsample.0.1": 0.004445440884352621,
        "layer3.1.conv1.0": 0.025060562348053785,
        "layer3.1.conv1.1.0": 0.0008810353950487659,
        "layer3.1.conv1.1.1": 3.26309405573617e-05,
        "layer3.1.conv1.1.2": 0.000928168975853844,
        "layer3.1.conv1.2": 0.025060562348053785,
        "layer3.1.conv2.0": 0.025060562348053785,
        "layer3.1.conv2.1.0": 0.0008810353950487659,
        "layer3.1.conv2.1.1": 3.26309405573617e-05,
        "layer3.1.conv2.1.2": 0.000928168975853844,
        "layer3.1.conv2.2": 0.025060562348053785,
        "layer4.0.conv1.0": 0.025060562348053785,
        "layer4.0.conv1.1.0": 0.0008810353950487659,
        "layer4.0.conv1.1.1": 8.157735139340425e-06,
        "layer4.0.conv1.1.2": 0.000464084487926922,
        "layer4.0.conv1.2": 0.02503613684868921,
        "layer4.0.conv2.0": 0.02503613684868921,
        "layer4.0.conv2.1.0": 0.00044008834304336503,
        "layer4.0.conv2.1.1": 8.157735139340425e-06,
        "layer4.0.conv2.1.2": 0.000464084487926922,
        "layer4.0.conv2.2": 0.02503613684868921,
        "layer4.0.downsample.0.0": 0.0011012942438109574,
        "layer4.0.downsample.0.1": 0.0022227204421763104,
        "layer4.1.conv1.0": 0.02503613684868921,
        "layer4.1.conv1.1.0": 0.00044008834304336503,
        "layer4.1.conv1.1.1": 8.157735139340425e-06,
        "layer4.1.conv1.1.2": 0.000464084487926922,
        "layer4.1.conv1.2": 0.02503613684868921,
        "layer4.1.conv2.0": 0.02503613684868921,
        "layer4.1.conv2.1.0": 0.00044008834304336503,
        "layer4.1.conv2.1.1": 8.157735139340425e-06,
        "layer4.1.conv2.1.2": 0.000464084487926922,
        "layer4.1.conv2.2": 0.02503613684868921,
        "fc": 0.0009974576373166174
    },
    "relative_params": {
        "conv1.0": 3.7687530797779074e-06,
        "conv1.1.0": 3.7687530797779074e-06,
        "conv1.1.1": 4.710941349722384e-05,
        "conv1.1.2": 8.04000657019287e-05,
        "conv1.2": 0.0013065010676563413,
        "layer1.0.conv1.0": 0.0013065010676563413,
        "layer1.0.conv1.1.0": 0.00018372671263917298,
        "layer1.0.conv1.1.1": 2.8265648098334305e-05,
        "layer1.0.conv1.1.2": 0.00020100016425482172,
        "layer1.0.conv1.2": 0.0013065010676563413,
        "layer1.0.conv2.0": 0.0013065010676563413,
        "layer1.0.conv2.1.0": 0.00018372671263917298,
        "layer1.0.conv2.1.1": 2.8265648098334305e-05,
        "layer1.0.conv2.1.2": 0.00020100016425482172,
        "layer1.0.conv2.2": 0.0013065010676563413,
        "layer1.1.conv1.0": 0.0013065010676563413,
        "layer1.1.conv1.1.0": 0.00018372671263917298,
        "layer1.1.conv1.1.1": 2.8265648098334305e-05,
        "layer1.1.conv1.1.2": 0.00020100016425482172,
        "layer1.1.conv1.2": 0.0013065010676563413,
        "layer1.1.conv2.0": 0.0013065010676563413,
        "layer1.1.conv2.1.0": 0.00018372671263917298,
        "layer1.1.conv2.1.1": 2.8265648098334305e-05,
        "layer1.1.conv2.1.2": 0.00020100016425482172,
        "layer1.1.conv2.2": 0.0013065010676563413,
        "layer2.0.conv1.0": 0.0013065010676563413,
        "layer2.0.conv1.1.0": 0.00018372671263917298,
        "layer2.0.conv1.1.1": 2.8265648098334305e-05,
        "layer2.0.conv1.1.2": 0.00040200032850964344,
        "layer2.0.conv1.2": 0.0051858042377744005,
        "layer2.0.conv2.0": 0.0051858042377744005,
        "layer2.0.conv2.1.0": 0.0003646268604685125,
        "layer2.0.conv2.1.1": 2.8265648098334305e-05,
        "layer2.0.conv2.1.2": 0.00040200032850964344,
        "layer2.0.conv2.2": 0.0051858042377744005,
        "layer2.0.downsample.0.0": 0.0009186335631958649,
        "layer2.0.downsample.0.1": 0.0018492015111443599,
        "layer2.1.conv1.0": 0.0051858042377744005,
        "layer2.1.conv1.1.0": 0.0003646268604685125,
        "layer2.1.conv1.1.1": 2.8265648098334305e-05,
        "layer2.1.conv1.1.2": 0.00040200032850964344,
        "layer2.1.conv1.2": 0.0051858042377744005,
        "layer2.1.conv2.0": 0.0051858042377744005,
        "layer2.1.conv2.1.0": 0.0003646268604685125,
        "layer2.1.conv2.1.1": 2.8265648098334305e-05,
        "layer2.1.conv2.1.2": 0.00040200032850964344,
        "layer2.1.conv2.2": 0.0051858042377744005,
        "layer3.0.conv1.0": 0.0051858042377744005,
        "layer3.0.conv1.1.0": 0.0003646268604685125,
        "layer3.0.conv1.1.1": 2.8265648098334305e-05,
        "layer3.0.conv1.1.2": 0.0008040006570192869,
        "layer3.0.conv1.2": 0.020662816885395674,
        "layer3.0.conv2.0": 0.020662816885395674,
        "layer3.0.conv2.1.0": 0.0007264271561271917,
        "layer3.0.conv2.1.1": 2.8265648098334305e-05,
        "layer3.0.conv2.1.2": 0.0008040006570192869,
        "layer3.0.conv2.2": 0.020662816885395674,
        "layer3.0.downsample.0.0": 0.0018231343023425628,
        "layer3.0.downsample.0.1": 0.0036984030222887198,
        "layer3.1.conv1.0": 0.020662816885395674,