{
    "total_flops": 1030818459,
    "total_params": 3193506,
    "relative_flops": {
        "conv1.0": 0.0010221935693916402,
        "conv1.1.0": 0.0010221935693916402,
        "conv1.1.1": 0.0036141844060632988,
        "conv1.1.2": 0.005451699036755414,
        "conv1.2": 0.1004670251059212,
        "layer1.0.conv1.0": 0.0251167562764803,
        "layer1.0.conv1.1.0": 0.003532043851380042,
        "layer1.0.conv1.1.1": 0.0005202235129939597,
        "layer1.0.conv1.1.2": 0.003699367203512602,
        "layer1.0.conv1.2": 0.0251167562764803,
        "layer1.0.conv2.0": 0.0251167562764803,
        "layer1.0.conv2.1.0": 0.003532043851380042,
        "layer1.0.conv2.1.1": 0.0005202235129939597,
        "layer1.0.conv2.1.2": 0.003699367203512602,
        "layer1.0.conv2.2": 0.0251167562764803,
        "layer1.1.conv1.0": 0.0251167562764803,
        "layer1.1.conv1.1.0": 0.003532043851380042,
        "layer1.1.conv1.1.1": 0.0005202235129939597,
        "layer1.1.conv1.1.2": 0.003699367203512602,
        "layer1.1.conv1.2": 0.0251167562764803,
        "layer1.1.conv2.0": 0.0251167562764803,
        "layer1.1.conv2.1.0": 0.003532043851380042,
        "layer1.1.conv2.1.1": 0.0005202235129939597,
        "layer1.1.conv2.1.2": 0.003699367203512602,
        "layer1.1.conv2.2": 0.0251167562764803,
        "layer2.0.conv1.0": 0.0251167562764803,
        "layer2.0.conv1.1.0": 0.003532043851380042,
        "layer2.0.conv1.1.1": 0.00013005587824848992,
        "layer2.0.conv1.1.2": 0.001849683601756301,
        "layer2.0.conv1.2": 0.02501940450796681,
        "layer2.0.conv2.0": 0.02501940450796681,
        "layer2.0.conv2.1.0": 0.0017591768794664162,
        "layer2.0.conv2.1.1": 0.00013005587824848992,
        "layer2.0.conv2.1.2": 0.001849683601756301,
        "layer2.0.conv2.2": 0.02501940450796681,
        "layer2.0.downsample.0.0": 0.005101841118660061,
        "layer2.0.downsample.0.1": 0.010221935693916401,
        "layer2.1.conv1.0": 0.02501940450796681,
        "layer2.1.conv1.1.0": 0.0017591768794664162,
        "layer2.1.conv1.1.1": 0.00013005587824848992,
        "layer2.1.conv1.1.2": 0.001849683601756301,
        "layer2.1.conv1.2": 0.02501940450796681,
        "layer2.1.conv2.0": 0.02501940450796681,
        "layer2.1.conv2.1.0": 0.0017591768794664162,
        "layer2.1.conv2.1.1": 0.00013005587824848992,
        "layer2.1.conv2.1.2": 0.001849683601756301,
        "layer2.1.conv2.2": 0.02501940450796681,
        "layer3.0.conv1.0": 0.02501940450796681,
        "layer3.0.conv1.1.0": 0.0017591768794664162,
        "layer3.0.conv1.1.1": 3.251396956212248e-05,
        "layer3.0.conv1.1.2": 0.0009248418008781505,
        "layer3.0.conv1.2": 0.024970728623710064,
        "layer3.0.conv2.0": 0.024970728623710064,
        "layer3.0.conv2.1.0": 0.000877877178177307,
        "layer3.0.conv2.1.1": 3.251396956212248e-05,
        "layer3.0.conv2.1.2": 0.0009248418008781505,
        "layer3.0.conv2.2": 0.024970728623710064,
        "layer3.0.downsample.0.0": 0.0025410332703403793,
        "layer3.0.downsample.0.1": 0.005110967846958201,
        "layer3.1.conv1.0": 0.024970728623710064,
        "layer3.1.conv1.1.0": 0.000877877178177307,
        "layer3.1.conv1.1.1": 3.251396956212248e-05,
        "layer3.1.conv1.1.2": 0.0009248418008781505,
        "layer3.1.conv1.2": 0.024970728623710064,
        "layer3.1.conv2.0": 0.024970728623710064,
        "layer3.1.conv2.1.0": 0.000877877178177307,
        "layer3.1.conv2.1.1": 3.251396956212248e-05,
        "layer3.1.conv2.1.2": 0.0009248418008781505,
        "layer3.1.conv2.2": 0.024970728623710064,
        "layer4.0.conv1.0": 0.024970728623710064,
        "layer4.0.conv1.1.0": 0.000877877178177307,
        "layer4.0.conv1.1.1": 8.12849239053062e-06,
        "layer4.0.conv1.1.2": 0.00046242090043907525,
        "layer4.0.conv1.2": 0.024946390681581693,
        "layer4.0.conv2.0": 0.024946390681581693,
        "layer4.0.conv2.1.0": 0.0004385107736996782,
        "layer4.0.conv2.1.1": 8.12849239053062e-06,
        "layer4.0.conv2.1.2": 0.00046242090043907525,
        "layer4.0.conv2.2": 0.024946390681581693,
        "layer4.0.downsample.0.0": 0.0012680448129227767,
        "layer4.0.downsample.0.1": 0.0025554839234791004,
        "layer4.1.conv1.0": 0.024946390681581693,
        "layer4.1.conv1.1.0": 0.0004385107736996782,
        "layer4.1.conv1.1.1": 8.12849239053062e-06,
        "layer4.1.conv1.1.2": 0.00046242090043907525,
        "layer4.1.conv1.2": 0.024946390681581693,
        "layer4.1.conv2.0": 0.024946390681581693,
        "layer4.1.conv2.1.0": 0.0004385107736996782,
        "layer4.1.conv2.1.1": 8.12849239053062e-06,
        "layer4.1.conv2.1.2": 0.00046242090043907525,
        "layer4.1.conv2.2": 0.024946390681581693,
        "fc": 0.0009938820856912885
    },
    "relative_params": {
        "conv1.0": 3.7576256315159576e-06,
        "conv1.1.0": 3.7576256315159576e-06,
        "conv1.1.1": 4.697032039394947e-05,
        "conv1.1.2": 8.01626801390071e-05,
        "conv1.2": 0.0013026435522588654,
        "layer1.0.conv1.0": 0.0013026435522588654,
        "layer1.0.conv1.1.0": 0.00018318424953640293,
        "layer1.0.conv1.1.1": 2.818219223636968e-05,
        "layer1.0.conv1.1.2": 0.00020040670034751775,
        "layer1.0.conv1.2": 0.0013026435522588654,
        "layer1.0.conv2.0": 0.0013026435522588654,
        "layer1.0.conv2.1.0": 0.00018318424953640293,
        "layer1.0.conv2.1.1": 2.818219223636968e-05,
        "layer1.0.conv2.1.2": 0.00020040670034751775,
        "layer1.0.conv2.2": 0.0013026435522588654,
        "layer1.1.conv1.0": 0.0013026435522588654,
        "layer1.1.conv1.1.0": 0.00018318424953640293,
        "layer1.1.conv1.1.1": 2.818219223636968e-05,
        "layer1.1.conv1.1.2": 0.00020040670034751775,
        "layer1.1.conv1.2": 0.0013026435522588654,
        "layer1.1.conv2.0": 0.0013026435522588654,
        "layer1.1.conv2.1.0": 0.00018318424953640293,
        "layer1.1.conv2.1.1": 2.818219223636968e-05,
        "layer1.1.conv2.1.2": 0.00020040670034751775,
        "layer1.1.conv2.2": 0.0013026435522588654,
        "layer2.0.conv1.0": 0.0013026435522588654,
        "layer2.0.conv1.1.0": 0.00018318424953640293,
        "layer2.0.conv1.1.1": 2.818219223636968e-05,
        "layer2.0.conv1.1.2": 0.0004008134006950355,
        "layer2.0.conv1.2": 0.005170492868965958,
        "layer2.0.conv2.0": 0.005170492868965958,
        "layer2.0.conv2.1.0": 0.00036355027984916893,
        "layer2.0.conv2.1.1": 2.818219223636968e-05,
        "layer2.0.conv2.1.2": 0.0004008134006950355,
        "layer2.0.conv2.2": 0.005170492868965958,
        "layer2.0.downsample.0.0": 0.001058397886210328,
        "layer2.0.downsample.0.1": 0.002124311023683688,
        "layer2.1.conv1.0": 0.005170492868965958,
        "layer2.1.conv1.1.0": 0.00036355027984916893,
        "layer2.1.conv1.1.1": 2.818219223636968e-05,
        "layer2.1.conv1.1.2": 0.0004008134006950355,
        "layer2.1.conv1.2": 0.005170492868965958,
        "layer2.1.conv2.0": 0.005170492868965958,
        "layer2.1.conv2.1.0": 0.00036355027984916893,
        "layer2.1.conv2.1.1": 2.818219223636968e-05,
        "layer2.1.conv2.1.2": 0.0004008134006950355,
        "layer2.1.conv2.2": 0.005170492868965958,
        "layer3.0.conv1.0": 0.005170492868965958,
        "layer3.0.conv1.1.0": 0.00036355027984916893,
        "layer3.0.conv1.1.1": 2.818219223636968e-05,
        "layer3.0.conv1.1.2": 0.000801626801390071,
        "layer3.0.conv1.2": 0.020601808795724826,
        "layer3.0.conv2.0": 0.020601808795724826,
        "layer3.0.conv2.1.0": 0.0007242823404747009,
        "layer3.0.conv2.1.1": 2.818219223636968e-05,
        "layer3.0.conv2.1.2": 0.000801626801390071,
        "layer3.0.conv2.2": 0.020601808795724826,
        "layer3.0.downsample.0.0": 0.0021005127280174203,
        "layer3.0.downsample.0.1": 0.004248622047367376,
        "layer3.1.conv1.0": 0.020601808795724826,
        "layer3.1.conv1.1.0": 0.0007242823404747009,