{
    "total_flops": 191342472,
    "total_params": 677514,
    "relative_flops": {
        "conv1.0": 0.03304115356051217,
        "conv1.1": 0.11682407866038232,
        "conv1.2": 0.15524097545891433,
        "layer1.0.conv1.0": 0.03805632865451848,
        "layer1.0.conv1.1": 0.005605195693301171,
        "layer1.0.conv1.2": 0.03881024386472858,
        "layer1.0.conv2.0": 0.03805632865451848,
        "layer1.0.conv2.1": 0.005605195693301171,
        "layer1.0.conv2.2": 0.03881024386472858,
        "layer1.1.conv1.0": 0.03805632865451848,
        "layer1.1.conv1.1": 0.005605195693301171,
        "layer1.1.conv1.2": 0.03881024386472858,
        "layer1.1.conv2.0": 0.03805632865451848,
        "layer1.1.conv2.1": 0.005605195693301171,
        "layer1.1.conv2.2": 0.03881024386472858,
        "layer2.0.conv1.0": 0.03805632865451848,
        "layer2.0.conv1.1": 0.0014012989233252928,
        "layer2.0.conv1.2": 0.01940512193236429,
        "layer2.0.conv2.0": 0.018954411752347383,
        "layer2.0.conv2.1": 0.0014012989233252928,
        "layer2.0.conv2.2": 0.01940512193236429,
        "layer2.0.downsample.0.0": 0.00951408216362962,
        "layer2.0.downsample.0.1": 0.01940512193236429,
        "layer2.1.conv1.0": 0.018954411752347383,
        "layer2.1.conv1.1": 0.0014012989233252928,
        "layer2.1.conv1.2": 0.01940512193236429,
        "layer2.1.conv2.0": 0.018954411752347383,
        "layer2.1.conv2.1": 0.0014012989233252928,
        "layer2.1.conv2.2": 0.01940512193236429,
        "layer3.0.conv1.0": 0.018954411752347383,
        "layer3.0.conv1.1": 0.0003503247308313232,
        "layer3.0.conv1.2": 0.009702560966182145,
        "layer3.0.conv2.0": 0.009458767732445727,
        "layer3.0.conv2.1": 0.0003503247308313232,
        "layer3.0.conv2.2": 0.009702560966182145,
        "layer3.0.downsample.0.0": 0.004738602938086846,
        "layer3.0.downsample.0.1": 0.009702560966182145,
        "layer3.1.conv1.0": 0.009458767732445727,
        "layer3.1.conv1.1": 0.0003503247308313232,
        "layer3.1.conv1.2": 0.009702560966182145,
        "layer3.1.conv2.0": 0.009458767732445727,
        "layer3.1.conv2.1": 0.0003503247308313232,
        "layer3.1.conv2.2": 0.009702560966182145,
        "layer4.0.conv1.0": 0.009458767732445727,
        "layer4.0.conv1.1": 8.75811827078308e-05,
        "layer4.0.conv1.2": 0.004851280483091073,
        "layer4.0.conv2.0": 0.004724774330290872,
        "layer4.0.conv2.1": 8.75811827078308e-05,
        "layer4.0.conv2.2": 0.004851280483091073,
        "layer4.0.downsample.0.0": 0.002364691933111432,
        "layer4.0.downsample.0.1": 0.004851280483091073,
        "layer4.1.conv1.0": 0.004724774330290872,
        "layer4.1.conv1.1": 8.75811827078308e-05,
        "layer4.1.conv1.2": 0.004851280483091073,
        "layer4.1.conv2.0": 0.004724774330290872,
        "layer4.1.conv2.1": 8.75811827078308e-05,
        "layer4.1.conv2.2": 0.004851280483091073,
        "fc": 0.0053543365949615205
    },
    "relative_params": {
        "conv1.0": 0.00010627086672747722,
        "conv1.1": 0.0013283858340934652,
        "conv1.2": 0.0017947968602862819,
        "layer1.0.conv1.0": 0.001726901584321505,
        "layer1.0.conv1.1": 0.00026567716681869305,
        "layer1.0.conv1.2": 0.0017947968602862819,
        "layer1.0.conv2.0": 0.001726901584321505,
        "layer1.0.conv2.1": 0.00026567716681869305,
        "layer1.0.conv2.2": 0.0017947968602862819,
        "layer1.1.conv1.0": 0.001726901584321505,
        "layer1.1.conv1.1": 0.00026567716681869305,
        "layer1.1.conv1.2": 0.0017947968602862819,
        "layer1.1.conv2.0": 0.001726901584321505,
        "layer1.1.conv2.1": 0.00026567716681869305,
        "layer1.1.conv2.2": 0.0017947968602862819,
        "layer2.0.conv1.0": 0.001726901584321505,
        "layer2.0.conv1.1": 0.00026567716681869305,
        "layer2.0.conv1.2": 0.0035895937205725637,
        "layer2.0.conv2.0": 0.0034272354519611402,
        "layer2.0.conv2.1": 0.00026567716681869305,
        "layer2.0.conv2.2": 0.0035895937205725637,
        "layer2.0.downsample.0.0": 0.001726901584321505,
        "layer2.0.downsample.0.1": 0.0035895937205725637,
        "layer2.1.conv1.0": 0.0034272354519611402,
        "layer2.1.conv1.1": 0.00026567716681869305,
        "layer2.1.conv1.2": 0.0035895937205725637,
        "layer2.1.conv2.0": 0.0034272354519611402,
        "layer2.1.conv2.1": 0.00026567716681869305,
        "layer2.1.conv2.2": 0.0035895937205725637,
        "layer3.0.conv1.0": 0.0034272354519611402,
        "layer3.0.conv1.1": 0.00026567716681869305,
        "layer3.0.conv1.2": 0.0071791874411451274,
        "layer3.0.conv2.0": 0.006827903187240411,
        "layer3.0.conv2.1": 0.00026567716681869305,
        "layer3.0.conv2.2": 0.0071791874411451274,
        "layer3.0.downsample.0.0": 0.0034272354519611402,
        "layer3.0.downsample.0.1": 0.0071791874411451274,
        "layer3.1.conv1.0": 0.006827903187240411,
        "layer3.1.conv1.1": 0.00026567716681869305,
        "layer3.1.conv1.2": 0.0071791874411451274,
        "layer3.1.conv2.0": 0.006827903187240411,
        "layer3.1.conv2.1": 0.00026567716681869305,
        "layer3.1.conv2.2": 0.0071791874411451274,
        "layer4.0.conv1.0": 0.006827903187240411,
        "layer4.0.conv1.1": 0.00026567716681869305,
        "layer4.0.conv1.2": 0.014358374882290255,
        "layer4.0.conv2.0": 0.013629238657798953,
        "layer4.0.conv2.1": 0.00026567716681869305,
        "layer4.0.conv2.2": 0.014358374882290255,
        "layer4.0.downsample.0.0": 0.006827903187240411,
        "layer4.0.downsample.0.1": 0.014358374882290255,
        "layer4.1.conv1.0": 0.013629238657798953,
        "layer4.1.conv1.1": 0.00026567716681869305,
        "layer4.1.conv1.2": 0.014358374882290255,
        "layer4.1.conv2.0": 0.013629238657798953,
        "layer4.1.conv2.1": 0.00026567716681869305,
        "layer4.1.conv2.2": 0.014358374882290255,
        "fc": 0.7571799254332752
    }
}