{
    "total_flops": 264389124,
    "total_params": 739625,
    "relative_flops": {
        "conv1.0": 0.03321165359283085,
        "conv1.1": 0.1174269180603662,
        "conv1.2": 0.1548611961814284,
        "layer1.0.conv1.0": 0.03825270815602839,
        "layer1.0.conv1.1": 0.005634119805926661,
        "layer1.0.conv1.2": 0.0387152990453571,
        "layer1.0.conv2.0": 0.03825270815602839,
        "layer1.0.conv2.1": 0.005634119805926661,
        "layer1.0.conv2.2": 0.0387152990453571,
        "layer1.1.conv1.0": 0.03825270815602839,
        "layer1.1.conv1.1": 0.005634119805926661,
        "layer1.1.conv1.2": 0.0387152990453571,
        "layer1.1.conv2.0": 0.03825270815602839,
        "layer1.1.conv2.1": 0.005634119805926661,
        "layer1.1.conv2.2": 0.0387152990453571,
        "layer2.0.conv1.0": 0.03825270815602839,
        "layer2.0.conv1.1": 0.0014085299514816653,
        "layer2.0.conv1.2": 0.01935764952267855,
        "layer2.0.conv2.0": 0.01905222092267305,
        "layer2.0.conv2.1": 0.0014085299514816653,
        "layer2.0.conv2.2": 0.01935764952267855,
        "layer2.0.downsample.0.0": 0.009563177039007097,
        "layer2.0.downsample.0.1": 0.01935764952267855,
        "layer2.1.conv1.0": 0.01905222092267305,
        "layer2.1.conv1.1": 0.0014085299514816653,
        "layer2.1.conv1.2": 0.01935764952267855,
        "layer2.1.conv2.0": 0.01905222092267305,
        "layer2.1.conv2.1": 0.0014085299514816653,
        "layer2.1.conv2.2": 0.01935764952267855,
        "layer3.0.conv1.0": 0.01905222092267305,
        "layer3.0.conv1.1": 0.00035213248787041633,
        "layer3.0.conv1.2": 0.009678824761339275,
        "layer3.0.conv2.0": 0.00950757717250124,
        "layer3.0.conv2.1": 0.00035213248787041633,
        "layer3.0.conv2.2": 0.009678824761339275,
        "layer3.0.downsample.0.0": 0.004763055230668263,
        "layer3.0.downsample.0.1": 0.009678824761339275,
        "layer3.1.conv1.0": 0.00950757717250124,
        "layer3.1.conv1.1": 0.00035213248787041633,
        "layer3.1.conv1.2": 0.009678824761339275,
        "layer3.1.conv2.0": 0.00950757717250124,
        "layer3.1.conv2.1": 0.00035213248787041633,
        "layer3.1.conv2.2": 0.009678824761339275,
        "layer4.0.conv1.0": 0.00950757717250124,
        "layer4.0.conv1.1": 8.803312196760408e-05,
        "layer4.0.conv1.2": 0.004839412380669638,
        "layer4.0.conv2.0": 0.004749155264041799,
        "layer4.0.conv2.1": 8.803312196760408e-05,
        "layer4.0.conv2.2": 0.004839412380669638,
        "layer4.0.downsample.0.0": 0.00237689429312531,
        "layer4.0.downsample.0.1": 0.004839412380669638,
        "layer4.1.conv1.0": 0.004749155264041799,
        "layer4.1.conv1.1": 8.803312196760408e-05,
        "layer4.1.conv1.2": 0.004839412380669638,
        "layer4.1.conv2.0": 0.004749155264041799,
        "layer4.1.conv2.1": 8.803312196760408e-05,
        "layer4.1.conv2.2": 0.004839412380669638,
        "fc": 0.0038750156757582812
    },
    "relative_params": {
        "conv1.0": 0.00013520365049856346,
        "conv1.1": 0.0016900456312320432,
        "conv1.2": 0.002249788744296096,
        "layer1.0.conv1.0": 0.0021970593206016562,
        "layer1.0.conv1.1": 0.0003380091262464086,
        "layer1.0.conv1.2": 0.002249788744296096,
        "layer1.0.conv2.0": 0.0021970593206016562,
        "layer1.0.conv2.1": 0.0003380091262464086,
        "layer1.0.conv2.2": 0.002249788744296096,
        "layer1.1.conv1.0": 0.0021970593206016562,
        "layer1.1.conv1.1": 0.0003380091262464086,
        "layer1.1.conv1.2": 0.002249788744296096,
        "layer1.1.conv2.0": 0.0021970593206016562,
        "layer1.1.conv2.1": 0.0003380091262464086,
        "layer1.1.conv2.2": 0.002249788744296096,
        "layer2.0.conv1.0": 0.0021970593206016562,
        "layer2.0.conv1.1": 0.0003380091262464086,
        "layer2.0.conv1.2": 0.004499577488592192,
        "layer2.0.conv2.0": 0.004360317728578671,
        "layer2.0.conv2.1": 0.0003380091262464086,
        "layer2.0.conv2.2": 0.004499577488592192,
        "layer2.0.downsample.0.0": 0.0021970593206016562,
        "layer2.0.downsample.0.1": 0.004499577488592192,
        "layer2.1.conv1.0": 0.004360317728578671,
        "layer2.1.conv1.1": 0.0003380091262464086,
        "layer2.1.conv1.2": 0.004499577488592192,
        "layer2.1.conv2.0": 0.004360317728578671,
        "layer2.1.conv2.1": 0.0003380091262464086,
        "layer2.1.conv2.2": 0.004499577488592192,
        "layer3.0.conv1.0": 0.004360317728578671,
        "layer3.0.conv1.1": 0.0003380091262464086,
        "layer3.0.conv1.2": 0.008999154977184384,
        "layer3.0.conv2.0": 0.008686834544532703,
        "layer3.0.conv2.1": 0.0003380091262464086,
        "layer3.0.conv2.2": 0.008999154977184384,
        "layer3.0.downsample.0.0": 0.004360317728578671,
        "layer3.0.downsample.0.1": 0.008999154977184384,
        "layer3.1.conv1.0": 0.008686834544532703,
        "layer3.1.conv1.1": 0.0003380091262464086,
        "layer3.1.conv1.2": 0.008999154977184384,
        "layer3.1.conv2.0": 0.008686834544532703,
        "layer3.1.conv2.1": 0.0003380091262464086,
        "layer3.1.conv2.2": 0.008999154977184384,
        "layer4.0.conv1.0": 0.008686834544532703,
        "layer4.0.conv1.1": 0.0003380091262464086,
        "layer4.0.conv1.2": 0.01799830995436877,
        "layer4.0.conv2.0": 0.017339868176440763,
        "layer4.0.conv2.1": 0.0003380091262464086,
        "layer4.0.conv2.2": 0.01799830995436877,
        "layer4.0.downsample.0.0": 0.008686834544532703,
        "layer4.0.downsample.0.1": 0.01799830995436877,
        "layer4.1.conv1.0": 0.017339868176440763,
        "layer4.1.conv1.1": 0.0003380091262464086,
        "layer4.1.conv1.2": 0.01799830995436877,
        "layer4.1.conv2.0": 0.017339868176440763,
        "layer4.1.conv2.1": 0.0003380091262464086,
        "layer4.1.conv2.2": 0.01799830995436877,
        "fc": 0.6935947270576306
    }
}