{
    "total_flops": 1035569352,
    "total_params": 3205629,
    "relative_flops": {
        "conv1.0": 0.0010175040406178418,
        "conv1.1.0": 0.0010175040406178418,
        "conv1.1.1": 0.0035976035721845116,
        "conv1.1.2": 0.005426688216628489,
        "conv1.2": 0.100006111420725,
        "layer1.0.conv1.0": 0.02500152785518125,
        "layer1.0.conv1.1.0": 0.0035158398546348635,
        "layer1.0.conv1.1.1": 0.0005178368778144373,
        "layer1.0.conv1.1.2": 0.003682395575569332,
        "layer1.0.conv1.2": 0.02500152785518125,
        "layer1.0.conv2.0": 0.02500152785518125,
        "layer1.0.conv2.1.0": 0.0035158398546348635,
        "layer1.0.conv2.1.1": 0.0005178368778144373,
        "layer1.0.conv2.1.2": 0.003682395575569332,
        "layer1.0.conv2.2": 0.02500152785518125,
        "layer1.1.conv1.0": 0.02500152785518125,
        "layer1.1.conv1.1.0": 0.0035158398546348635,
        "layer1.1.conv1.1.1": 0.0005178368778144373,
        "layer1.1.conv1.1.2": 0.003682395575569332,
        "layer1.1.conv1.2": 0.02500152785518125,
        "layer1.1.conv2.0": 0.02500152785518125,
        "layer1.1.conv2.1.0": 0.0035158398546348635,
        "layer1.1.conv2.1.1": 0.0005178368778144373,
        "layer1.1.conv2.1.2": 0.003682395575569332,
        "layer1.1.conv2.2": 0.02500152785518125,
        "layer2.0.conv1.0": 0.02500152785518125,
        "layer2.0.conv1.1.0": 0.0035158398546348635,
        "layer2.0.conv1.1.1": 0.00012945921945360932,
        "layer2.0.conv1.1.2": 0.001841197787784666,
        "layer2.0.conv1.2": 0.024904622708455743,
        "layer2.0.conv2.0": 0.024904622708455743,
        "layer2.0.conv2.1.0": 0.0017511062841882945,
        "layer2.0.conv2.1.1": 0.00012945921945360932,
        "layer2.0.conv2.1.2": 0.001841197787784666,
        "layer2.0.conv2.2": 0.024904622708455743,
        "layer2.0.downsample.0.0": 0.005957395309242408,
        "layer2.0.downsample.0.1": 0.011919333047237574,
        "layer2.1.conv1.0": 0.024904622708455743,
        "layer2.1.conv1.1.0": 0.0017511062841882945,
        "layer2.1.conv1.1.1": 0.00012945921945360932,
        "layer2.1.conv1.1.2": 0.001841197787784666,
        "layer2.1.conv1.2": 0.024904622708455743,
        "layer2.1.conv2.0": 0.024904622708455743,
        "layer2.1.conv2.1.0": 0.0017511062841882945,
        "layer2.1.conv2.1.1": 0.00012945921945360932,
        "layer2.1.conv2.1.2": 0.001841197787784666,
        "layer2.1.conv2.2": 0.024904622708455743,
        "layer3.0.conv1.0": 0.024904622708455743,
        "layer3.0.conv1.1.0": 0.0017511062841882945,
        "layer3.0.conv1.1.1": 3.236480486340233e-05,
        "layer3.0.conv1.1.2": 0.000920598893892333,
        "layer3.0.conv1.2": 0.02485617013509299,
        "layer3.0.conv2.0": 0.02485617013509299,
        "layer3.0.conv2.1.0": 0.000873849731311863,
        "layer3.0.conv2.1.1": 3.236480486340233e-05,
        "layer3.0.conv2.1.2": 0.000920598893892333,
        "layer3.0.conv2.2": 0.02485617013509299,
        "layer3.0.downsample.0.0": 0.00296715231487461,
        "layer3.0.downsample.0.1": 0.005959666523618787,
        "layer3.1.conv1.0": 0.02485617013509299,
        "layer3.1.conv1.1.0": 0.000873849731311863,
        "layer3.1.conv1.1.1": 3.236480486340233e-05,
        "layer3.1.conv1.1.2": 0.000920598893892333,
        "layer3.1.conv1.2": 0.02485617013509299,
        "layer3.1.conv2.0": 0.02485617013509299,
        "layer3.1.conv2.1.0": 0.000873849731311863,
        "layer3.1.conv2.1.1": 3.236480486340233e-05,
        "layer3.1.conv2.1.2": 0.000920598893892333,
        "layer3.1.conv2.2": 0.02485617013509299,
        "layer4.0.conv1.0": 0.02485617013509299,
        "layer4.0.conv1.1.0": 0.000873849731311863,
        "layer4.0.conv1.1.1": 8.091201215850582e-06,
        "layer4.0.conv1.1.2": 0.0004602994469461665,
        "layer4.0.conv1.2": 0.024831943848411614,
        "layer4.0.conv2.0": 0.024831943848411614,
        "layer4.0.conv2.1.0": 0.0004364990129603604,
        "layer4.0.conv2.1.1": 8.091201215850582e-06,
        "layer4.0.conv2.1.2": 0.0004602994469461665,
        "layer4.0.conv2.2": 0.024831943848411614,
        "layer4.0.downsample.0.0": 0.0014806898225006567,
        "layer4.0.downsample.0.1": 0.0029798332618093935,
        "layer4.1.conv1.0": 0.024831943848411614,
        "layer4.1.conv1.1.0": 0.0004364990129603604,
        "layer4.1.conv1.1.1": 8.091201215850582e-06,
        "layer4.1.conv1.1.2": 0.0004602994469461665,
        "layer4.1.conv1.2": 0.024831943848411614,
        "layer4.1.conv2.0": 0.024831943848411614,
        "layer4.1.conv2.1.0": 0.0004364990129603604,
        "layer4.1.conv2.1.1": 8.091201215850582e-06,
        "layer4.1.conv2.1.2": 0.0004602994469461665,
        "layer4.1.conv2.2": 0.024831943848411614,
        "fc": 0.0009893224418252192
    },
    "relative_params": {
        "conv1.0": 3.7434150988776307e-06,
        "conv1.1.0": 3.7434150988776307e-06,
        "conv1.1.1": 4.6792688735970384e-05,
        "conv1.1.2": 7.985952210938945e-05,
        "conv1.2": 0.0012977172342775786,
        "layer1.0.conv1.0": 0.0012977172342775786,
        "layer1.0.conv1.1.0": 0.00018249148607028448,
        "layer1.0.conv1.1.1": 2.8075613241582228e-05,
        "layer1.0.conv1.1.2": 0.00019964880527347363,
        "layer1.0.conv1.2": 0.0012977172342775786,
        "layer1.0.conv2.0": 0.0012977172342775786,
        "layer1.0.conv2.1.0": 0.00018249148607028448,
        "layer1.0.conv2.1.1": 2.8075613241582228e-05,
        "layer1.0.conv2.1.2": 0.00019964880527347363,
        "layer1.0.conv2.2": 0.0012977172342775786,
        "layer1.1.conv1.0": 0.0012977172342775786,
        "layer1.1.conv1.1.0": 0.00018249148607028448,
        "layer1.1.conv1.1.1": 2.8075613241582228e-05,
        "layer1.1.conv1.1.2": 0.00019964880527347363,
        "layer1.1.conv1.2": 0.0012977172342775786,
        "layer1.1.conv2.0": 0.0012977172342775786,
        "layer1.1.conv2.1.0": 0.00018249148607028448,
        "layer1.1.conv2.1.1": 2.8075613241582228e-05,
        "layer1.1.conv2.1.2": 0.00019964880527347363,
        "layer1.1.conv2.2": 0.0012977172342775786,
        "layer2.0.conv1.0": 0.0012977172342775786,
        "layer2.0.conv1.1.0": 0.00018249148607028448,
        "layer2.0.conv1.1.1": 2.8075613241582228e-05,
        "layer2.0.conv1.1.2": 0.00039929761054694726,
        "layer2.0.conv1.2": 0.00515093917605562,
        "layer2.0.conv2.0": 0.00515093917605562,
        "layer2.0.conv2.1.0": 0.00036217541081641074,
        "layer2.0.conv2.1.1": 2.8075613241582228e-05,
        "layer2.0.conv2.1.2": 0.00039929761054694726,
        "layer2.0.conv2.2": 0.00515093917605562,
        "layer2.0.downsample.0.0": 0.001236886738920817,
        "layer2.0.downsample.0.1": 0.002475645185391073,
        "layer2.1.conv1.0": 0.00515093917605562,
        "layer2.1.conv1.1.0": 0.00036217541081641074,
        "layer2.1.conv1.1.1": 2.8075613241582228e-05,
        "layer2.1.conv1.1.2": 0.00039929761054694726,
        "layer2.1.conv1.2": 0.00515093917605562,
        "layer2.1.conv2.0": 0.00515093917605562,
        "layer2.1.conv2.1.0": 0.00036217541081641074,
        "layer2.1.conv2.1.1": 2.8075613241582228e-05,
        "layer2.1.conv2.1.2": 0.00039929761054694726,
        "layer2.1.conv2.2": 0.00515093917605562,
        "layer3.0.conv1.0": 0.00515093917605562,
        "layer3.0.conv1.1.0": 0.00036217541081641074,
        "layer3.0.conv1.1.1": 2.8075613241582228e-05,
        "layer3.0.conv1.1.2": 0.0007985952210938945,
        "layer3.0.conv1.2": 0.020523897182113088,
        "layer3.0.conv2.0": 0.020523897182113088,
        "layer3.0.conv2.1.0": 0.0007215432603086632,
        "layer3.0.conv2.1.1": 2.8075613241582228e-05,
        "layer3.0.conv2.1.2": 0.0007985952210938945,
        "layer3.0.conv2.2": 0.020523897182113088,
        "layer3.0.downsample.0.0": 0.0024547444510890064,
        "layer3.0.downsample.0.1": 0.004951290370782146,
        "layer3.1.conv1.0": 0.020523897182113088,
        "layer3.1.conv1.1.0": 0.0007215432603086632,