{
    "total_flops": 1018677288,
    "total_params": 3162525,
    "relative_flops": {
        "conv1.0": 0.0010343766494183386,
        "conv1.1.0": 0.0010343766494183386,
        "conv1.1.1": 0.003657260296157697,
        "conv1.1.2": 0.005516675463564473,
        "conv1.2": 0.10166444782854528,
        "layer1.0.conv1.0": 0.02541611195713632,
        "layer1.0.conv1.1.0": 0.003574140743972295,
        "layer1.0.conv1.1.1": 0.0005264238305075473,
        "layer1.0.conv1.1.2": 0.0037434583502758923,
        "layer1.0.conv1.2": 0.02541611195713632,
        "layer1.0.conv2.0": 0.02541611195713632,
        "layer1.0.conv2.1.0": 0.003574140743972295,
        "layer1.0.conv2.1.1": 0.0005264238305075473,
        "layer1.0.conv2.1.2": 0.0037434583502758923,
        "layer1.0.conv2.2": 0.02541611195713632,
        "layer1.1.conv1.0": 0.02541611195713632,
        "layer1.1.conv1.1.0": 0.003574140743972295,
        "layer1.1.conv1.1.1": 0.0005264238305075473,
        "layer1.1.conv1.1.2": 0.0037434583502758923,
        "layer1.1.conv1.2": 0.02541611195713632,
        "layer1.1.conv2.0": 0.02541611195713632,
        "layer1.1.conv2.1.0": 0.003574140743972295,
        "layer1.1.conv2.1.1": 0.0005264238305075473,
        "layer1.1.conv2.1.2": 0.0037434583502758923,
        "layer1.1.conv2.2": 0.02541611195713632,
        "layer2.0.conv1.0": 0.02541611195713632,
        "layer2.0.conv1.1.0": 0.003574140743972295,
        "layer2.0.conv1.1.1": 0.00013160595762688683,
        "layer2.0.conv1.1.2": 0.0018717291751379462,
        "layer2.0.conv1.2": 0.025317599895286955,
        "layer2.0.conv2.0": 0.025317599895286955,
        "layer2.0.conv2.1.0": 0.001780143742637364,
        "layer2.0.conv2.1.1": 0.00013160595762688683,
        "layer2.0.conv2.1.2": 0.0018717291751379462,
        "layer2.0.conv2.2": 0.025317599895286955,
        "layer2.0.downsample.0.0": 0.002879168932644349,
        "layer2.0.downsample.0.1": 0.0058122116491125695,
        "layer2.1.conv1.0": 0.025317599895286955,
        "layer2.1.conv1.1.0": 0.001780143742637364,
        "layer2.1.conv1.1.1": 0.00013160595762688683,
        "layer2.1.conv1.1.2": 0.0018717291751379462,
        "layer2.1.conv1.2": 0.025317599895286955,
        "layer2.1.conv2.0": 0.025317599895286955,
        "layer2.1.conv2.1.0": 0.001780143742637364,
        "layer2.1.conv2.1.1": 0.00013160595762688683,
        "layer2.1.conv2.1.2": 0.0018717291751379462,
        "layer2.1.conv2.2": 0.025317599895286955,
        "layer3.0.conv1.0": 0.025317599895286955,
        "layer3.0.conv1.1.0": 0.001780143742637364,
        "layer3.0.conv1.1.1": 3.290148940672171e-05,
        "layer3.0.conv1.1.2": 0.0009358645875689731,
        "layer3.0.conv1.2": 0.02526834386436227,
        "layer3.0.conv2.0": 0.02526834386436227,
        "layer3.0.conv2.1.0": 0.0008883402139814861,
        "layer3.0.conv2.1.1": 3.290148940672171e-05,
        "layer3.0.conv2.1.2": 0.0009358645875689731,
        "layer3.0.conv2.2": 0.02526834386436227,
        "layer3.0.downsample.0.0": 0.0014340046815689877,
        "layer3.0.downsample.0.1": 0.0029061058245562848,
        "layer3.1.conv1.0": 0.02526834386436227,
        "layer3.1.conv1.1.0": 0.0008883402139814861,
        "layer3.1.conv1.1.1": 3.290148940672171e-05,
        "layer3.1.conv1.1.2": 0.0009358645875689731,
        "layer3.1.conv1.2": 0.02526834386436227,
        "layer3.1.conv2.0": 0.02526834386436227,
        "layer3.1.conv2.1.0": 0.0008883402139814861,
        "layer3.1.conv2.1.1": 3.290148940672171e-05,
        "layer3.1.conv2.1.2": 0.0009358645875689731,
        "layer3.1.conv2.2": 0.02526834386436227,
        "layer4.0.conv1.0": 0.02526834386436227,
        "layer4.0.conv1.1.0": 0.0008883402139814861,
        "layer4.0.conv1.1.1": 8.225372351680427e-06,
        "layer4.0.conv1.1.2": 0.00046793229378448654,
        "layer4.0.conv1.2": 0.025243715848899933,
        "layer4.0.conv2.0": 0.025243715848899933,
        "layer4.0.conv2.1.0": 0.0004437371926564441,
        "layer4.0.conv2.1.1": 8.225372351680427e-06,
        "layer4.0.conv2.1.2": 0.00046793229378448654,
        "layer4.0.conv2.2": 0.025243715848899933,
        "layer4.0.downsample.0.0": 0.0007156073945961971,
        "layer4.0.downsample.0.1": 0.0014530529122781424,
        "layer4.1.conv1.0": 0.025243715848899933,
        "layer4.1.conv1.1.0": 0.0004437371926564441,
        "layer4.1.conv1.1.1": 8.225372351680427e-06,
        "layer4.1.conv1.1.2": 0.00046793229378448654,
        "layer4.1.conv1.2": 0.025243715848899933,
        "layer4.1.conv2.0": 0.025243715848899933,
        "layer4.1.conv2.1.0": 0.0004437371926564441,
        "layer4.1.conv2.1.1": 8.225372351680427e-06,
        "layer4.1.conv2.1.2": 0.00046793229378448654,
        "layer4.1.conv2.2": 0.025243715848899933,
        "fc": 0.0010057277334723496
    },
    "relative_params": {
        "conv1.0": 3.7944364076173312e-06,
        "conv1.1.0": 3.7944364076173312e-06,
        "conv1.1.1": 4.743045509521664e-05,
        "conv1.1.2": 8.09479766958364e-05,
        "conv1.2": 0.0013154046213073413,
        "layer1.0.conv1.0": 0.0013154046213073413,
        "layer1.0.conv1.1.0": 0.00018497877487134488,
        "layer1.0.conv1.1.1": 2.8458273057129985e-05,
        "layer1.0.conv1.1.2": 0.000202369941739591,
        "layer1.0.conv1.2": 0.0013154046213073413,
        "layer1.0.conv2.0": 0.0013154046213073413,
        "layer1.0.conv2.1.0": 0.00018497877487134488,
        "layer1.0.conv2.1.1": 2.8458273057129985e-05,
        "layer1.0.conv2.1.2": 0.000202369941739591,
        "layer1.0.conv2.2": 0.0013154046213073413,
        "layer1.1.conv1.0": 0.0013154046213073413,
        "layer1.1.conv1.1.0": 0.00018497877487134488,
        "layer1.1.conv1.1.1": 2.8458273057129985e-05,
        "layer1.1.conv1.1.2": 0.000202369941739591,
        "layer1.1.conv1.2": 0.0013154046213073413,
        "layer1.1.conv2.0": 0.0013154046213073413,
        "layer1.1.conv2.1.0": 0.00018497877487134488,
        "layer1.1.conv2.1.1": 2.8458273057129985e-05,
        "layer1.1.conv2.1.2": 0.000202369941739591,
        "layer1.1.conv2.2": 0.0013154046213073413,
        "layer2.0.conv1.0": 0.0013154046213073413,
        "layer2.0.conv1.1.0": 0.00018497877487134488,
        "layer2.0.conv1.1.1": 2.8458273057129985e-05,
        "layer2.0.conv1.1.2": 0.000404739883479182,
        "layer2.0.conv1.2": 0.005221144496881448,
        "layer2.0.conv2.0": 0.005221144496881448,
        "layer2.0.conv2.1.0": 0.00036711172243697677,
        "layer2.0.conv2.1.1": 2.8458273057129985e-05,
        "layer2.0.conv2.1.2": 0.000404739883479182,
        "layer2.0.conv2.2": 0.005221144496881448,
        "layer2.0.downsample.0.0": 0.0005960427190298891,
        "layer2.0.downsample.0.1": 0.001214219650437546,
        "layer2.1.conv1.0": 0.005221144496881448,
        "layer2.1.conv1.1.0": 0.00036711172243697677,
        "layer2.1.conv1.1.1": 2.8458273057129985e-05,
        "layer2.1.conv1.1.2": 0.000404739883479182,
        "layer2.1.conv1.2": 0.005221144496881448,
        "layer2.1.conv2.0": 0.005221144496881448,
        "layer2.1.conv2.1.0": 0.00036711172243697677,
        "layer2.1.conv2.1.1": 2.8458273057129985e-05,
        "layer2.1.conv2.1.2": 0.000404739883479182,
        "layer2.1.conv2.2": 0.005221144496881448,
        "layer3.0.conv1.0": 0.005221144496881448,
        "layer3.0.conv1.1.0": 0.00036711172243697677,
        "layer3.0.conv1.1.1": 2.8458273057129985e-05,
        "layer3.0.conv1.1.2": 0.000809479766958364,
        "layer3.0.conv1.2": 0.020803630010829955,
        "layer3.0.conv2.0": 0.020803630010829955,
        "layer3.0.conv2.1.0": 0.0007313776175682405,
        "layer3.0.conv2.1.1": 2.8458273057129985e-05,
        "layer3.0.conv2.1.2": 0.000809479766958364,
        "layer3.0.conv2.2": 0.020803630010829955,
        "layer3.0.downsample.0.0": 0.001182915550074703,
        "layer3.0.downsample.0.1": 0.002428439300875092,
        "layer3.1.conv1.0": 0.020803630010829955,
        "layer3.1.conv1.1.0": 0.0007313776175682405,