{
    "total_flops": 483529080,
    "total_params": 925958,
    "relative_flops": {
        "conv1.0": 0.033414064775587025,
        "conv1.1": 0.11814258617082554,
        "conv1.2": 0.1544103366027127,
        "layer1.0.conv1.0": 0.03848584246473863,
        "layer1.0.conv1.1": 0.005668457417287084,
        "layer1.0.conv1.2": 0.038602584150678174,
        "layer1.0.conv2.0": 0.03848584246473863,
        "layer1.0.conv2.1": 0.005668457417287084,
        "layer1.0.conv2.2": 0.038602584150678174,
        "layer1.1.conv1.0": 0.03848584246473863,
        "layer1.1.conv1.1": 0.005668457417287084,
        "layer1.1.conv1.2": 0.038602584150678174,
        "layer1.1.conv2.0": 0.03848584246473863,
        "layer1.1.conv2.1": 0.005668457417287084,
        "layer1.1.conv2.2": 0.038602584150678174,
        "layer2.0.conv1.0": 0.03848584246473863,
        "layer2.0.conv1.1": 0.001417114354321771,
        "layer2.0.conv1.2": 0.019301292075339087,
        "layer2.0.conv2.0": 0.01916833626635238,
        "layer2.0.conv2.1": 0.001417114354321771,
        "layer2.0.conv2.2": 0.019301292075339087,
        "layer2.0.downsample.0.0": 0.009621460616184657,
        "layer2.0.downsample.0.1": 0.019301292075339087,
        "layer2.1.conv1.0": 0.01916833626635238,
        "layer2.1.conv1.1": 0.001417114354321771,
        "layer2.1.conv1.2": 0.019301292075339087,
        "layer2.1.conv2.0": 0.01916833626635238,
        "layer2.1.conv2.1": 0.001417114354321771,
        "layer2.1.conv2.2": 0.019301292075339087,
        "layer3.0.conv1.0": 0.01916833626635238,
        "layer3.0.conv1.1": 0.00035427858858044276,
        "layer3.0.conv1.2": 0.009650646037669543,
        "layer3.0.conv2.0": 0.009565521891671955,
        "layer3.0.conv2.1": 0.00035427858858044276,
        "layer3.0.conv2.2": 0.009650646037669543,
        "layer3.0.downsample.0.0": 0.004792084066588095,
        "layer3.0.downsample.0.1": 0.009650646037669543,
        "layer3.1.conv1.0": 0.009565521891671955,
        "layer3.1.conv1.1": 0.00035427858858044276,
        "layer3.1.conv1.2": 0.009650646037669543,
        "layer3.1.conv2.0": 0.009565521891671955,
        "layer3.1.conv2.1": 0.00035427858858044276,
        "layer3.1.conv2.2": 0.009650646037669543,
        "layer4.0.conv1.0": 0.009565521891671955,
        "layer4.0.conv1.1": 8.856964714511069e-05,
        "layer4.0.conv1.2": 0.004825323018834772,
        "layer4.0.conv2.0": 0.004778099385459919,
        "layer4.0.conv2.1": 8.856964714511069e-05,
        "layer4.0.conv2.2": 0.004825323018834772,
        "layer4.0.downsample.0.0": 0.002391380472917989,
        "layer4.0.downsample.0.1": 0.004825323018834772,
        "layer4.1.conv1.0": 0.004778099385459919,
        "layer4.1.conv1.1": 8.856964714511069e-05,
        "layer4.1.conv1.2": 0.004825323018834772,
        "layer4.1.conv2.0": 0.004778099385459919,
        "layer4.1.conv2.1": 8.856964714511069e-05,
        "layer4.1.conv2.2": 0.004825323018834772,
        "fc": 0.0021188218917464075
    },
    "relative_params": {
        "conv1.0": 0.00019871311657764174,
        "conv1.1": 0.002483913957220522,
        "conv1.2": 0.0032485274710084043,
        "layer1.0.conv1.0": 0.0032290881443866786,
        "layer1.0.conv1.1": 0.0004967827914441043,
        "layer1.0.conv1.2": 0.0032485274710084043,
        "layer1.0.conv2.0": 0.0032290881443866786,
        "layer1.0.conv2.1": 0.0004967827914441043,
        "layer1.0.conv2.2": 0.0032485274710084043,
        "layer1.1.conv1.0": 0.0032290881443866786,
        "layer1.1.conv1.1": 0.0004967827914441043,
        "layer1.1.conv1.2": 0.0032485274710084043,
        "layer1.1.conv2.0": 0.0032290881443866786,
        "layer1.1.conv2.1": 0.0004967827914441043,
        "layer1.1.conv2.2": 0.0032485274710084043,
        "layer2.0.conv1.0": 0.0032290881443866786,
        "layer2.0.conv1.1": 0.0004967827914441043,
        "layer2.0.conv1.2": 0.006497054942016809,
        "layer2.0.conv2.0": 0.006408498009628946,
        "layer2.0.conv2.1": 0.0004967827914441043,
        "layer2.0.conv2.2": 0.006497054942016809,
        "layer2.0.downsample.0.0": 0.0032290881443866786,
        "layer2.0.downsample.0.1": 0.006497054942016809,
        "layer2.1.conv1.0": 0.006408498009628946,
        "layer2.1.conv1.1": 0.0004967827914441043,
        "layer2.1.conv1.2": 0.006497054942016809,
        "layer2.1.conv2.0": 0.006408498009628946,
        "layer2.1.conv2.1": 0.0004967827914441043,
        "layer2.1.conv2.2": 0.006497054942016809,
        "layer3.0.conv1.0": 0.006408498009628946,
        "layer3.0.conv1.1": 0.0004967827914441043,
        "layer3.0.conv1.2": 0.012994109884033617,
        "layer3.0.conv2.0": 0.012767317740113483,
        "layer3.0.conv2.1": 0.0004967827914441043,
        "layer3.0.conv2.2": 0.012994109884033617,
        "layer3.0.downsample.0.0": 0.006408498009628946,
        "layer3.0.downsample.0.1": 0.012994109884033617,
        "layer3.1.conv1.0": 0.012767317740113483,
        "layer3.1.conv1.1": 0.0004967827914441043,
        "layer3.1.conv1.2": 0.012994109884033617,
        "layer3.1.conv2.0": 0.012767317740113483,
        "layer3.1.conv2.1": 0.0004967827914441043,
        "layer3.1.conv2.2": 0.012994109884033617,
        "layer4.0.conv1.0": 0.012767317740113483,
        "layer4.0.conv1.1": 0.0004967827914441043,
        "layer4.0.conv1.2": 0.025988219768067235,
        "layer4.0.conv2.0": 0.025484957201082556,
        "layer4.0.conv2.1": 0.0004967827914441043,
        "layer4.0.conv2.2": 0.025988219768067235,
        "layer4.0.downsample.0.0": 0.012767317740113483,
        "layer4.0.downsample.0.1": 0.025988219768067235,
        "layer4.1.conv1.0": 0.025484957201082556,
        "layer4.1.conv1.1": 0.0004967827914441043,
        "layer4.1.conv1.2": 0.025988219768067235,
        "layer4.1.conv2.0": 0.025484957201082556,
        "layer4.1.conv2.1": 0.0004967827914441043,
        "layer4.1.conv2.2": 0.025988219768067235,
        "fc": 0.554020808719186
    }
}