{
    "total_flops": 1016037903,
    "total_params": 3155790,
    "relative_flops": {
        "conv1.0": 0.0010370636734011683,
        "conv1.1.0": 0.0010370636734011683,
        "conv1.1.1": 0.0036667608452398454,
        "conv1.1.2": 0.005531006258139565,
        "conv1.2": 0.10192854390000054,
        "layer1.0.conv1.0": 0.025482135975000136,
        "layer1.0.conv1.1.0": 0.0035834253714843944,
        "layer1.0.conv1.1.1": 0.0005277913337845232,
        "layer1.0.conv1.1.2": 0.003753182818023276,
        "layer1.0.conv1.2": 0.025482135975000136,
        "layer1.0.conv2.0": 0.025482135975000136,
        "layer1.0.conv2.1.0": 0.0035834253714843944,
        "layer1.0.conv2.1.1": 0.0005277913337845232,
        "layer1.0.conv2.1.2": 0.003753182818023276,
        "layer1.0.conv2.2": 0.025482135975000136,
        "layer1.1.conv1.0": 0.025482135975000136,
        "layer1.1.conv1.1.0": 0.0035834253714843944,
        "layer1.1.conv1.1.1": 0.0005277913337845232,
        "layer1.1.conv1.1.2": 0.003753182818023276,
        "layer1.1.conv1.2": 0.025482135975000136,
        "layer1.1.conv2.0": 0.025482135975000136,
        "layer1.1.conv2.1.0": 0.0035834253714843944,
        "layer1.1.conv2.1.1": 0.0005277913337845232,
        "layer1.1.conv2.1.2": 0.003753182818023276,
        "layer1.1.conv2.2": 0.025482135975000136,
        "layer2.0.conv1.0": 0.025482135975000136,
        "layer2.0.conv1.1.0": 0.0035834253714843944,
        "layer2.0.conv1.1.1": 0.0001319478334461308,
        "layer2.0.conv1.1.2": 0.001876591409011638,
        "layer2.0.conv1.2": 0.025383368006104787,
        "layer2.0.conv2.0": 0.025383368006104787,
        "layer2.0.conv2.1.0": 0.001784768062929243,
        "layer2.0.conv2.1.1": 0.0001319478334461308,
        "layer2.0.conv2.1.2": 0.001876591409011638,
        "layer2.0.conv2.2": 0.025383368006104787,
        "layer2.0.downsample.0.0": 0.002388950247656263,
        "layer2.0.downsample.0.1": 0.004839630475872119,
        "layer2.1.conv1.0": 0.025383368006104787,
        "layer2.1.conv1.1.0": 0.001784768062929243,
        "layer2.1.conv1.1.1": 0.0001319478334461308,
        "layer2.1.conv1.1.2": 0.001876591409011638,
        "layer2.1.conv1.2": 0.025383368006104787,
        "layer2.1.conv2.0": 0.025383368006104787,
        "layer2.1.conv2.1.0": 0.001784768062929243,
        "layer2.1.conv2.1.1": 0.0001319478334461308,
        "layer2.1.conv2.1.2": 0.001876591409011638,
        "layer2.1.conv2.2": 0.025383368006104787,
        "layer3.0.conv1.0": 0.025383368006104787,
        "layer3.0.conv1.1.0": 0.001784768062929243,
        "layer3.0.conv1.1.1": 3.29869583615327e-05,
        "layer3.0.conv1.1.2": 0.000938295704505819,
        "layer3.0.conv1.2": 0.025333984021657114,
        "layer3.0.conv2.0": 0.025333984021657114,
        "layer3.0.conv2.1.0": 0.0008906478757613828,
        "layer3.0.conv2.1.1": 3.29869583615327e-05,
        "layer3.0.conv2.1.2": 0.000938295704505819,
        "layer3.0.conv2.2": 0.025333984021657114,
        "layer3.0.downsample.0.0": 0.0011898453752861619,
        "layer3.0.downsample.0.1": 0.0024198152379360594,
        "layer3.1.conv1.0": 0.025333984021657114,
        "layer3.1.conv1.1.0": 0.0008906478757613828,
        "layer3.1.conv1.1.1": 3.29869583615327e-05,
        "layer3.1.conv1.1.2": 0.000938295704505819,
        "layer3.1.conv1.2": 0.025333984021657114,
        "layer3.1.conv2.0": 0.025333984021657114,
        "layer3.1.conv2.1.0": 0.0008906478757613828,
        "layer3.1.conv2.1.1": 3.29869583615327e-05,
        "layer3.1.conv2.1.2": 0.000938295704505819,
        "layer3.1.conv2.2": 0.025333984021657114,
        "layer4.0.conv1.0": 0.025333984021657114,
        "layer4.0.conv1.1.0": 0.0008906478757613828,
        "layer4.0.conv1.1.1": 8.246739590383176e-06,
        "layer4.0.conv1.1.2": 0.0004691478522529095,
        "layer4.0.conv1.2": 0.025309292029433276,
        "layer4.0.conv2.0": 0.025309292029433276,
        "layer4.0.conv2.1.0": 0.0004448898989548818,
        "layer4.0.conv2.1.1": 8.246739590383176e-06,
        "layer4.0.conv2.1.2": 0.0004691478522529095,
        "layer4.0.conv2.2": 0.025309292029433276,
        "layer4.0.downsample.0.0": 0.0005937652505075886,
        "layer4.0.downsample.0.1": 0.0012099076189680297,
        "layer4.1.conv1.0": 0.025309292029433276,
        "layer4.1.conv1.1.0": 0.0004448898989548818,
        "layer4.1.conv1.1.1": 8.246739590383176e-06,
        "layer4.1.conv1.1.2": 0.0004691478522529095,
        "layer4.1.conv1.2": 0.025309292029433276,
        "layer4.1.conv2.0": 0.025309292029433276,
        "layer4.1.conv2.1.0": 0.0004448898989548818,
        "layer4.1.conv2.1.1": 8.246739590383176e-06,
        "layer4.1.conv2.1.2": 0.0004691478522529095,
        "layer4.1.conv2.2": 0.025309292029433276,
        "fc": 0.0010083403355081331
    },
    "relative_params": {
        "conv1.0": 3.802534389170382e-06,
        "conv1.1.0": 3.802534389170382e-06,
        "conv1.1.1": 4.753167986462978e-05,
        "conv1.1.2": 8.112073363563482e-05,
        "conv1.2": 0.0013182119215790658,
        "layer1.0.conv1.0": 0.0013182119215790658,
        "layer1.0.conv1.1.0": 0.00018537355147205613,
        "layer1.0.conv1.1.1": 2.8519007918777866e-05,
        "layer1.0.conv1.1.2": 0.00020280183408908704,
        "layer1.0.conv1.2": 0.0013182119215790658,
        "layer1.0.conv2.0": 0.0013182119215790658,
        "layer1.0.conv2.1.0": 0.00018537355147205613,
        "layer1.0.conv2.1.1": 2.8519007918777866e-05,
        "layer1.0.conv2.1.2": 0.00020280183408908704,
        "layer1.0.conv2.2": 0.0013182119215790658,
        "layer1.1.conv1.0": 0.0013182119215790658,
        "layer1.1.conv1.1.0": 0.00018537355147205613,
        "layer1.1.conv1.1.1": 2.8519007918777866e-05,
        "layer1.1.conv1.1.2": 0.00020280183408908704,
        "layer1.1.conv1.2": 0.0013182119215790658,
        "layer1.1.conv2.0": 0.0013182119215790658,
        "layer1.1.conv2.1.0": 0.00018537355147205613,
        "layer1.1.conv2.1.1": 2.8519007918777866e-05,
        "layer1.1.conv2.1.2": 0.00020280183408908704,
        "layer1.1.conv2.2": 0.0013182119215790658,
        "layer2.0.conv1.0": 0.0013182119215790658,
        "layer2.0.conv1.1.0": 0.00018537355147205613,
        "layer2.0.conv1.1.1": 2.8519007918777866e-05,
        "layer2.0.conv1.1.2": 0.00040560366817817407,
        "layer2.0.conv1.2": 0.0052322873194984455,
        "layer2.0.conv2.0": 0.0052322873194984455,
        "layer2.0.conv2.1.0": 0.0003678952021522345,
        "layer2.0.conv2.1.1": 2.8519007918777866e-05,
        "layer2.0.conv2.1.2": 0.00040560366817817407,
        "layer2.0.conv2.2": 0.0052322873194984455,
        "layer2.0.downsample.0.0": 0.0004943294705921496,
        "layer2.0.downsample.0.1": 0.0010140091704454353,
        "layer2.1.conv1.0": 0.0052322873194984455,
        "layer2.1.conv1.1.0": 0.0003678952021522345,
        "layer2.1.conv1.1.1": 2.8519007918777866e-05,
        "layer2.1.conv1.1.2": 0.00040560366817817407,
        "layer2.1.conv1.2": 0.0052322873194984455,
        "layer2.1.conv2.0": 0.0052322873194984455,
        "layer2.1.conv2.1.0": 0.0003678952021522345,
        "layer2.1.conv2.1.1": 2.8519007918777866e-05,
        "layer2.1.conv2.1.2": 0.00040560366817817407,
        "layer2.1.conv2.2": 0.0052322873194984455,
        "layer3.0.conv1.0": 0.0052322873194984455,
        "layer3.0.conv1.1.0": 0.0003678952021522345,
        "layer3.0.conv1.1.1": 2.8519007918777866e-05,
        "layer3.0.conv1.1.2": 0.0008112073363563481,
        "layer3.0.conv1.2": 0.020848028544358146,
        "layer3.0.conv2.0": 0.020848028544358146,
        "layer3.0.conv2.1.0": 0.0007329385035125911,
        "layer3.0.conv2.1.1": 2.8519007918777866e-05,
        "layer3.0.conv2.1.2": 0.0008112073363563481,
        "layer3.0.conv2.2": 0.020848028544358146,
        "layer3.0.downsample.0.0": 0.0009810538724059586,
        "layer3.0.downsample.0.1": 0.0020280183408908706,
        "layer3.1.conv1.0": 0.020848028544358146,