{
    "total_flops": 212212944,
    "total_params": 695260,
    "relative_flops": {
        "conv1.0": 0.03310184509762986,
        "conv1.1": 0.11703866659519128,
        "conv1.2": 0.15510578845746564,
        "layer1.0.conv1.0": 0.03812623229994868,
        "layer1.0.conv1.1": 0.005615491579062208,
        "layer1.0.conv1.2": 0.03877644711436641,
        "layer1.0.conv2.0": 0.03812623229994868,
        "layer1.0.conv2.1": 0.005615491579062208,
        "layer1.0.conv2.2": 0.03877644711436641,
        "layer1.1.conv1.0": 0.03812623229994868,
        "layer1.1.conv1.1": 0.005615491579062208,
        "layer1.1.conv1.2": 0.03877644711436641,
        "layer1.1.conv2.0": 0.03812623229994868,
        "layer1.1.conv2.1": 0.005615491579062208,
        "layer1.1.conv2.2": 0.03877644711436641,
        "layer2.0.conv1.0": 0.03812623229994868,
        "layer2.0.conv1.1": 0.001403872894765552,
        "layer2.0.conv1.2": 0.019388223557183205,
        "layer2.0.conv2.0": 0.018989228102881416,
        "layer2.0.conv2.1": 0.001403872894765552,
        "layer2.0.conv2.2": 0.019388223557183205,
        "layer2.0.downsample.0.0": 0.00953155807498717,
        "layer2.0.downsample.0.1": 0.019388223557183205,
        "layer2.1.conv1.0": 0.018989228102881416,
        "layer2.1.conv1.1": 0.001403872894765552,
        "layer2.1.conv1.2": 0.019388223557183205,
        "layer2.1.conv2.0": 0.018989228102881416,
        "layer2.1.conv2.1": 0.001403872894765552,
        "layer2.1.conv2.2": 0.019388223557183205,
        "layer3.0.conv1.0": 0.018989228102881416,
        "layer3.0.conv1.1": 0.000350968223691388,
        "layer3.0.conv1.2": 0.009694111778591603,
        "layer3.0.conv2.0": 0.009476142039667476,
        "layer3.0.conv2.1": 0.000350968223691388,
        "layer3.0.conv2.2": 0.009694111778591603,
        "layer3.0.downsample.0.0": 0.004747307025720354,
        "layer3.0.downsample.0.1": 0.009694111778591603,
        "layer3.1.conv1.0": 0.009476142039667476,
        "layer3.1.conv1.1": 0.000350968223691388,
        "layer3.1.conv1.2": 0.009694111778591603,
        "layer3.1.conv2.0": 0.009476142039667476,
        "layer3.1.conv2.1": 0.000350968223691388,
        "layer3.1.conv2.2": 0.009694111778591603,
        "layer4.0.conv1.0": 0.009476142039667476,
        "layer4.0.conv1.1": 8.7742055922847e-05,
        "layer4.0.conv1.2": 0.004847055889295801,
        "layer4.0.conv2.0": 0.00473345301689043,
        "layer4.0.conv2.1": 8.7742055922847e-05,
        "layer4.0.conv2.2": 0.004847055889295801,
        "layer4.0.downsample.0.0": 0.002369035509916869,
        "layer4.0.downsample.0.1": 0.004847055889295801,
        "layer4.1.conv1.0": 0.00473345301689043,
        "layer4.1.conv1.1": 8.7742055922847e-05,
        "layer4.1.conv1.2": 0.004847055889295801,
        "layer4.1.conv2.0": 0.00473345301689043,
        "layer4.1.conv2.1": 8.7742055922847e-05,
        "layer4.1.conv2.2": 0.004847055889295801,
        "fc": 0.004827754521891935
    },
    "relative_params": {
        "conv1.0": 0.0001150648678192331,
        "conv1.1": 0.0014383108477404136,
        "conv1.2": 0.001933089779363116,
        "layer1.0.conv1.0": 0.0018698041020625378,
        "layer1.0.conv1.1": 0.0002876621695480827,
        "layer1.0.conv1.2": 0.001933089779363116,
        "layer1.0.conv2.0": 0.0018698041020625378,
        "layer1.0.conv2.1": 0.0002876621695480827,
        "layer1.0.conv2.2": 0.001933089779363116,
        "layer1.1.conv1.0": 0.0018698041020625378,
        "layer1.1.conv1.1": 0.0002876621695480827,
        "layer1.1.conv1.2": 0.001933089779363116,
        "layer1.1.conv2.0": 0.0018698041020625378,
        "layer1.1.conv2.1": 0.0002876621695480827,
        "layer1.1.conv2.2": 0.001933089779363116,
        "layer2.0.conv1.0": 0.0018698041020625378,
        "layer2.0.conv1.1": 0.0002876621695480827,
        "layer2.0.conv1.2": 0.003866179558726232,
        "layer2.0.conv2.0": 0.0037108419871702673,
        "layer2.0.conv2.1": 0.0002876621695480827,
        "layer2.0.conv2.2": 0.003866179558726232,
        "layer2.0.downsample.0.0": 0.0018698041020625378,
        "layer2.0.downsample.0.1": 0.003866179558726232,
        "layer2.1.conv1.0": 0.0037108419871702673,
        "layer2.1.conv1.1": 0.0002876621695480827,
        "layer2.1.conv1.2": 0.003866179558726232,
        "layer2.1.conv2.0": 0.0037108419871702673,
        "layer2.1.conv2.1": 0.0002876621695480827,
        "layer2.1.conv2.2": 0.003866179558726232,
        "layer3.0.conv1.0": 0.0037108419871702673,
        "layer3.0.conv1.1": 0.0002876621695480827,
        "layer3.0.conv1.2": 0.007732359117452464,
        "layer3.0.conv2.0": 0.007392917757385726,
        "layer3.0.conv2.1": 0.0002876621695480827,
        "layer3.0.conv2.2": 0.007732359117452464,
        "layer3.0.downsample.0.0": 0.0037108419871702673,
        "layer3.0.downsample.0.1": 0.007732359117452464,
        "layer3.1.conv1.0": 0.007392917757385726,
        "layer3.1.conv1.1": 0.0002876621695480827,
        "layer3.1.conv1.2": 0.007732359117452464,
        "layer3.1.conv2.0": 0.007392917757385726,
        "layer3.1.conv2.1": 0.0002876621695480827,
        "layer3.1.conv2.2": 0.007732359117452464,
        "layer4.0.conv1.0": 0.007392917757385726,
        "layer4.0.conv1.1": 0.0002876621695480827,
        "layer4.0.conv1.2": 0.015464718234904928,
        "layer4.0.conv2.0": 0.014757069297816644,
        "layer4.0.conv2.1": 0.0002876621695480827,
        "layer4.0.conv2.2": 0.015464718234904928,
        "layer4.0.downsample.0.0": 0.007392917757385726,
        "layer4.0.downsample.0.1": 0.015464718234904928,
        "layer4.1.conv1.0": 0.014757069297816644,
        "layer4.1.conv1.1": 0.0002876621695480827,
        "layer4.1.conv1.2": 0.015464718234904928,
        "layer4.1.conv2.0": 0.014757069297816644,
        "layer4.1.conv2.1": 0.0002876621695480827,
        "layer4.1.conv2.2": 0.015464718234904928,
        "fc": 0.7378534648908323
    }
}