{
    "total_flops": 243518652,
    "total_params": 721879,
    "relative_flops": {
        "conv1.0": 0.033173376797437266,
        "conv1.1": 0.11729158224808175,
        "conv1.2": 0.1549464556004523,
        "layer1.0.conv1.0": 0.03820862148990542,
        "layer1.0.conv1.1": 0.0056276264209938216,
        "layer1.0.conv1.2": 0.03873661390011308,
        "layer1.0.conv2.0": 0.03820862148990542,
        "layer1.0.conv2.1": 0.0056276264209938216,
        "layer1.0.conv2.2": 0.03873661390011308,
        "layer1.1.conv1.0": 0.03820862148990542,
        "layer1.1.conv1.1": 0.0056276264209938216,
        "layer1.1.conv1.2": 0.03873661390011308,
        "layer1.1.conv2.0": 0.03820862148990542,
        "layer1.1.conv2.1": 0.0056276264209938216,
        "layer1.1.conv2.2": 0.03873661390011308,
        "layer2.0.conv1.0": 0.03820862148990542,
        "layer2.0.conv1.1": 0.0014069066052484554,
        "layer2.0.conv1.2": 0.01936830695005654,
        "layer2.0.conv2.0": 0.019030263028887003,
        "layer2.0.conv2.1": 0.0014069066052484554,
        "layer2.0.conv2.2": 0.01936830695005654,
        "layer2.0.downsample.0.0": 0.009552155372476355,
        "layer2.0.downsample.0.1": 0.01936830695005654,
        "layer2.1.conv1.0": 0.019030263028887003,
        "layer2.1.conv1.1": 0.0014069066052484554,
        "layer2.1.conv1.2": 0.01936830695005654,
        "layer2.1.conv2.0": 0.019030263028887003,
        "layer2.1.conv2.1": 0.0014069066052484554,
        "layer2.1.conv2.2": 0.01936830695005654,
        "layer3.0.conv1.0": 0.019030263028887003,
        "layer3.0.conv1.1": 0.00035172665131211385,
        "layer3.0.conv1.2": 0.00968415347502827,
        "layer3.0.conv2.0": 0.009496619585427074,
        "layer3.0.conv2.1": 0.00035172665131211385,
        "layer3.0.conv2.2": 0.00968415347502827,
        "layer3.0.downsample.0.0": 0.004757565757221751,
        "layer3.0.downsample.0.1": 0.00968415347502827,
        "layer3.1.conv1.0": 0.009496619585427074,
        "layer3.1.conv1.1": 0.00035172665131211385,
        "layer3.1.conv1.2": 0.00968415347502827,
        "layer3.1.conv2.0": 0.009496619585427074,
        "layer3.1.conv2.1": 0.00035172665131211385,
        "layer3.1.conv2.2": 0.00968415347502827,
        "layer4.0.conv1.0": 0.009496619585427074,
        "layer4.0.conv1.1": 8.793166282802846e-05,
        "layer4.0.conv1.2": 0.004842076737514135,
        "layer4.0.conv2.0": 0.00474368181045943,
        "layer4.0.conv2.1": 8.793166282802846e-05,
        "layer4.0.conv2.2": 0.004842076737514135,
        "layer4.0.downsample.0.0": 0.0023741548963567686,
        "layer4.0.downsample.0.1": 0.004842076737514135,
        "layer4.1.conv1.0": 0.00474368181045943,
        "layer4.1.conv1.1": 8.793166282802846e-05,
        "layer4.1.conv1.2": 0.004842076737514135,
        "layer4.1.conv2.0": 0.00474368181045943,
        "layer4.1.conv2.1": 8.793166282802846e-05,
        "layer4.1.conv2.2": 0.004842076737514135,
        "fc": 0.004207119214835338
    },
    "relative_params": {
        "conv1.0": 0.0001274451812561385,
        "conv1.1": 0.0015930647657017311,
        "conv1.2": 0.0021277804174937905,
        "layer1.0.conv1.0": 0.0020709841954122507,
        "layer1.0.conv1.1": 0.00031861295314034624,
        "layer1.0.conv1.2": 0.0021277804174937905,
        "layer1.0.conv2.0": 0.0020709841954122507,
        "layer1.0.conv2.1": 0.00031861295314034624,
        "layer1.0.conv2.2": 0.0021277804174937905,
        "layer1.1.conv1.0": 0.0020709841954122507,
        "layer1.1.conv1.1": 0.00031861295314034624,
        "layer1.1.conv1.2": 0.0021277804174937905,
        "layer1.1.conv2.0": 0.0020709841954122507,
        "layer1.1.conv2.1": 0.00031861295314034624,
        "layer1.1.conv2.2": 0.0021277804174937905,
        "layer2.0.conv1.0": 0.0020709841954122507,
        "layer2.0.conv1.1": 0.00031861295314034624,
        "layer2.0.conv1.2": 0.004255560834987581,
        "layer2.0.conv2.0": 0.004110107095510467,
        "layer2.0.conv2.1": 0.00031861295314034624,
        "layer2.0.conv2.2": 0.004255560834987581,
        "layer2.0.downsample.0.0": 0.0020709841954122507,
        "layer2.0.downsample.0.1": 0.004255560834987581,
        "layer2.1.conv1.0": 0.004110107095510467,
        "layer2.1.conv1.1": 0.00031861295314034624,
        "layer2.1.conv1.2": 0.004255560834987581,
        "layer2.1.conv2.0": 0.004110107095510467,
        "layer2.1.conv2.1": 0.00031861295314034624,
        "layer2.1.conv2.2": 0.004255560834987581,
        "layer3.0.conv1.0": 0.004110107095510467,
        "layer3.0.conv1.1": 0.00031861295314034624,
        "layer3.0.conv1.2": 0.008511121669975162,
        "layer3.0.conv2.0": 0.008188352895706899,
        "layer3.0.conv2.1": 0.00031861295314034624,
        "layer3.0.conv2.2": 0.008511121669975162,
        "layer3.0.downsample.0.0": 0.004110107095510467,
        "layer3.0.downsample.0.1": 0.008511121669975162,
        "layer3.1.conv1.0": 0.008188352895706899,
        "layer3.1.conv1.1": 0.00031861295314034624,
        "layer3.1.conv1.2": 0.008511121669975162,
        "layer3.1.conv2.0": 0.008188352895706899,
        "layer3.1.conv2.1": 0.00031861295314034624,
        "layer3.1.conv2.2": 0.008511121669975162,
        "layer4.0.conv1.0": 0.008188352895706899,
        "layer4.0.conv1.1": 0.00031861295314034624,
        "layer4.0.conv1.2": 0.017022243339950324,
        "layer4.0.conv2.0": 0.016344844496099763,
        "layer4.0.conv2.1": 0.00031861295314034624,
        "layer4.0.conv2.2": 0.017022243339950324,
        "layer4.0.downsample.0.0": 0.008188352895706899,
        "layer4.0.downsample.0.1": 0.017022243339950324,
        "layer4.1.conv1.0": 0.016344844496099763,
        "layer4.1.conv1.1": 0.00031861295314034624,
        "layer4.1.conv1.2": 0.017022243339950324,
        "layer4.1.conv2.0": 0.016344844496099763,
        "layer4.1.conv2.1": 0.00031861295314034624,
        "layer4.1.conv2.2": 0.017022243339950324,
        "fc": 0.7106454128739027
    }
}