{
    "total_flops": 1007591871,
    "total_params": 3134238,
    "relative_flops": {
        "conv1.0": 0.001045756749659208,
        "conv1.1.0": 0.001045756749659208,
        "conv1.1.1": 0.0036974970791521997,
        "conv1.1.2": 0.005577369331515776,
        "conv1.2": 0.10278294910936216,
        "layer1.0.conv1.0": 0.02569573727734054,
        "layer1.0.conv1.1.0": 0.0036134630546260133,
        "layer1.0.conv1.1.1": 0.0005322154886658469,
        "layer1.0.conv1.1.2": 0.003784643474957134,
        "layer1.0.conv1.2": 0.02569573727734054,
        "layer1.0.conv2.0": 0.02569573727734054,
        "layer1.0.conv2.1.0": 0.0036134630546260133,
        "layer1.0.conv2.1.1": 0.0005322154886658469,
        "layer1.0.conv2.1.2": 0.003784643474957134,
        "layer1.0.conv2.2": 0.02569573727734054,
        "layer1.1.conv1.0": 0.02569573727734054,
        "layer1.1.conv1.1.0": 0.0036134630546260133,
        "layer1.1.conv1.1.1": 0.0005322154886658469,
        "layer1.1.conv1.1.2": 0.003784643474957134,
        "layer1.1.conv1.2": 0.02569573727734054,
        "layer1.1.conv2.0": 0.02569573727734054,
        "layer1.1.conv2.1.0": 0.0036134630546260133,
        "layer1.1.conv2.1.1": 0.0005322154886658469,
        "layer1.1.conv2.1.2": 0.003784643474957134,
        "layer1.1.conv2.2": 0.02569573727734054,
        "layer2.0.conv1.0": 0.02569573727734054,
        "layer2.0.conv1.1.0": 0.0036134630546260133,
        "layer2.0.conv1.1.1": 0.00013305387216646172,
        "layer2.0.conv1.1.2": 0.001892321737478567,
        "layer2.0.conv1.2": 0.025596141396420614,
        "layer2.0.conv2.0": 0.025596141396420614,
        "layer2.0.conv2.1.0": 0.0017997286919358244,
        "layer2.0.conv2.1.1": 0.00013305387216646172,
        "layer2.0.conv2.1.2": 0.001892321737478567,
        "layer2.0.conv2.2": 0.025596141396420614,
        "layer2.0.downsample.0.0": 0.0008029917899168918,
        "layer2.0.downsample.0.1": 0.0016931299756387176,
        "layer2.1.conv1.0": 0.025596141396420614,
        "layer2.1.conv1.1.0": 0.0017997286919358244,
        "layer2.1.conv1.1.1": 0.00013305387216646172,
        "layer2.1.conv1.1.2": 0.001892321737478567,
        "layer2.1.conv1.2": 0.025596141396420614,
        "layer2.1.conv2.0": 0.025596141396420614,
        "layer2.1.conv2.1.0": 0.0017997286919358244,
        "layer2.1.conv2.1.1": 0.00013305387216646172,
        "layer2.1.conv2.1.2": 0.001892321737478567,
        "layer2.1.conv2.2": 0.025596141396420614,
        "layer3.0.conv1.0": 0.025596141396420614,
        "layer3.0.conv1.1.0": 0.0017997286919358244,
        "layer3.0.conv1.1.1": 3.326346804161543e-05,
        "layer3.0.conv1.1.2": 0.0009461608687392835,
        "layer3.0.conv1.2": 0.025546343455960654,
        "layer3.0.conv2.0": 0.025546343455960654,
        "layer3.0.conv2.1.0": 0.0008981136371236166,
        "layer3.0.conv2.1.1": 3.326346804161543e-05,
        "layer3.0.conv2.1.2": 0.0009461608687392835,
        "layer3.0.conv2.2": 0.025546343455960654,
        "layer3.0.downsample.0.0": 0.0003999397093190721,
        "layer3.0.downsample.0.1": 0.0008465649878193588,
        "layer3.1.conv1.0": 0.025546343455960654,
        "layer3.1.conv1.1.0": 0.0008981136371236166,
        "layer3.1.conv1.1.1": 3.326346804161543e-05,
        "layer3.1.conv1.1.2": 0.0009461608687392835,
        "layer3.1.conv1.2": 0.025546343455960654,
        "layer3.1.conv2.0": 0.025546343455960654,
        "layer3.1.conv2.1.0": 0.0008981136371236166,
        "layer3.1.conv2.1.1": 3.326346804161543e-05,
        "layer3.1.conv2.1.2": 0.0009461608687392835,
        "layer3.1.conv2.2": 0.025546343455960654,
        "layer4.0.conv1.0": 0.025546343455960654,
        "layer4.0.conv1.1.0": 0.0008981136371236166,
        "layer4.0.conv1.1.1": 8.315867010403858e-06,
        "layer4.0.conv1.1.2": 0.0004730804343696417,
        "layer4.0.conv1.2": 0.02552144448573067,
        "layer4.0.conv2.0": 0.02552144448573067,
        "layer4.0.conv2.1.0": 0.0004486191413507345,
        "layer4.0.conv2.1.1": 8.315867010403858e-06,
        "layer4.0.conv2.1.2": 0.0004730804343696417,
        "layer4.0.conv2.2": 0.02552144448573067,
        "layer4.0.downsample.0.0": 0.0001995808082496926,
        "layer4.0.downsample.0.1": 0.0004232824939096794,
        "layer4.1.conv1.0": 0.02552144448573067,
        "layer4.1.conv1.1.0": 0.0004486191413507345,
        "layer4.1.conv1.1.1": 8.315867010403858e-06,
        "layer4.1.conv1.1.2": 0.0004730804343696417,
        "layer4.1.conv1.2": 0.02552144448573067,
        "layer4.1.conv2.0": 0.02552144448573067,
        "layer4.1.conv2.1.0": 0.0004486191413507345,
        "layer4.1.conv2.1.1": 8.315867010403858e-06,
        "layer4.1.conv2.1.2": 0.0004730804343696417,
        "layer4.1.conv2.2": 0.02552144448573067,
        "fc": 0.0010167926414324953
    },
    "relative_params": {
        "conv1.0": 3.828681803998292e-06,
        "conv1.1.0": 3.828681803998292e-06,
        "conv1.1.1": 4.785852254997866e-05,
        "conv1.1.2": 8.167854515196357e-05,
        "conv1.2": 0.001327276358719408,
        "layer1.0.conv1.0": 0.001327276358719408,
        "layer1.0.conv1.1.0": 0.00018664823794491676,
        "layer1.0.conv1.1.1": 2.871511352998719e-05,
        "layer1.0.conv1.1.2": 0.00020419636287990892,
        "layer1.0.conv1.2": 0.001327276358719408,
        "layer1.0.conv2.0": 0.001327276358719408,
        "layer1.0.conv2.1.0": 0.00018664823794491676,
        "layer1.0.conv2.1.1": 2.871511352998719e-05,
        "layer1.0.conv2.1.2": 0.00020419636287990892,
        "layer1.0.conv2.2": 0.001327276358719408,
        "layer1.1.conv1.0": 0.001327276358719408,
        "layer1.1.conv1.1.0": 0.00018664823794491676,
        "layer1.1.conv1.1.1": 2.871511352998719e-05,
        "layer1.1.conv1.1.2": 0.00020419636287990892,
        "layer1.1.conv1.2": 0.001327276358719408,
        "layer1.1.conv2.0": 0.001327276358719408,
        "layer1.1.conv2.1.0": 0.00018664823794491676,
        "layer1.1.conv2.1.1": 2.871511352998719e-05,
        "layer1.1.conv2.1.2": 0.00020419636287990892,
        "layer1.1.conv2.2": 0.001327276358719408,
        "layer2.0.conv1.0": 0.001327276358719408,
        "layer2.0.conv1.1.0": 0.00018664823794491676,
        "layer2.0.conv1.1.1": 2.871511352998719e-05,
        "layer2.0.conv1.1.2": 0.00040839272575981785,
        "layer2.0.conv1.2": 0.00526826616230165,
        "layer2.0.conv2.0": 0.00526826616230165,
        "layer2.0.conv2.1.0": 0.0003704249645368348,
        "layer2.0.conv2.1.1": 2.871511352998719e-05,
        "layer2.0.conv2.1.2": 0.00040839272575981785,
        "layer2.0.conv2.2": 0.00526826616230165,
        "layer2.0.downsample.0.0": 0.000165909544839926,
        "layer2.0.downsample.0.1": 0.00036755345318383606,
        "layer2.1.conv1.0": 0.00526826616230165,
        "layer2.1.conv1.1.0": 0.0003704249645368348,
        "layer2.1.conv1.1.1": 2.871511352998719e-05,
        "layer2.1.conv1.1.2": 0.00040839272575981785,
        "layer2.1.conv1.2": 0.00526826616230165,
        "layer2.1.conv2.0": 0.00526826616230165,
        "layer2.1.conv2.1.0": 0.0003704249645368348,
        "layer2.1.conv2.1.1": 2.871511352998719e-05,
        "layer2.1.conv2.1.2": 0.00040839272575981785,
        "layer2.1.conv2.2": 0.00526826616230165,
        "layer3.0.conv1.0": 0.00526826616230165,
        "layer3.0.conv1.1.0": 0.0003704249645368348,
        "layer3.0.conv1.1.1": 2.871511352998719e-05,
        "layer3.0.conv1.1.2": 0.0008167854515196357,
        "layer3.0.conv1.2": 0.020991386104054637,
        "layer3.0.conv2.0": 0.020991386104054637,
        "layer3.0.conv2.1.0": 0.0007379784177206709,
        "layer3.0.conv2.1.1": 2.871511352998719e-05,
        "layer3.0.conv2.1.2": 0.0008167854515196357,
        "layer3.0.conv2.2": 0.020991386104054637,
        "layer3.0.downsample.0.0": 0.00032926663514385314,
        "layer3.0.downsample.0.1": 0.0007351069063676721,
        "layer3.1.conv1.0": 0.020991386104054637,
        "layer3.1.conv1.1.0": 0.0007379784177206709,