{
    "total_flops": 128731056,
    "total_params": 624276,
    "relative_flops": {
        "conv1.0": 0.03274100384914111,
        "conv1.1": 0.11576283503803464,
        "conv1.2": 0.1559095421387672,
        "layer1.0.conv1.0": 0.037710620504814316,
        "layer1.0.conv1.1": 0.005554277438693581,
        "layer1.0.conv1.2": 0.0389773855346918,
        "layer1.0.conv2.0": 0.037710620504814316,
        "layer1.0.conv2.1": 0.005554277438693581,
        "layer1.0.conv2.2": 0.0389773855346918,
        "layer1.1.conv1.0": 0.037710620504814316,
        "layer1.1.conv1.1": 0.005554277438693581,
        "layer1.1.conv1.2": 0.0389773855346918,
        "layer1.1.conv2.0": 0.037710620504814316,
        "layer1.1.conv2.1": 0.005554277438693581,
        "layer1.1.conv2.2": 0.0389773855346918,
        "layer2.0.conv1.0": 0.037710620504814316,
        "layer2.0.conv1.1": 0.0013885693596733953,
        "layer2.0.conv1.2": 0.0194886927673459,
        "layer2.0.conv2.0": 0.01878222765452961,
        "layer2.0.conv2.1": 0.0013885693596733953,
        "layer2.0.conv2.2": 0.0194886927673459,
        "layer2.0.downsample.0.0": 0.009427655126203579,
        "layer2.0.downsample.0.1": 0.0194886927673459,
        "layer2.1.conv1.0": 0.01878222765452961,
        "layer2.1.conv1.1": 0.0013885693596733953,
        "layer2.1.conv1.2": 0.0194886927673459,
        "layer2.1.conv2.0": 0.01878222765452961,
        "layer2.1.conv2.1": 0.0013885693596733953,
        "layer2.1.conv2.2": 0.0194886927673459,
        "layer3.0.conv1.0": 0.01878222765452961,
        "layer3.0.conv1.1": 0.00034714233991834883,
        "layer3.0.conv1.2": 0.00974434638367295,
        "layer3.0.conv2.0": 0.00937284317779542,
        "layer3.0.conv2.1": 0.00034714233991834883,
        "layer3.0.conv2.2": 0.00974434638367295,
        "layer3.0.downsample.0.0": 0.004695556913632402,
        "layer3.0.downsample.0.1": 0.00974434638367295,
        "layer3.1.conv1.0": 0.00937284317779542,
        "layer3.1.conv1.1": 0.00034714233991834883,
        "layer3.1.conv1.2": 0.00974434638367295,
        "layer3.1.conv2.0": 0.00937284317779542,
        "layer3.1.conv2.1": 0.00034714233991834883,
        "layer3.1.conv2.2": 0.00974434638367295,
        "layer4.0.conv1.0": 0.00937284317779542,
        "layer4.0.conv1.1": 8.678558497958721e-05,
        "layer4.0.conv1.2": 0.004872173191836475,
        "layer4.0.conv2.0": 0.0046818539265303626,
        "layer4.0.conv2.1": 8.678558497958721e-05,
        "layer4.0.conv2.2": 0.004872173191836475,
        "layer4.0.downsample.0.0": 0.002343210794448855,
        "layer4.0.downsample.0.1": 0.004872173191836475,
        "layer4.1.conv1.0": 0.0046818539265303626,
        "layer4.1.conv1.1": 8.678558497958721e-05,
        "layer4.1.conv1.2": 0.004872173191836475,
        "layer4.1.conv2.0": 0.0046818539265303626,
        "layer4.1.conv2.1": 8.678558497958721e-05,
        "layer4.1.conv2.2": 0.004872173191836475,
        "fc": 0.007958545760705949
    },
    "relative_params": {
        "conv1.0": 7.688906829671491e-05,
        "conv1.1": 0.0009611133537089365,
        "conv1.2": 0.001332743850476392,
        "layer1.0.conv1.0": 0.0012494473598216173,
        "layer1.0.conv1.1": 0.00019222267074178728,
        "layer1.0.conv1.2": 0.001332743850476392,
        "layer1.0.conv2.0": 0.0012494473598216173,
        "layer1.0.conv2.1": 0.00019222267074178728,
        "layer1.0.conv2.2": 0.001332743850476392,
        "layer1.1.conv1.0": 0.0012494473598216173,
        "layer1.1.conv1.1": 0.00019222267074178728,
        "layer1.1.conv1.2": 0.001332743850476392,
        "layer1.1.conv2.0": 0.0012494473598216173,
        "layer1.1.conv2.1": 0.00019222267074178728,
        "layer1.1.conv2.2": 0.001332743850476392,
        "layer2.0.conv1.0": 0.0012494473598216173,
        "layer2.0.conv1.1": 0.00019222267074178728,
        "layer2.0.conv1.2": 0.002665487700952784,
        "layer2.0.conv2.0": 0.002479672452569056,
        "layer2.0.conv2.1": 0.00019222267074178728,
        "layer2.0.conv2.2": 0.002665487700952784,
        "layer2.0.downsample.0.0": 0.0012494473598216173,
        "layer2.0.downsample.0.1": 0.002665487700952784,
        "layer2.1.conv1.0": 0.002479672452569056,
        "layer2.1.conv1.1": 0.00019222267074178728,
        "layer2.1.conv1.2": 0.002665487700952784,
        "layer2.1.conv2.0": 0.002479672452569056,
        "layer2.1.conv2.1": 0.00019222267074178728,
        "layer2.1.conv2.2": 0.002665487700952784,
        "layer3.0.conv1.0": 0.002479672452569056,
        "layer3.0.conv1.1": 0.00019222267074178728,
        "layer3.0.conv1.2": 0.005330975401905568,
        "layer3.0.conv2.0": 0.004940122638063933,
        "layer3.0.conv2.1": 0.00019222267074178728,
        "layer3.0.conv2.2": 0.005330975401905568,
        "layer3.0.downsample.0.0": 0.002479672452569056,
        "layer3.0.downsample.0.1": 0.005330975401905568,
        "layer3.1.conv1.0": 0.004940122638063933,
        "layer3.1.conv1.1": 0.00019222267074178728,
        "layer3.1.conv1.2": 0.005330975401905568,
        "layer3.1.conv2.0": 0.004940122638063933,
        "layer3.1.conv2.1": 0.00019222267074178728,
        "layer3.1.conv2.2": 0.005330975401905568,
        "layer4.0.conv1.0": 0.004940122638063933,
        "layer4.0.conv1.1": 0.00019222267074178728,
        "layer4.0.conv1.2": 0.010661950803811136,
        "layer4.0.conv2.0": 0.009861023009053688,
        "layer4.0.conv2.1": 0.00019222267074178728,
        "layer4.0.conv2.2": 0.010661950803811136,
        "layer4.0.downsample.0.0": 0.004940122638063933,
        "layer4.0.downsample.0.1": 0.010661950803811136,
        "layer4.1.conv1.0": 0.009861023009053688,
        "layer4.1.conv1.1": 0.00019222267074178728,
        "layer4.1.conv1.2": 0.010661950803811136,
        "layer4.1.conv2.0": 0.009861023009053688,
        "layer4.1.conv2.1": 0.00019222267074178728,
        "layer4.1.conv2.2": 0.010661950803811136,
        "fc": 0.8217519174211406
    }
}