{
    "total_flops": 1018149411,
    "total_params": 3161178,
    "relative_flops": {
        "conv1.0": 0.0010349129397080208,
        "conv1.1.0": 0.0010349129397080208,
        "conv1.1.1": 0.0036591564653962166,
        "conv1.1.2": 0.005519535678442778,
        "conv1.2": 0.10171715750273119,
        "layer1.0.conv1.0": 0.025429289375682798,
        "layer1.0.conv1.1.0": 0.0035759938184553937,
        "layer1.0.conv1.1.1": 0.0005266967639585464,
        "layer1.0.conv1.1.2": 0.0037453992103718852,
        "layer1.0.conv1.2": 0.025429289375682798,
        "layer1.0.conv2.0": 0.025429289375682798,
        "layer1.0.conv2.1.0": 0.0035759938184553937,
        "layer1.0.conv2.1.1": 0.0005266967639585464,
        "layer1.0.conv2.1.2": 0.0037453992103718852,
        "layer1.0.conv2.2": 0.025429289375682798,
        "layer1.1.conv1.0": 0.025429289375682798,
        "layer1.1.conv1.1.0": 0.0035759938184553937,
        "layer1.1.conv1.1.1": 0.0005266967639585464,
        "layer1.1.conv1.1.2": 0.0037453992103718852,
        "layer1.1.conv1.2": 0.025429289375682798,
        "layer1.1.conv2.0": 0.025429289375682798,
        "layer1.1.conv2.1.0": 0.0035759938184553937,
        "layer1.1.conv2.1.1": 0.0005266967639585464,
        "layer1.1.conv2.1.2": 0.0037453992103718852,
        "layer1.1.conv2.2": 0.025429289375682798,
        "layer2.0.conv1.0": 0.025429289375682798,
        "layer2.0.conv1.1.0": 0.0035759938184553937,
        "layer2.0.conv1.1.1": 0.0001316741909896366,
        "layer2.0.conv1.1.2": 0.0018726996051859426,
        "layer2.0.conv1.2": 0.02533072623856775,
        "layer2.0.conv2.0": 0.02533072623856775,
        "layer2.0.conv2.1.0": 0.001781066688649295,
        "layer2.0.conv2.1.1": 0.0001316741909896366,
        "layer2.0.conv2.1.2": 0.0018726996051859426,
        "layer2.0.conv2.2": 0.02533072623856775,
        "layer2.0.downsample.0.0": 0.0027813285254653063,
        "layer2.0.downsample.0.1": 0.005618098815557828,
        "layer2.1.conv1.0": 0.02533072623856775,
        "layer2.1.conv1.1.0": 0.001781066688649295,
        "layer2.1.conv1.1.1": 0.0001316741909896366,
        "layer2.1.conv1.1.2": 0.0018726996051859426,
        "layer2.1.conv1.2": 0.02533072623856775,
        "layer2.1.conv2.0": 0.02533072623856775,
        "layer2.1.conv2.1.0": 0.001781066688649295,
        "layer2.1.conv2.1.1": 0.0001316741909896366,
        "layer2.1.conv2.1.2": 0.0018726996051859426,
        "layer2.1.conv2.2": 0.02533072623856775,
        "layer3.0.conv1.0": 0.02533072623856775,
        "layer3.0.conv1.1.0": 0.001781066688649295,
        "layer3.0.conv1.1.1": 3.291854774740915e-05,
        "layer3.0.conv1.1.2": 0.0009363498025929713,
        "layer3.0.conv1.2": 0.025281444670010225,
        "layer3.0.conv2.0": 0.025281444670010225,
        "layer3.0.conv2.1.0": 0.000888800789180047,
        "layer3.0.conv2.1.1": 3.291854774740915e-05,
        "layer3.0.conv2.1.2": 0.0009363498025929713,
        "layer3.0.conv2.2": 0.025281444670010225,
        "layer3.0.downsample.0.0": 0.0013852740911716739,
        "layer3.0.downsample.0.1": 0.002809049407778914,
        "layer3.1.conv1.0": 0.025281444670010225,
        "layer3.1.conv1.1.0": 0.000888800789180047,
        "layer3.1.conv1.1.1": 3.291854774740915e-05,
        "layer3.1.conv1.1.2": 0.0009363498025929713,
        "layer3.1.conv1.2": 0.025281444670010225,
        "layer3.1.conv2.0": 0.025281444670010225,
        "layer3.1.conv2.1.0": 0.000888800789180047,
        "layer3.1.conv2.1.1": 3.291854774740915e-05,
        "layer3.1.conv2.1.2": 0.0009363498025929713,
        "layer3.1.conv2.2": 0.025281444670010225,
        "layer4.0.conv1.0": 0.025281444670010225,
        "layer4.0.conv1.1.0": 0.000888800789180047,
        "layer4.0.conv1.1.1": 8.229636936852287e-06,
        "layer4.0.conv1.1.2": 0.00046817490129648565,
        "layer4.0.conv1.2": 0.02525680388573146,
        "layer4.0.conv2.0": 0.02525680388573146,
        "layer4.0.conv2.1.0": 0.0004439672558038734,
        "layer4.0.conv2.1.1": 8.229636936852287e-06,
        "layer4.0.conv2.1.2": 0.00046817490129648565,
        "layer4.0.conv2.2": 0.02525680388573146,
        "layer4.0.downsample.0.0": 0.0006912895026955921,
        "layer4.0.downsample.0.1": 0.001404524703889457,
        "layer4.1.conv1.0": 0.02525680388573146,
        "layer4.1.conv1.1.0": 0.0004439672558038734,
        "layer4.1.conv1.1.1": 8.229636936852287e-06,
        "layer4.1.conv1.1.2": 0.00046817490129648565,
        "layer4.1.conv1.2": 0.02525680388573146,
        "layer4.1.conv2.0": 0.02525680388573146,
        "layer4.1.conv2.1.0": 0.0004439672558038734,
        "layer4.1.conv2.1.1": 8.229636936852287e-06,
        "layer4.1.conv2.1.2": 0.00046817490129648565,
        "layer4.1.conv2.2": 0.02525680388573146,
        "fc": 0.0010062491702408892
    },
    "relative_params": {
        "conv1.0": 3.7960532434427927e-06,
        "conv1.1.0": 3.7960532434427927e-06,
        "conv1.1.1": 4.74506655430349e-05,
        "conv1.1.2": 8.098246919344624e-05,
        "conv1.2": 0.0013159651243935015,
        "layer1.0.conv1.0": 0.0013159651243935015,
        "layer1.0.conv1.1.0": 0.00018505759561783614,
        "layer1.0.conv1.1.1": 2.8470399325820945e-05,
        "layer1.0.conv1.1.2": 0.0002024561729836156,
        "layer1.0.conv1.2": 0.0013159651243935015,
        "layer1.0.conv2.0": 0.0013159651243935015,
        "layer1.0.conv2.1.0": 0.00018505759561783614,
        "layer1.0.conv2.1.1": 2.8470399325820945e-05,
        "layer1.0.conv2.1.2": 0.0002024561729836156,
        "layer1.0.conv2.2": 0.0013159651243935015,
        "layer1.1.conv1.0": 0.0013159651243935015,
        "layer1.1.conv1.1.0": 0.00018505759561783614,
        "layer1.1.conv1.1.1": 2.8470399325820945e-05,
        "layer1.1.conv1.1.2": 0.0002024561729836156,
        "layer1.1.conv1.2": 0.0013159651243935015,
        "layer1.1.conv2.0": 0.0013159651243935015,
        "layer1.1.conv2.1.0": 0.00018505759561783614,
        "layer1.1.conv2.1.1": 2.8470399325820945e-05,
        "layer1.1.conv2.1.2": 0.0002024561729836156,
        "layer1.1.conv2.2": 0.0013159651243935015,
        "layer2.0.conv1.0": 0.0013159651243935015,
        "layer2.0.conv1.1.0": 0.00018505759561783614,
        "layer2.0.conv1.1.1": 2.8470399325820945e-05,
        "layer2.0.conv1.1.2": 0.0004049123459672312,
        "layer2.0.conv1.2": 0.005223369262977283,
        "layer2.0.conv2.0": 0.005223369262977283,
        "layer2.0.conv2.1.0": 0.0003672681513030902,
        "layer2.0.conv2.1.1": 2.8470399325820945e-05,
        "layer2.0.conv2.1.2": 0.0004049123459672312,
        "layer2.0.conv2.2": 0.005223369262977283,
        "layer2.0.downsample.0.0": 0.0005757347419221569,
        "layer2.0.downsample.0.1": 0.0011742458033049705,
        "layer2.1.conv1.0": 0.005223369262977283,
        "layer2.1.conv1.1.0": 0.0003672681513030902,
        "layer2.1.conv1.1.1": 2.8470399325820945e-05,
        "layer2.1.conv1.1.2": 0.0004049123459672312,
        "layer2.1.conv1.2": 0.005223369262977283,
        "layer2.1.conv2.0": 0.005223369262977283,
        "layer2.1.conv2.1.0": 0.0003672681513030902,
        "layer2.1.conv2.1.1": 2.8470399325820945e-05,
        "layer2.1.conv2.1.2": 0.0004049123459672312,
        "layer2.1.conv2.2": 0.005223369262977283,
        "layer3.0.conv1.0": 0.005223369262977283,
        "layer3.0.conv1.1.0": 0.0003672681513030902,
        "layer3.0.conv1.1.1": 2.8470399325820945e-05,
        "layer3.0.conv1.1.2": 0.0008098246919344624,
        "layer3.0.conv1.2": 0.020812494582715686,
        "layer3.0.conv2.0": 0.020812494582715686,
        "layer3.0.conv2.1.0": 0.0007316892626735983,
        "layer3.0.conv2.1.1": 2.8470399325820945e-05,
        "layer3.0.conv2.1.2": 0.0008098246919344624,
        "layer3.0.conv2.2": 0.020812494582715686,
        "layer3.0.downsample.0.0": 0.0011426120262762805,
        "layer3.0.downsample.0.1": 0.002348491606609941,
        "layer3.1.conv1.0": 0.020812494582715686,