{
    "total_flops": 1003896732,
    "total_params": 3124809,
    "relative_flops": {
        "conv1.0": 0.0010496059668416173,
        "conv1.1.0": 0.0010496059668416173,
        "conv1.1.1": 0.003711106811332861,
        "conv1.1.2": 0.0055978984898219595,
        "conv1.2": 0.1031612721695761,
        "layer1.0.conv1.0": 0.025790318042394025,
        "layer1.0.conv1.1.0": 0.00362676347471166,
        "layer1.0.conv1.1.1": 0.0005341744652676088,
        "layer1.0.conv1.1.2": 0.0037985739752363296,
        "layer1.0.conv1.2": 0.025790318042394025,
        "layer1.0.conv2.0": 0.025790318042394025,
        "layer1.0.conv2.1.0": 0.00362676347471166,
        "layer1.0.conv2.1.1": 0.0005341744652676088,
        "layer1.0.conv2.1.2": 0.0037985739752363296,
        "layer1.0.conv2.2": 0.025790318042394025,
        "layer1.1.conv1.0": 0.025790318042394025,
        "layer1.1.conv1.1.0": 0.00362676347471166,
        "layer1.1.conv1.1.1": 0.0005341744652676088,
        "layer1.1.conv1.1.2": 0.0037985739752363296,
        "layer1.1.conv1.2": 0.025790318042394025,
        "layer1.1.conv2.0": 0.025790318042394025,
        "layer1.1.conv2.1.0": 0.00362676347471166,
        "layer1.1.conv2.1.1": 0.0005341744652676088,
        "layer1.1.conv2.1.2": 0.0037985739752363296,
        "layer1.1.conv2.2": 0.025790318042394025,
        "layer2.0.conv1.0": 0.025790318042394025,
        "layer2.0.conv1.1.0": 0.00362676347471166,
        "layer2.0.conv1.1.1": 0.0001335436163169022,
        "layer2.0.conv1.1.2": 0.0018992869876181648,
        "layer2.0.conv1.2": 0.02569035556936149,
        "layer2.0.conv2.0": 0.02569035556936149,
        "layer2.0.conv2.1.0": 0.0018063531259707298,
        "layer2.0.conv2.1.1": 0.0001335436163169022,
        "layer2.0.conv2.1.2": 0.0018992869876181648,
        "layer2.0.conv2.2": 0.02569035556936149,
        "layer2.0.downsample.0.0": 0.00010074342985310166,
        "layer2.0.downsample.0.1": 0.00029988741909760497,
        "layer2.1.conv1.0": 0.02569035556936149,
        "layer2.1.conv1.1.0": 0.0018063531259707298,
        "layer2.1.conv1.1.1": 0.0001335436163169022,
        "layer2.1.conv1.1.2": 0.0018992869876181648,
        "layer2.1.conv1.2": 0.02569035556936149,
        "layer2.1.conv2.0": 0.02569035556936149,
        "layer2.1.conv2.1.0": 0.0018063531259707298,
        "layer2.1.conv2.1.1": 0.0001335436163169022,
        "layer2.1.conv2.1.2": 0.0018992869876181648,
        "layer2.1.conv2.2": 0.02569035556936149,
        "layer3.0.conv1.0": 0.02569035556936149,
        "layer3.0.conv1.1.0": 0.0018063531259707298,
        "layer3.0.conv1.1.1": 3.338590407922555e-05,
        "layer3.0.conv1.1.2": 0.0009496434938090824,
        "layer3.0.conv1.2": 0.025640374332845224,
        "layer3.0.conv2.0": 0.025640374332845224,
        "layer3.0.conv2.1.0": 0.0009014194101390899,
        "layer3.0.conv2.1.1": 3.338590407922555e-05,
        "layer3.0.conv2.1.2": 0.0009496434938090824,
        "layer3.0.conv2.2": 0.025640374332845224,
        "layer3.0.downsample.0.0": 5.017647572140916e-05,
        "layer3.0.downsample.0.1": 0.00014994370954880248,
        "layer3.1.conv1.0": 0.025640374332845224,
        "layer3.1.conv1.1.0": 0.0009014194101390899,
        "layer3.1.conv1.1.1": 3.338590407922555e-05,
        "layer3.1.conv1.1.2": 0.0009496434938090824,
        "layer3.1.conv1.2": 0.025640374332845224,
        "layer3.1.conv2.0": 0.025640374332845224,
        "layer3.1.conv2.1.0": 0.0009014194101390899,
        "layer3.1.conv2.1.1": 3.338590407922555e-05,
        "layer3.1.conv2.1.2": 0.0009496434938090824,
        "layer3.1.conv2.2": 0.025640374332845224,
        "layer4.0.conv1.0": 0.025640374332845224,
        "layer4.0.conv1.1.0": 0.0009014194101390899,
        "layer4.0.conv1.1.1": 8.346476019806388e-06,
        "layer4.0.conv1.1.2": 0.0004748217469045412,
        "layer4.0.conv1.2": 0.02561538371458709,
        "layer4.0.conv2.0": 0.02561538371458709,
        "layer4.0.conv2.1.0": 0.0004502704168579762,
        "layer4.0.conv2.1.1": 8.346476019806388e-06,
        "layer4.0.conv2.1.2": 0.0004748217469045412,
        "layer4.0.conv2.2": 0.02561538371458709,
        "layer4.0.downsample.0.0": 2.5039428059419164e-05,
        "layer4.0.downsample.0.1": 7.497185477440124e-05,
        "layer4.1.conv1.0": 0.02561538371458709,
        "layer4.1.conv1.1.0": 0.0004502704168579762,
        "layer4.1.conv1.1.1": 8.346476019806388e-06,
        "layer4.1.conv1.1.2": 0.0004748217469045412,
        "layer4.1.conv1.2": 0.02561538371458709,
        "layer4.1.conv2.0": 0.02561538371458709,
        "layer4.1.conv2.1.0": 0.0004502704168579762,
        "layer4.1.conv2.1.1": 8.346476019806388e-06,
        "layer4.1.conv2.1.2": 0.0004748217469045412,
        "layer4.1.conv2.2": 0.02561538371458709,
        "fc": 0.0010205352476433801
    },
    "relative_params": {
        "conv1.0": 3.8402347151457895e-06,
        "conv1.1.0": 3.8402347151457895e-06,
        "conv1.1.1": 4.800293393932237e-05,
        "conv1.1.2": 8.192500725644352e-05,
        "conv1.2": 0.001331281367917207,
        "layer1.0.conv1.0": 0.001331281367917207,
        "layer1.0.conv1.1.0": 0.00018721144236335724,
        "layer1.0.conv1.1.1": 2.8801760363593422e-05,
        "layer1.0.conv1.1.2": 0.00020481251814110878,
        "layer1.0.conv1.2": 0.001331281367917207,
        "layer1.0.conv2.0": 0.001331281367917207,
        "layer1.0.conv2.1.0": 0.00018721144236335724,
        "layer1.0.conv2.1.1": 2.8801760363593422e-05,
        "layer1.0.conv2.1.2": 0.00020481251814110878,
        "layer1.0.conv2.2": 0.001331281367917207,
        "layer1.1.conv1.0": 0.001331281367917207,
        "layer1.1.conv1.1.0": 0.00018721144236335724,
        "layer1.1.conv1.1.1": 2.8801760363593422e-05,
        "layer1.1.conv1.1.2": 0.00020481251814110878,
        "layer1.1.conv1.2": 0.001331281367917207,
        "layer1.1.conv2.0": 0.001331281367917207,
        "layer1.1.conv2.1.0": 0.00018721144236335724,
        "layer1.1.conv2.1.1": 2.8801760363593422e-05,
        "layer1.1.conv2.1.2": 0.00020481251814110878,
        "layer1.1.conv2.2": 0.001331281367917207,
        "layer2.0.conv1.0": 0.001331281367917207,
        "layer2.0.conv1.1.0": 0.00018721144236335724,
        "layer2.0.conv1.1.1": 2.8801760363593422e-05,
        "layer2.0.conv1.1.2": 0.00040962503628221757,
        "layer2.0.conv1.2": 0.005284162968040606,
        "layer2.0.conv2.0": 0.005284162968040606,
        "layer2.0.conv2.1.0": 0.00037154270869035514,
        "layer2.0.conv2.1.1": 2.8801760363593422e-05,
        "layer2.0.conv2.1.2": 0.00040962503628221757,
        "layer2.0.conv2.2": 0.005284162968040606,
        "layer2.0.downsample.0.0": 2.080127137370636e-05,
        "layer2.0.downsample.0.1": 8.192500725644352e-05,
        "layer2.1.conv1.0": 0.005284162968040606,
        "layer2.1.conv1.1.0": 0.00037154270869035514,
        "layer2.1.conv1.1.1": 2.8801760363593422e-05,
        "layer2.1.conv1.1.2": 0.00040962503628221757,
        "layer2.1.conv1.2": 0.005284162968040606,
        "layer2.1.conv2.0": 0.005284162968040606,
        "layer2.1.conv2.1.0": 0.00037154270869035514,
        "layer2.1.conv2.1.1": 2.8801760363593422e-05,
        "layer2.1.conv2.1.2": 0.00040962503628221757,
        "layer2.1.conv2.2": 0.005284162968040606,
        "layer3.0.conv1.0": 0.005284162968040606,
        "layer3.0.conv1.1.0": 0.00037154270869035514,
        "layer3.0.conv1.1.1": 2.8801760363593422e-05,
        "layer3.0.conv1.1.2": 0.0008192500725644351,
        "layer3.0.conv1.2": 0.021054726864905983,
        "layer3.0.conv2.0": 0.021054726864905983,
        "layer3.0.conv2.1.0": 0.0007402052413443509,
        "layer3.0.conv2.1.1": 2.8801760363593422e-05,
        "layer3.0.conv2.1.2": 0.0008192500725644351,
        "layer3.0.conv2.2": 0.021054726864905983,
        "layer3.0.downsample.0.0": 4.1282523187817236e-05,
        "layer3.0.downsample.0.1": 0.00016385001451288704,
        "layer3.1.conv1.0": 0.021054726864905983,