{
    "total_flops": 1006536117,
    "total_params": 3131544,
    "relative_flops": {
        "conv1.0": 0.0010468536421132716,
        "conv1.1.0": 0.0010468536421132716,
        "conv1.1.1": 0.003701375377471924,
        "conv1.1.2": 0.005583219424604114,
        "conv1.2": 0.1028907579677044,
        "layer1.0.conv1.0": 0.0257226894919261,
        "layer1.0.conv1.1.0": 0.003617253209802108,
        "layer1.0.conv1.1.1": 0.0005327737285755042,
        "layer1.0.conv1.1.2": 0.0037886131809813637,
        "layer1.0.conv1.2": 0.0257226894919261,
        "layer1.0.conv2.0": 0.0257226894919261,
        "layer1.0.conv2.1.0": 0.003617253209802108,
        "layer1.0.conv2.1.1": 0.0005327737285755042,
        "layer1.0.conv2.1.2": 0.0037886131809813637,
        "layer1.0.conv2.2": 0.0257226894919261,
        "layer1.1.conv1.0": 0.0257226894919261,
        "layer1.1.conv1.1.0": 0.003617253209802108,
        "layer1.1.conv1.1.1": 0.0005327737285755042,
        "layer1.1.conv1.1.2": 0.0037886131809813637,
        "layer1.1.conv1.2": 0.0257226894919261,
        "layer1.1.conv2.0": 0.0257226894919261,
        "layer1.1.conv2.1.0": 0.003617253209802108,
        "layer1.1.conv2.1.1": 0.0005327737285755042,
        "layer1.1.conv2.1.2": 0.0037886131809813637,
        "layer1.1.conv2.2": 0.0257226894919261,
        "layer2.0.conv1.0": 0.0257226894919261,
        "layer2.0.conv1.1.0": 0.003617253209802108,
        "layer2.0.conv1.1.1": 0.00013319343214387606,
        "layer2.0.conv1.1.2": 0.0018943065904906819,
        "layer2.0.conv1.2": 0.02562298914505817,
        "layer2.0.conv2.0": 0.02562298914505817,
        "layer2.0.conv2.1.0": 0.0018016164242619025,
        "layer2.0.conv2.1.1": 0.00013319343214387606,
        "layer2.0.conv2.1.2": 0.0018943065904906819,
        "layer2.0.conv2.2": 0.02562298914505817,
        "layer2.0.downsample.0.0": 0.000602875534967018,
        "layer2.0.downsample.0.1": 0.001296104509283098,
        "layer2.1.conv1.0": 0.02562298914505817,
        "layer2.1.conv1.1.0": 0.0018016164242619025,
        "layer2.1.conv1.1.1": 0.00013319343214387606,
        "layer2.1.conv1.1.2": 0.0018943065904906819,
        "layer2.1.conv1.2": 0.02562298914505817,
        "layer2.1.conv2.0": 0.02562298914505817,
        "layer2.1.conv2.1.0": 0.0018016164242619025,
        "layer2.1.conv2.1.1": 0.00013319343214387606,
        "layer2.1.conv2.1.2": 0.0018943065904906819,
        "layer2.1.conv2.2": 0.02562298914505817,
        "layer3.0.conv1.0": 0.02562298914505817,
        "layer3.0.conv1.1.0": 0.0018016164242619025,
        "layer3.0.conv1.1.1": 3.3298358035969015e-05,
        "layer3.0.conv1.1.2": 0.0009471532952453409,
        "layer3.0.conv1.2": 0.025573138971624203,
        "layer3.0.conv2.0": 0.025573138971624203,
        "layer3.0.conv2.1.0": 0.0008990556669711635,
        "layer3.0.conv2.1.1": 3.3298358035969015e-05,
        "layer3.0.conv2.1.2": 0.0009471532952453409,
        "layer3.0.conv2.2": 0.025573138971624203,
        "layer3.0.downsample.0.0": 0.0003002694040436504,
        "layer3.0.downsample.0.1": 0.000648052254641549,
        "layer3.1.conv1.0": 0.025573138971624203,
        "layer3.1.conv1.1.0": 0.0008990556669711635,
        "layer3.1.conv1.1.1": 3.3298358035969015e-05,
        "layer3.1.conv1.1.2": 0.0009471532952453409,
        "layer3.1.conv1.2": 0.025573138971624203,
        "layer3.1.conv2.0": 0.025573138971624203,
        "layer3.1.conv2.1.0": 0.0008990556669711635,
        "layer3.1.conv2.1.1": 3.3298358035969015e-05,
        "layer3.1.conv2.1.2": 0.0009471532952453409,
        "layer3.1.conv2.2": 0.025573138971624203,
        "layer4.0.conv1.0": 0.025573138971624203,
        "layer4.0.conv1.1.0": 0.0008990556669711635,
        "layer4.0.conv1.1.1": 8.324589508992254e-06,
        "layer4.0.conv1.1.2": 0.00047357664762267046,
        "layer4.0.conv1.2": 0.02554821388490722,
        "layer4.0.conv2.0": 0.02554821388490722,
        "layer4.0.conv2.1.0": 0.0004490896971956348,
        "layer4.0.conv2.1.1": 8.324589508992254e-06,
        "layer4.0.conv2.1.2": 0.00047357664762267046,
        "layer4.0.conv2.2": 0.02554821388490722,
        "layer4.0.downsample.0.0": 0.00014984261116186056,
        "layer4.0.downsample.0.1": 0.0003240261273207745,
        "layer4.1.conv1.0": 0.02554821388490722,
        "layer4.1.conv1.1.0": 0.0004490896971956348,
        "layer4.1.conv1.1.1": 8.324589508992254e-06,
        "layer4.1.conv1.1.2": 0.00047357664762267046,
        "layer4.1.conv1.2": 0.02554821388490722,
        "layer4.1.conv2.0": 0.02554821388490722,
        "layer4.1.conv2.1.0": 0.0004490896971956348,
        "layer4.1.conv2.1.1": 8.324589508992254e-06,
        "layer4.1.conv2.1.2": 0.00047357664762267046,
        "layer4.1.conv2.2": 0.02554821388490722,
        "fc": 0.001017859153483312
    },
    "relative_params": {
        "conv1.0": 3.8319755366681736e-06,
        "conv1.1.0": 3.8319755366681736e-06,
        "conv1.1.1": 4.789969420835218e-05,
        "conv1.1.2": 8.174881144892104e-05,
        "conv1.2": 0.001328418186044967,
        "layer1.0.conv1.0": 0.001328418186044967,
        "layer1.0.conv1.1.0": 0.0001868088074125735,
        "layer1.0.conv1.1.1": 2.8739816525011305e-05,
        "layer1.0.conv1.1.2": 0.0002043720286223026,
        "layer1.0.conv1.2": 0.001328418186044967,
        "layer1.0.conv2.0": 0.001328418186044967,
        "layer1.0.conv2.1.0": 0.0001868088074125735,
        "layer1.0.conv2.1.1": 2.8739816525011305e-05,
        "layer1.0.conv2.1.2": 0.0002043720286223026,
        "layer1.0.conv2.2": 0.001328418186044967,
        "layer1.1.conv1.0": 0.001328418186044967,
        "layer1.1.conv1.1.0": 0.0001868088074125735,
        "layer1.1.conv1.1.1": 2.8739816525011305e-05,
        "layer1.1.conv1.1.2": 0.0002043720286223026,
        "layer1.1.conv1.2": 0.001328418186044967,
        "layer1.1.conv2.0": 0.001328418186044967,
        "layer1.1.conv2.1.0": 0.0001868088074125735,
        "layer1.1.conv2.1.1": 2.8739816525011305e-05,
        "layer1.1.conv2.1.2": 0.0002043720286223026,
        "layer1.1.conv2.2": 0.001328418186044967,
        "layer2.0.conv1.0": 0.001328418186044967,
        "layer2.0.conv1.1.0": 0.0001868088074125735,
        "layer2.0.conv1.1.1": 2.8739816525011305e-05,
        "layer2.0.conv1.1.2": 0.0004087440572446052,
        "layer2.0.conv1.2": 0.005272798338455407,
        "layer2.0.conv2.0": 0.005272798338455407,
        "layer2.0.conv2.1.0": 0.0003707436331726458,
        "layer2.0.conv2.1.1": 2.8739816525011305e-05,
        "layer2.0.conv2.1.2": 0.0004087440572446052,
        "layer2.0.conv2.2": 0.005272798338455407,
        "layer2.0.downsample.0.0": 0.00012453920494171565,
        "layer2.0.downsample.0.1": 0.00028612084007122364,
        "layer2.1.conv1.0": 0.005272798338455407,
        "layer2.1.conv1.1.0": 0.0003707436331726458,
        "layer2.1.conv1.1.1": 2.8739816525011305e-05,
        "layer2.1.conv1.1.2": 0.0004087440572446052,
        "layer2.1.conv1.2": 0.005272798338455407,
        "layer2.1.conv2.0": 0.005272798338455407,
        "layer2.1.conv2.1.0": 0.0003707436331726458,
        "layer2.1.conv2.1.1": 2.8739816525011305e-05,
        "layer2.1.conv2.1.2": 0.0004087440572446052,
        "layer2.1.conv2.2": 0.005272798338455407,
        "layer3.0.conv1.0": 0.005272798338455407,
        "layer3.0.conv1.1.0": 0.0003707436331726458,
        "layer3.0.conv1.1.1": 2.8739816525011305e-05,
        "layer3.0.conv1.1.2": 0.0008174881144892104,
        "layer3.0.conv1.2": 0.021009444542372708,
        "layer3.0.conv2.0": 0.021009444542372708,
        "layer3.0.conv2.1.0": 0.0007386132846927906,
        "layer3.0.conv2.1.1": 2.8739816525011305e-05,
        "layer3.0.conv2.1.2": 0.0008174881144892104,
        "layer3.0.conv2.2": 0.021009444542372708,
        "layer3.0.downsample.0.0": 0.0002471624221150972,
        "layer3.0.downsample.0.1": 0.0005722416801424473,
        "layer3.1.conv1.0": 0.021009444542372708,
        "layer3.1.conv1.1.0": 0.0007386132846927906,