{
    "total_flops": 1023956058,
    "total_params": 3175995,
    "relative_flops": {
        "conv1.0": 0.0010290441584554794,
        "conv1.1.0": 0.0010290441584554794,
        "conv1.1.1": 0.0036384061316818736,
        "conv1.1.2": 0.005488235511762556,
        "conv1.2": 0.10114034014533854,
        "layer1.0.conv1.0": 0.025285085036334635,
        "layer1.0.conv1.1.0": 0.0035557150832345582,
        "layer1.0.conv1.1.1": 0.0005237099734996636,
        "layer1.0.conv1.1.2": 0.0037241598115531635,
        "layer1.0.conv1.2": 0.025285085036334635,
        "layer1.0.conv2.0": 0.025285085036334635,
        "layer1.0.conv2.1.0": 0.0035557150832345582,
        "layer1.0.conv2.1.1": 0.0005237099734996636,
        "layer1.0.conv2.1.2": 0.0037241598115531635,
        "layer1.0.conv2.2": 0.025285085036334635,
        "layer1.1.conv1.0": 0.025285085036334635,
        "layer1.1.conv1.1.0": 0.0035557150832345582,
        "layer1.1.conv1.1.1": 0.0005237099734996636,
        "layer1.1.conv1.1.2": 0.0037241598115531635,
        "layer1.1.conv1.2": 0.025285085036334635,
        "layer1.1.conv2.0": 0.025285085036334635,
        "layer1.1.conv2.1.0": 0.0035557150832345582,
        "layer1.1.conv2.1.1": 0.0005237099734996636,
        "layer1.1.conv2.1.2": 0.0037241598115531635,
        "layer1.1.conv2.2": 0.025285085036334635,
        "layer2.0.conv1.0": 0.025285085036334635,
        "layer2.0.conv1.1.0": 0.0035557150832345582,
        "layer2.0.conv1.1.1": 0.0001309274933749159,
        "layer2.0.conv1.1.2": 0.0018620799057765818,
        "layer2.0.conv1.2": 0.02518708083076745,
        "layer2.0.conv2.0": 0.02518708083076745,
        "layer2.0.conv2.1.0": 0.001770966620913336,
        "layer2.0.conv2.1.1": 0.0001309274933749159,
        "layer2.0.conv2.1.2": 0.0018620799057765818,
        "layer2.0.conv2.2": 0.02518708083076745,
        "layer2.0.downsample.0.0": 0.003852024673504105,
        "layer2.0.downsample.0.1": 0.0077423322398078925,
        "layer2.1.conv1.0": 0.02518708083076745,
        "layer2.1.conv1.1.0": 0.001770966620913336,
        "layer2.1.conv1.1.1": 0.0001309274933749159,
        "layer2.1.conv1.1.2": 0.0018620799057765818,
        "layer2.1.conv1.2": 0.02518708083076745,
        "layer2.1.conv2.0": 0.02518708083076745,
        "layer2.1.conv2.1.0": 0.001770966620913336,
        "layer2.1.conv2.1.1": 0.0001309274933749159,
        "layer2.1.conv2.1.2": 0.0018620799057765818,
        "layer2.1.conv2.2": 0.02518708083076745,
        "layer3.0.conv1.0": 0.02518708083076745,
        "layer3.0.conv1.1.0": 0.001770966620913336,
        "layer3.0.conv1.1.1": 3.2731873343728976e-05,
        "layer3.0.conv1.1.2": 0.0009310399528882909,
        "layer3.0.conv1.2": 0.02513807872798385,
        "layer3.0.conv2.0": 0.02513807872798385,
        "layer3.0.conv2.1.0": 0.0008837605802806823,
        "layer3.0.conv2.1.1": 3.2731873343728976e-05,
        "layer3.0.conv2.1.2": 0.0009310399528882909,
        "layer3.0.conv2.2": 0.02513807872798385,
        "layer3.0.downsample.0.0": 0.001918547172656114,
        "layer3.0.downsample.0.1": 0.0038711661199039463,
        "layer3.1.conv1.0": 0.02513807872798385,
        "layer3.1.conv1.1.0": 0.0008837605802806823,
        "layer3.1.conv1.1.1": 3.2731873343728976e-05,
        "layer3.1.conv1.1.2": 0.0009310399528882909,
        "layer3.1.conv1.2": 0.02513807872798385,
        "layer3.1.conv2.0": 0.02513807872798385,
        "layer3.1.conv2.1.0": 0.0008837605802806823,
        "layer3.1.conv2.1.1": 3.2731873343728976e-05,
        "layer3.1.conv2.1.2": 0.0009310399528882909,
        "layer3.1.conv2.2": 0.02513807872798385,
        "layer4.0.conv1.0": 0.02513807872798385,
        "layer4.0.conv1.1.0": 0.0008837605802806823,
        "layer4.0.conv1.1.1": 8.182968335932244e-06,
        "layer4.0.conv1.1.2": 0.00046551997644414544,
        "layer4.0.conv1.2": 0.025113577676592055,
        "layer4.0.conv2.0": 0.025113577676592055,
        "layer4.0.conv2.1.0": 0.0004414496075963447,
        "layer4.0.conv2.1.1": 8.182968335932244e-06,
        "layer4.0.conv2.1.2": 0.00046551997644414544,
        "layer4.0.conv2.2": 0.025113577676592055,
        "layer4.0.downsample.0.0": 0.0009574072953040725,
        "layer4.0.downsample.0.1": 0.0019355830599519731,
        "layer4.1.conv1.0": 0.025113577676592055,
        "layer4.1.conv1.1.0": 0.0004414496075963447,
        "layer4.1.conv1.1.1": 8.182968335932244e-06,
        "layer4.1.conv1.1.2": 0.00046551997644414544,
        "layer4.1.conv1.2": 0.025113577676592055,
        "layer4.1.conv2.0": 0.025113577676592055,
        "layer4.1.conv2.1.0": 0.0004414496075963447,
        "layer4.1.conv2.1.1": 8.182968335932244e-06,
        "layer4.1.conv2.1.2": 0.00046551997644414544,
        "layer4.1.conv2.2": 0.025113577676592055,
        "fc": 0.0010005429354078786
    },
    "relative_params": {
        "conv1.0": 3.778343479759886e-06,
        "conv1.1.0": 3.778343479759886e-06,
        "conv1.1.1": 4.722929349699858e-05,
        "conv1.1.2": 8.060466090154424e-05,
        "conv1.2": 0.001309825739650094,
        "layer1.0.conv1.0": 0.001309825739650094,
        "layer1.0.conv1.1.0": 0.00018419424463829445,
        "layer1.0.conv1.1.1": 2.8337576098199147e-05,
        "layer1.0.conv1.1.2": 0.0002015116522538606,
        "layer1.0.conv1.2": 0.001309825739650094,
        "layer1.0.conv2.0": 0.001309825739650094,
        "layer1.0.conv2.1.0": 0.00018419424463829445,
        "layer1.0.conv2.1.1": 2.8337576098199147e-05,
        "layer1.0.conv2.1.2": 0.0002015116522538606,
        "layer1.0.conv2.2": 0.001309825739650094,
        "layer1.1.conv1.0": 0.001309825739650094,
        "layer1.1.conv1.1.0": 0.00018419424463829445,
        "layer1.1.conv1.1.1": 2.8337576098199147e-05,
        "layer1.1.conv1.1.2": 0.0002015116522538606,
        "layer1.1.conv1.2": 0.001309825739650094,
        "layer1.1.conv2.0": 0.001309825739650094,
        "layer1.1.conv2.1.0": 0.00018419424463829445,
        "layer1.1.conv2.1.1": 2.8337576098199147e-05,
        "layer1.1.conv2.1.2": 0.0002015116522538606,
        "layer1.1.conv2.2": 0.001309825739650094,
        "layer2.0.conv1.0": 0.001309825739650094,
        "layer2.0.conv1.1.0": 0.00018419424463829445,
        "layer2.0.conv1.1.1": 2.8337576098199147e-05,
        "layer2.0.conv1.1.2": 0.0004030233045077212,
        "layer2.0.conv1.2": 0.005199000628149603,
        "layer2.0.conv2.0": 0.005199000628149603,
        "layer2.0.conv2.1.0": 0.000365554731666769,
        "layer2.0.conv2.1.1": 2.8337576098199147e-05,
        "layer2.0.conv2.1.2": 0.0004030233045077212,
        "layer2.0.conv2.2": 0.005199000628149603,
        "layer2.0.downsample.0.0": 0.000798175060099276,
        "layer2.0.downsample.0.1": 0.0016120932180308848,
        "layer2.1.conv1.0": 0.005199000628149603,
        "layer2.1.conv1.1.0": 0.000365554731666769,
        "layer2.1.conv1.1.1": 2.8337576098199147e-05,
        "layer2.1.conv1.1.2": 0.0004030233045077212,
        "layer2.1.conv1.2": 0.005199000628149603,
        "layer2.1.conv2.0": 0.005199000628149603,
        "layer2.1.conv2.1.0": 0.000365554731666769,
        "layer2.1.conv2.1.1": 2.8337576098199147e-05,
        "layer2.1.conv2.1.2": 0.0004030233045077212,
        "layer2.1.conv2.2": 0.005199000628149603,
        "layer3.0.conv1.0": 0.005199000628149603,
        "layer3.0.conv1.1.0": 0.000365554731666769,
        "layer3.0.conv1.1.1": 2.8337576098199147e-05,
        "layer3.0.conv1.1.2": 0.0008060466090154424,
        "layer3.0.conv1.2": 0.02071539785169687,
        "layer3.0.conv2.0": 0.02071539785169687,
        "layer3.0.conv2.1.0": 0.0007282757057237181,
        "layer3.0.conv2.1.1": 2.8337576098199147e-05,
        "layer3.0.conv2.1.2": 0.0008060466090154424,
        "layer3.0.conv2.2": 0.02071539785169687,
        "layer3.0.downsample.0.0": 0.0015840705038893323,
        "layer3.0.downsample.0.1": 0.0032241864360617696,
        "layer3.1.conv1.0": 0.02071539785169687,
        "layer3.1.conv1.1.0": 0.0007282757057237181,