{
    "total_flops": 1033457844,
    "total_params": 3200241,
    "relative_flops": {
        "conv1.0": 0.0010195829526259805,
        "conv1.1.0": 0.0010195829526259805,
        "conv1.1.1": 0.003604954011070431,
        "conv1.1.2": 0.005437775747338563,
        "conv1.2": 0.10021043877238209,
        "layer1.0.conv1.0": 0.025052609693095522,
        "layer1.0.conv1.1.0": 0.003523023238091558,
        "layer1.0.conv1.1.1": 0.0005188948955328651,
        "layer1.0.conv1.1.2": 0.0036899192571225965,
        "layer1.0.conv1.2": 0.025052609693095522,
        "layer1.0.conv2.0": 0.025052609693095522,
        "layer1.0.conv2.1.0": 0.003523023238091558,
        "layer1.0.conv2.1.1": 0.0005188948955328651,
        "layer1.0.conv2.1.2": 0.0036899192571225965,
        "layer1.0.conv2.2": 0.025052609693095522,
        "layer1.1.conv1.0": 0.025052609693095522,
        "layer1.1.conv1.1.0": 0.003523023238091558,
        "layer1.1.conv1.1.1": 0.0005188948955328651,
        "layer1.1.conv1.1.2": 0.0036899192571225965,
        "layer1.1.conv1.2": 0.025052609693095522,
        "layer1.1.conv2.0": 0.025052609693095522,
        "layer1.1.conv2.1.0": 0.003523023238091558,
        "layer1.1.conv2.1.1": 0.0005188948955328651,
        "layer1.1.conv2.1.2": 0.0036899192571225965,
        "layer1.1.conv2.2": 0.025052609693095522,
        "layer2.0.conv1.0": 0.025052609693095522,
        "layer2.0.conv1.1.0": 0.003523023238091558,
        "layer2.0.conv1.1.1": 0.00012972372388321627,
        "layer2.0.conv1.1.2": 0.0018449596285612982,
        "layer2.0.conv1.2": 0.02495550655475019,
        "layer2.0.conv2.0": 0.02495550655475019,
        "layer2.0.conv2.1.0": 0.0017546840546308728,
        "layer2.0.conv2.1.1": 0.00012972372388321627,
        "layer2.0.conv2.1.2": 0.0018449596285612982,
        "layer2.0.conv2.2": 0.02495550655475019,
        "layer2.0.downsample.0.0": 0.0055781201269783,
        "layer2.0.downsample.0.1": 0.01116686090971312,
        "layer2.1.conv1.0": 0.02495550655475019,
        "layer2.1.conv1.1.0": 0.0017546840546308728,
        "layer2.1.conv1.1.1": 0.00012972372388321627,
        "layer2.1.conv1.1.2": 0.0018449596285612982,
        "layer2.1.conv1.2": 0.02495550655475019,
        "layer2.1.conv2.0": 0.02495550655475019,
        "layer2.1.conv2.1.0": 0.0017546840546308728,
        "layer2.1.conv2.1.1": 0.00012972372388321627,
        "layer2.1.conv2.1.2": 0.0018449596285612982,
        "layer2.1.conv2.2": 0.02495550655475019,
        "layer3.0.conv1.0": 0.02495550655475019,
        "layer3.0.conv1.1.0": 0.0017546840546308728,
        "layer3.0.conv1.1.1": 3.243093097080407e-05,
        "layer3.0.conv1.1.2": 0.0009224798142806491,
        "layer3.0.conv1.2": 0.024906954985577524,
        "layer3.0.conv2.0": 0.024906954985577524,
        "layer3.0.conv2.1.0": 0.0008756351362117098,
        "layer3.0.conv2.1.1": 3.243093097080407e-05,
        "layer3.0.conv2.1.2": 0.0009224798142806491,
        "layer3.0.conv2.2": 0.024906954985577524,
        "layer3.0.downsample.0.0": 0.0027782497531655486,
        "layer3.0.downsample.0.1": 0.00558343045485656,
        "layer3.1.conv1.0": 0.024906954985577524,
        "layer3.1.conv1.1.0": 0.0008756351362117098,
        "layer3.1.conv1.1.1": 3.243093097080407e-05,
        "layer3.1.conv1.1.2": 0.0009224798142806491,
        "layer3.1.conv1.2": 0.024906954985577524,
        "layer3.1.conv2.0": 0.024906954985577524,
        "layer3.1.conv2.1.0": 0.0008756351362117098,
        "layer3.1.conv2.1.1": 3.243093097080407e-05,
        "layer3.1.conv2.1.2": 0.0009224798142806491,
        "layer3.1.conv2.2": 0.024906954985577524,
        "layer4.0.conv1.0": 0.024906954985577524,
        "layer4.0.conv1.1.0": 0.0008756351362117098,
        "layer4.0.conv1.1.1": 8.107732742701017e-06,
        "layer4.0.conv1.1.2": 0.00046123990714032456,
        "layer4.0.conv1.2": 0.024882679200991194,
        "layer4.0.conv2.0": 0.024882679200991194,
        "layer4.0.conv2.1.0": 0.0004373908453299233,
        "layer4.0.conv2.1.1": 8.107732742701017e-06,
        "layer4.0.conv2.1.2": 0.00046123990714032456,
        "layer4.0.conv2.2": 0.024882679200991194,
        "layer4.0.downsample.0.0": 0.001386422299001874,
        "layer4.0.downsample.0.1": 0.00279171522742828,
        "layer4.1.conv1.0": 0.024882679200991194,
        "layer4.1.conv1.1.0": 0.0004373908453299233,
        "layer4.1.conv1.1.1": 8.107732742701017e-06,
        "layer4.1.conv1.1.2": 0.00046123990714032456,
        "layer4.1.conv1.2": 0.024882679200991194,
        "layer4.1.conv2.0": 0.024882679200991194,
        "layer4.1.conv2.1.0": 0.0004373908453299233,
        "layer4.1.conv2.1.1": 8.107732742701017e-06,
        "layer4.1.conv2.1.2": 0.00046123990714032456,
        "layer4.1.conv2.2": 0.024882679200991194,
        "fc": 0.0009913437746377975
    },
    "relative_params": {
        "conv1.0": 3.749717599393296e-06,
        "conv1.1.0": 3.749717599393296e-06,
        "conv1.1.1": 4.6871469992416194e-05,
        "conv1.1.2": 7.999397545372365e-05,
        "conv1.2": 0.0012999021011230092,
        "layer1.0.conv1.0": 0.0012999021011230092,
        "layer1.0.conv1.1.0": 0.00018279873297042317,
        "layer1.0.conv1.1.1": 2.8122881995449717e-05,
        "layer1.0.conv1.1.2": 0.00019998493863430911,
        "layer1.0.conv1.2": 0.0012999021011230092,
        "layer1.0.conv2.0": 0.0012999021011230092,
        "layer1.0.conv2.1.0": 0.00018279873297042317,
        "layer1.0.conv2.1.1": 2.8122881995449717e-05,
        "layer1.0.conv2.1.2": 0.00019998493863430911,
        "layer1.0.conv2.2": 0.0012999021011230092,
        "layer1.1.conv1.0": 0.0012999021011230092,
        "layer1.1.conv1.1.0": 0.00018279873297042317,
        "layer1.1.conv1.1.1": 2.8122881995449717e-05,
        "layer1.1.conv1.1.2": 0.00019998493863430911,
        "layer1.1.conv1.2": 0.0012999021011230092,
        "layer1.1.conv2.0": 0.0012999021011230092,
        "layer1.1.conv2.1.0": 0.00018279873297042317,
        "layer1.1.conv2.1.1": 2.8122881995449717e-05,
        "layer1.1.conv2.1.2": 0.00019998493863430911,
        "layer1.1.conv2.2": 0.0012999021011230092,
        "layer2.0.conv1.0": 0.0012999021011230092,
        "layer2.0.conv1.1.0": 0.00018279873297042317,
        "layer2.0.conv1.1.1": 2.8122881995449717e-05,
        "layer2.0.conv1.1.2": 0.00039996987726861823,
        "layer2.0.conv1.2": 0.005159611416765175,
        "layer2.0.conv2.0": 0.005159611416765175,
        "layer2.0.conv2.1.0": 0.00036278517774130135,
        "layer2.0.conv2.1.1": 2.8122881995449717e-05,
        "layer2.0.conv2.1.2": 0.00039996987726861823,
        "layer2.0.conv2.2": 0.005159611416765175,
        "layer2.0.downsample.0.0": 0.0011577253088126801,
        "layer2.0.downsample.0.1": 0.0023198252881579855,
        "layer2.1.conv1.0": 0.005159611416765175,
        "layer2.1.conv1.1.0": 0.00036278517774130135,
        "layer2.1.conv1.1.1": 2.8122881995449717e-05,
        "layer2.1.conv1.1.2": 0.00039996987726861823,
        "layer2.1.conv1.2": 0.005159611416765175,
        "layer2.1.conv2.0": 0.005159611416765175,
        "layer2.1.conv2.1.0": 0.00036278517774130135,
        "layer2.1.conv2.1.1": 2.8122881995449717e-05,
        "layer2.1.conv2.1.2": 0.00039996987726861823,
        "layer2.1.conv2.2": 0.005159611416765175,
        "layer3.0.conv1.0": 0.005159611416765175,
        "layer3.0.conv1.1.0": 0.00036278517774130135,
        "layer3.0.conv1.1.1": 2.8122881995449717e-05,
        "layer3.0.conv1.1.2": 0.0007999397545372365,
        "layer3.0.conv1.2": 0.020558451691606975,
        "layer3.0.conv2.0": 0.020558451691606975,
        "layer3.0.conv2.1.0": 0.0007227580672830577,
        "layer3.0.conv2.1.1": 2.8122881995449717e-05,
        "layer3.0.conv2.1.2": 0.0007999397545372365,
        "layer3.0.conv2.2": 0.020558451691606975,
        "layer3.0.downsample.0.0": 0.002297639459028242,
        "layer3.0.downsample.0.1": 0.004639650576315971,
        "layer3.1.conv1.0": 0.020558451691606975,