{
    "total_flops": 504399552,
    "total_params": 943704,
    "relative_flops": {
        "conv1.0": 0.03342416925858015,
        "conv1.1": 0.1181783127356941,
        "conv1.2": 0.15438782943248927,
        "layer1.0.conv1.0": 0.03849748066390035,
        "layer1.0.conv1.1": 0.00567017157065199,
        "layer1.0.conv1.2": 0.03859695735812232,
        "layer1.0.conv2.0": 0.03849748066390035,
        "layer1.0.conv2.1": 0.00567017157065199,
        "layer1.0.conv2.2": 0.03859695735812232,
        "layer1.1.conv1.0": 0.03849748066390035,
        "layer1.1.conv1.1": 0.00567017157065199,
        "layer1.1.conv1.2": 0.03859695735812232,
        "layer1.1.conv2.0": 0.03849748066390035,
        "layer1.1.conv2.1": 0.00567017157065199,
        "layer1.1.conv2.2": 0.03859695735812232,
        "layer2.0.conv1.0": 0.03849748066390035,
        "layer2.0.conv1.1": 0.0014175428926629975,
        "layer2.0.conv1.2": 0.01929847867906116,
        "layer2.0.conv2.0": 0.019174132811283703,
        "layer2.0.conv2.1": 0.0014175428926629975,
        "layer2.0.conv2.2": 0.01929847867906116,
        "layer2.0.downsample.0.0": 0.009624370165975088,
        "layer2.0.downsample.0.1": 0.01929847867906116,
        "layer2.1.conv1.0": 0.019174132811283703,
        "layer2.1.conv1.1": 0.0014175428926629975,
        "layer2.1.conv1.2": 0.01929847867906116,
        "layer2.1.conv2.0": 0.019174132811283703,
        "layer2.1.conv2.1": 0.0014175428926629975,
        "layer2.1.conv2.2": 0.01929847867906116,
        "layer3.0.conv1.0": 0.019174132811283703,
        "layer3.0.conv1.1": 0.00035438572316574937,
        "layer3.0.conv1.2": 0.00964923933953058,
        "layer3.0.conv2.0": 0.009568414525475234,
        "layer3.0.conv2.1": 0.00035438572316574937,
        "layer3.0.conv2.2": 0.00964923933953058,
        "layer3.0.downsample.0.0": 0.004793533202820926,
        "layer3.0.downsample.0.1": 0.00964923933953058,
        "layer3.1.conv1.0": 0.009568414525475234,
        "layer3.1.conv1.1": 0.00035438572316574937,
        "layer3.1.conv1.2": 0.00964923933953058,
        "layer3.1.conv2.0": 0.009568414525475234,
        "layer3.1.conv2.1": 0.00035438572316574937,
        "layer3.1.conv2.2": 0.00964923933953058,
        "layer4.0.conv1.0": 0.009568414525475234,
        "layer4.0.conv1.1": 8.859643079143734e-05,
        "layer4.0.conv1.2": 0.00482461966976529,
        "layer4.0.conv2.0": 0.004779544292695961,
        "layer4.0.conv2.1": 8.859643079143734e-05,
        "layer4.0.conv2.2": 0.00482461966976529,
        "layer4.0.downsample.0.0": 0.0023921036313688084,
        "layer4.0.downsample.0.1": 0.00482461966976529,
        "layer4.1.conv1.0": 0.004779544292695961,
        "layer4.1.conv1.1": 8.859643079143734e-05,
        "layer4.1.conv1.2": 0.00482461966976529,
        "layer4.1.conv2.0": 0.004779544292695961,
        "layer4.1.conv2.1": 8.859643079143734e-05,
        "layer4.1.conv2.2": 0.00482461966976529,
        "fc": 0.002031151685083178
    },
    "relative_params": {
        "conv1.0": 0.00020345362528928563,
        "conv1.1": 0.0025431703161160704,
        "conv1.2": 0.0033230758797249986,
        "layer1.0.conv1.0": 0.0033061214109508913,
        "layer1.0.conv1.1": 0.0005086340632232141,
        "layer1.0.conv1.2": 0.0033230758797249986,
        "layer1.0.conv2.0": 0.0033061214109508913,
        "layer1.0.conv2.1": 0.0005086340632232141,
        "layer1.0.conv2.2": 0.0033230758797249986,
        "layer1.1.conv1.0": 0.0033061214109508913,
        "layer1.1.conv1.1": 0.0005086340632232141,
        "layer1.1.conv1.2": 0.0033230758797249986,
        "layer1.1.conv2.0": 0.0033061214109508913,
        "layer1.1.conv2.1": 0.0005086340632232141,
        "layer1.1.conv2.2": 0.0033230758797249986,
        "layer2.0.conv1.0": 0.0033061214109508913,
        "layer2.0.conv1.1": 0.0005086340632232141,
        "layer2.0.conv1.2": 0.006646151759449997,
        "layer2.0.conv2.0": 0.0065613794155794615,
        "layer2.0.conv2.1": 0.0005086340632232141,
        "layer2.0.conv2.2": 0.006646151759449997,
        "layer2.0.downsample.0.0": 0.0033061214109508913,
        "layer2.0.downsample.0.1": 0.006646151759449997,
        "layer2.1.conv1.0": 0.0065613794155794615,
        "layer2.1.conv1.1": 0.0005086340632232141,
        "layer2.1.conv1.2": 0.006646151759449997,
        "layer2.1.conv2.0": 0.0065613794155794615,
        "layer2.1.conv2.1": 0.0005086340632232141,
        "layer2.1.conv2.2": 0.006646151759449997,
        "layer3.0.conv1.0": 0.0065613794155794615,
        "layer3.0.conv1.1": 0.0005086340632232141,
        "layer3.0.conv1.2": 0.013292303518899994,
        "layer3.0.conv2.0": 0.013071895424836602,
        "layer3.0.conv2.1": 0.0005086340632232141,
        "layer3.0.conv2.2": 0.013292303518899994,
        "layer3.0.downsample.0.0": 0.0065613794155794615,
        "layer3.0.downsample.0.1": 0.013292303518899994,
        "layer3.1.conv1.0": 0.013071895424836602,
        "layer3.1.conv1.1": 0.0005086340632232141,
        "layer3.1.conv1.2": 0.013292303518899994,
        "layer3.1.conv2.0": 0.013071895424836602,
        "layer3.1.conv2.1": 0.0005086340632232141,
        "layer3.1.conv2.2": 0.013292303518899994,
        "layer4.0.conv1.0": 0.013071895424836602,
        "layer4.0.conv1.1": 0.0005086340632232141,
        "layer4.0.conv1.2": 0.02658460703779999,
        "layer4.0.conv2.0": 0.026092927443350882,
        "layer4.0.conv2.1": 0.0005086340632232141,
        "layer4.0.conv2.2": 0.02658460703779999,
        "layer4.0.downsample.0.0": 0.013071895424836602,
        "layer4.0.downsample.0.1": 0.02658460703779999,
        "layer4.1.conv1.0": 0.026092927443350882,
        "layer4.1.conv1.1": 0.0005086340632232141,
        "layer4.1.conv1.2": 0.02658460703779999,
        "layer4.1.conv2.0": 0.026092927443350882,
        "layer4.1.conv2.1": 0.0005086340632232141,
        "layer4.1.conv2.2": 0.02658460703779999,
        "fc": 0.54360265506981
    }
}