{
    "total_flops": 431352900,
    "total_params": 881593,
    "relative_flops": {
        "conv1.0": 0.03338452575605728,
        "conv1.1": 0.11803814463748824,
        "conv1.2": 0.1544761331151361,
        "layer1.0.conv1.0": 0.03845181984403026,
        "layer1.0.conv1.1": 0.00566344633361686,
        "layer1.0.conv1.2": 0.03861903327878403,
        "layer1.0.conv2.0": 0.03845181984403026,
        "layer1.0.conv2.1": 0.00566344633361686,
        "layer1.0.conv2.2": 0.03861903327878403,
        "layer1.1.conv1.0": 0.03845181984403026,
        "layer1.1.conv1.1": 0.00566344633361686,
        "layer1.1.conv1.2": 0.03861903327878403,
        "layer1.1.conv2.0": 0.03845181984403026,
        "layer1.1.conv2.1": 0.00566344633361686,
        "layer1.1.conv2.2": 0.03861903327878403,
        "layer2.0.conv1.0": 0.03845181984403026,
        "layer2.0.conv1.1": 0.001415861583404215,
        "layer2.0.conv1.2": 0.019309516639392014,
        "layer2.0.conv2.0": 0.019151390891309645,
        "layer2.0.conv2.1": 0.001415861583404215,
        "layer2.0.conv2.2": 0.019309516639392014,
        "layer2.0.downsample.0.0": 0.009612954961007565,
        "layer2.0.downsample.0.1": 0.019309516639392014,
        "layer2.1.conv1.0": 0.019151390891309645,
        "layer2.1.conv1.1": 0.001415861583404215,
        "layer2.1.conv1.2": 0.019309516639392014,
        "layer2.1.conv2.0": 0.019151390891309645,
        "layer2.1.conv2.1": 0.001415861583404215,
        "layer2.1.conv2.2": 0.019309516639392014,
        "layer3.0.conv1.0": 0.019151390891309645,
        "layer3.0.conv1.1": 0.00035396539585105374,
        "layer3.0.conv1.2": 0.009654758319696007,
        "layer3.0.conv2.0": 0.00955706568797845,
        "layer3.0.conv2.1": 0.00035396539585105374,
        "layer3.0.conv2.2": 0.009654758319696007,
        "layer3.0.downsample.0.0": 0.004787847722827411,
        "layer3.0.downsample.0.1": 0.009654758319696007,
        "layer3.1.conv1.0": 0.00955706568797845,
        "layer3.1.conv1.1": 0.00035396539585105374,
        "layer3.1.conv1.2": 0.009654758319696007,
        "layer3.1.conv2.0": 0.00955706568797845,
        "layer3.1.conv2.1": 0.00035396539585105374,
        "layer3.1.conv2.2": 0.009654758319696007,
        "layer4.0.conv1.0": 0.00955706568797845,
        "layer4.0.conv1.1": 8.849134896276343e-05,
        "layer4.0.conv1.2": 0.0048273791598480035,
        "layer4.0.conv2.0": 0.004773875404570133,
        "layer4.0.conv2.1": 8.849134896276343e-05,
        "layer4.0.conv2.2": 0.0048273791598480035,
        "layer4.0.downsample.0.0": 0.0023892664219946126,
        "layer4.0.downsample.0.1": 0.0048273791598480035,
        "layer4.1.conv1.0": 0.004773875404570133,
        "layer4.1.conv1.1": 8.849134896276343e-05,
        "layer4.1.conv1.2": 0.0048273791598480035,
        "layer4.1.conv2.0": 0.004773875404570133,
        "layer4.1.conv2.1": 8.849134896276343e-05,
        "layer4.1.conv2.2": 0.0048273791598480035,
        "fc": 0.0023751132773188726
    },
    "relative_params": {
        "conv1.0": 0.00018602688542218462,
        "conv1.1": 0.0023253360677773075,
        "conv1.2": 0.0030490260244806842,
        "layer1.0.conv1.0": 0.0030229368881105,
        "layer1.0.conv1.1": 0.0004650672135554615,
        "layer1.0.conv1.2": 0.0030490260244806842,
        "layer1.0.conv2.0": 0.0030229368881105,
        "layer1.0.conv2.1": 0.0004650672135554615,
        "layer1.0.conv2.2": 0.0030490260244806842,
        "layer1.1.conv1.0": 0.0030229368881105,
        "layer1.1.conv1.1": 0.0004650672135554615,
        "layer1.1.conv1.2": 0.0030490260244806842,
        "layer1.1.conv2.0": 0.0030229368881105,
        "layer1.1.conv2.1": 0.0004650672135554615,
        "layer1.1.conv2.2": 0.0030490260244806842,
        "layer2.0.conv1.0": 0.0030229368881105,
        "layer2.0.conv1.1": 0.0004650672135554615,
        "layer2.0.conv1.2": 0.0060980520489613685,
        "layer2.0.conv2.0": 0.005999367054865454,
        "layer2.0.conv2.1": 0.0004650672135554615,
        "layer2.0.conv2.2": 0.0060980520489613685,
        "layer2.0.downsample.0.0": 0.0030229368881105,
        "layer2.0.downsample.0.1": 0.0060980520489613685,
        "layer2.1.conv1.0": 0.005999367054865454,
        "layer2.1.conv1.1": 0.0004650672135554615,
        "layer2.1.conv1.2": 0.0060980520489613685,
        "layer2.1.conv2.0": 0.005999367054865454,
        "layer2.1.conv2.1": 0.0004650672135554615,
        "layer2.1.conv2.2": 0.0060980520489613685,
        "layer3.0.conv1.0": 0.005999367054865454,
        "layer3.0.conv1.1": 0.0004650672135554615,
        "layer3.0.conv1.2": 0.012196104097922737,
        "layer3.0.conv2.0": 0.01195222738837536,
        "layer3.0.conv2.1": 0.0004650672135554615,
        "layer3.0.conv2.2": 0.012196104097922737,
        "layer3.0.downsample.0.0": 0.005999367054865454,
        "layer3.0.downsample.0.1": 0.012196104097922737,
        "layer3.1.conv1.0": 0.01195222738837536,
        "layer3.1.conv1.1": 0.0004650672135554615,
        "layer3.1.conv1.2": 0.012196104097922737,
        "layer3.1.conv2.0": 0.01195222738837536,
        "layer3.1.conv2.1": 0.0004650672135554615,
        "layer3.1.conv2.2": 0.012196104097922737,
        "layer4.0.conv1.0": 0.01195222738837536,
        "layer4.0.conv1.1": 0.0004650672135554615,
        "layer4.0.conv1.2": 0.024392208195845474,
        "layer4.0.conv2.0": 0.02385794805539518,
        "layer4.0.conv2.1": 0.0004650672135554615,
        "layer4.0.conv2.2": 0.024392208195845474,
        "layer4.0.downsample.0.0": 0.01195222738837536,
        "layer4.0.downsample.0.1": 0.024392208195845474,
        "layer4.1.conv1.0": 0.02385794805539518,
        "layer4.1.conv1.1": 0.0004650672135554615,
        "layer4.1.conv1.2": 0.024392208195845474,
        "layer4.1.conv2.0": 0.02385794805539518,
        "layer4.1.conv2.1": 0.0004650672135554615,
        "layer4.1.conv2.2": 0.024392208195845474,
        "fc": 0.5819011720828092
    }
}