{
    "total_flops": 1030290582,
    "total_params": 3192159,
    "relative_flops": {
        "conv1.0": 0.0010227172978273425,
        "conv1.1.0": 0.0010227172978273425,
        "conv1.1.1": 0.0036160361601752468,
        "conv1.1.2": 0.00545449225507916,
        "conv1.2": 0.10051850012931594,
        "layer1.0.conv1.0": 0.025129625032328986,
        "layer1.0.conv1.1.0": 0.0035338535201712637,
        "layer1.0.conv1.1.1": 0.0005204900533585582,
        "layer1.0.conv1.1.2": 0.0037012626016608586,
        "layer1.0.conv1.2": 0.025129625032328986,
        "layer1.0.conv2.0": 0.025129625032328986,
        "layer1.0.conv2.1.0": 0.0035338535201712637,
        "layer1.0.conv2.1.1": 0.0005204900533585582,
        "layer1.0.conv2.1.2": 0.0037012626016608586,
        "layer1.0.conv2.2": 0.025129625032328986,
        "layer1.1.conv1.0": 0.025129625032328986,
        "layer1.1.conv1.1.0": 0.0035338535201712637,
        "layer1.1.conv1.1.1": 0.0005204900533585582,
        "layer1.1.conv1.1.2": 0.0037012626016608586,
        "layer1.1.conv1.2": 0.025129625032328986,
        "layer1.1.conv2.0": 0.025129625032328986,
        "layer1.1.conv2.1.0": 0.0035338535201712637,
        "layer1.1.conv2.1.1": 0.0005204900533585582,
        "layer1.1.conv2.1.2": 0.0037012626016608586,
        "layer1.1.conv2.2": 0.025129625032328986,
        "layer2.0.conv1.0": 0.025129625032328986,
        "layer2.0.conv1.1.0": 0.0035338535201712637,
        "layer2.0.conv1.1.1": 0.00013012251333963955,
        "layer2.0.conv1.1.2": 0.0018506313008304293,
        "layer2.0.conv1.2": 0.025032223384916858,
        "layer2.0.conv2.0": 0.025032223384916858,
        "layer2.0.conv2.1.0": 0.0017600782067519667,
        "layer2.0.conv2.1.1": 0.00013012251333963955,
        "layer2.0.conv2.1.2": 0.0018506313008304293,
        "layer2.0.conv2.2": 0.025032223384916858,
        "layer2.0.downsample.0.0": 0.0050062924869092905,
        "layer2.0.downsample.0.1": 0.010032369683449168,
        "layer2.1.conv1.0": 0.025032223384916858,
        "layer2.1.conv1.1.0": 0.0017600782067519667,
        "layer2.1.conv1.1.1": 0.00013012251333963955,
        "layer2.1.conv1.1.2": 0.0018506313008304293,
        "layer2.1.conv1.2": 0.025032223384916858,
        "layer2.1.conv2.0": 0.025032223384916858,
        "layer2.1.conv2.1.0": 0.0017600782067519667,
        "layer2.1.conv2.1.1": 0.00013012251333963955,
        "layer2.1.conv2.1.2": 0.0018506313008304293,
        "layer2.1.conv2.2": 0.025032223384916858,
        "layer3.0.conv1.0": 0.025032223384916858,
        "layer3.0.conv1.1.0": 0.0017600782067519667,
        "layer3.0.conv1.1.1": 3.253062833490989e-05,
        "layer3.0.conv1.1.2": 0.0009253156504152146,
        "layer3.0.conv1.2": 0.024983522561210794,
        "layer3.0.conv2.0": 0.024983522561210794,
        "layer3.0.conv2.1.0": 0.000878326965042567,
        "layer3.0.conv2.1.1": 3.253062833490989e-05,
        "layer3.0.conv2.1.2": 0.0009253156504152146,
        "layer3.0.conv2.2": 0.024983522561210794,
        "layer3.0.downsample.0.0": 0.002493444126231953,
        "layer3.0.downsample.0.1": 0.005016184841724584,
        "layer3.1.conv1.0": 0.024983522561210794,
        "layer3.1.conv1.1.0": 0.000878326965042567,
        "layer3.1.conv1.1.1": 3.253062833490989e-05,
        "layer3.1.conv1.1.2": 0.0009253156504152146,
        "layer3.1.conv1.2": 0.024983522561210794,
        "layer3.1.conv2.0": 0.024983522561210794,
        "layer3.1.conv2.1.0": 0.000878326965042567,
        "layer3.1.conv2.1.1": 3.253062833490989e-05,
        "layer3.1.conv2.1.2": 0.0009253156504152146,
        "layer3.1.conv2.2": 0.024983522561210794,
        "layer4.0.conv1.0": 0.024983522561210794,
        "layer4.0.conv1.1.0": 0.000878326965042567,
        "layer4.0.conv1.1.1": 8.132657083727472e-06,
        "layer4.0.conv1.1.2": 0.0004626578252076073,
        "layer4.0.conv1.2": 0.024959172149357764,
        "layer4.0.conv2.0": 0.024959172149357764,
        "layer4.0.conv2.1.0": 0.0004387354479379294,
        "layer4.0.conv2.1.1": 8.132657083727472e-06,
        "layer4.0.conv2.1.2": 0.0004626578252076073,
        "layer4.0.conv2.2": 0.024959172149357764,
        "layer4.0.downsample.0.0": 0.0012442965338103032,
        "layer4.0.downsample.0.1": 0.002508092420862292,
        "layer4.1.conv1.0": 0.024959172149357764,
        "layer4.1.conv1.1.0": 0.0004387354479379294,
        "layer4.1.conv1.1.1": 8.132657083727472e-06,
        "layer4.1.conv1.1.2": 0.0004626578252076073,
        "layer4.1.conv1.2": 0.024959172149357764,
        "layer4.1.conv2.0": 0.024959172149357764,
        "layer4.1.conv2.1.0": 0.0004387354479379294,
        "layer4.1.conv2.1.1": 8.132657083727472e-06,
        "layer4.1.conv2.1.2": 0.0004626578252076073,
        "layer4.1.conv2.2": 0.024959172149357764,
        "fc": 0.0009943913085289175
    },
    "relative_params": {
        "conv1.0": 3.759211242297141e-06,
        "conv1.1.0": 3.759211242297141e-06,
        "conv1.1.1": 4.6990140528714264e-05,
        "conv1.1.2": 8.019650650233902e-05,
        "conv1.2": 0.001303193230663009,
        "layer1.0.conv1.0": 0.001303193230663009,
        "layer1.0.conv1.1.0": 0.00018326154806198563,
        "layer1.0.conv1.1.1": 2.8194084317228558e-05,
        "layer1.0.conv1.1.2": 0.00020049126625584754,
        "layer1.0.conv1.2": 0.001303193230663009,
        "layer1.0.conv2.0": 0.001303193230663009,
        "layer1.0.conv2.1.0": 0.00018326154806198563,
        "layer1.0.conv2.1.1": 2.8194084317228558e-05,
        "layer1.0.conv2.1.2": 0.00020049126625584754,
        "layer1.0.conv2.2": 0.001303193230663009,
        "layer1.1.conv1.0": 0.001303193230663009,
        "layer1.1.conv1.1.0": 0.00018326154806198563,
        "layer1.1.conv1.1.1": 2.8194084317228558e-05,
        "layer1.1.conv1.1.2": 0.00020049126625584754,
        "layer1.1.conv1.2": 0.001303193230663009,
        "layer1.1.conv2.0": 0.001303193230663009,
        "layer1.1.conv2.1.0": 0.00018326154806198563,
        "layer1.1.conv2.1.1": 2.8194084317228558e-05,
        "layer1.1.conv2.1.2": 0.00020049126625584754,
        "layer1.1.conv2.2": 0.001303193230663009,
        "layer2.0.conv1.0": 0.001303193230663009,
        "layer2.0.conv1.1.0": 0.00018326154806198563,
        "layer2.0.conv1.1.1": 2.8194084317228558e-05,
        "layer2.0.conv1.1.2": 0.0004009825325116951,
        "layer2.0.conv1.2": 0.005172674669400867,
        "layer2.0.conv2.0": 0.005172674669400867,
        "layer2.0.conv2.1.0": 0.0003637036876922484,
        "layer2.0.conv2.1.1": 2.8194084317228558e-05,
        "layer2.0.conv2.1.2": 0.0004009825325116951,
        "layer2.0.conv2.2": 0.005172674669400867,
        "layer2.0.downsample.0.0": 0.0010384821056845853,
        "layer2.0.downsample.0.1": 0.0020851091690608143,
        "layer2.1.conv1.0": 0.005172674669400867,
        "layer2.1.conv1.1.0": 0.0003637036876922484,
        "layer2.1.conv1.1.1": 2.8194084317228558e-05,
        "layer2.1.conv1.1.2": 0.0004009825325116951,
        "layer2.1.conv1.2": 0.005172674669400867,
        "layer2.1.conv2.0": 0.005172674669400867,
        "layer2.1.conv2.1.0": 0.0003637036876922484,
        "layer2.1.conv2.1.1": 2.8194084317228558e-05,
        "layer2.1.conv2.1.2": 0.0004009825325116951,
        "layer2.1.conv2.2": 0.005172674669400867,
        "layer3.0.conv1.0": 0.005172674669400867,
        "layer3.0.conv1.1.0": 0.0003637036876922484,
        "layer3.0.conv1.1.1": 2.8194084317228558e-05,
        "layer3.0.conv1.1.2": 0.0008019650650233902,
        "layer3.0.conv1.2": 0.020610502171101126,
        "layer3.0.conv2.0": 0.020610502171101126,
        "layer3.0.conv2.1.0": 0.000724587966952774,
        "layer3.0.conv2.1.1": 2.8194084317228558e-05,
        "layer3.0.conv2.1.2": 0.0008019650650233902,
        "layer3.0.conv2.2": 0.020610502171101126,
        "layer3.0.downsample.0.0": 0.0020609875635894076,
        "layer3.0.downsample.0.1": 0.004170218338121629,
        "layer3.1.conv1.0": 0.020610502171101126,