{
    "total_flops": 1021844550,
    "total_params": 3170607,
    "relative_flops": {
        "conv1.0": 0.001031170543503902,
        "conv1.1.0": 0.001031170543503902,
        "conv1.1.1": 0.00364592442167451,
        "conv1.1.2": 0.00549957623202081,
        "conv1.2": 0.10134933341866921,
        "layer1.0.conv1.0": 0.025337333354667303,
        "layer1.0.conv1.1.0": 0.0035630625030000896,
        "layer1.0.conv1.1.1": 0.0005247921516046643,
        "layer1.0.conv1.1.2": 0.0037318553002998354,
        "layer1.0.conv1.2": 0.025337333354667303,
        "layer1.0.conv2.0": 0.025337333354667303,
        "layer1.0.conv2.1.0": 0.0035630625030000896,
        "layer1.0.conv2.1.1": 0.0005247921516046643,
        "layer1.0.conv2.1.2": 0.0037318553002998354,
        "layer1.0.conv2.2": 0.025337333354667303,
        "layer1.1.conv1.0": 0.025337333354667303,
        "layer1.1.conv1.1.0": 0.0035630625030000896,
        "layer1.1.conv1.1.1": 0.0005247921516046643,
        "layer1.1.conv1.1.2": 0.0037318553002998354,
        "layer1.1.conv1.2": 0.025337333354667303,
        "layer1.1.conv2.0": 0.025337333354667303,
        "layer1.1.conv2.1.0": 0.0035630625030000896,
        "layer1.1.conv2.1.1": 0.0005247921516046643,
        "layer1.1.conv2.1.2": 0.0037318553002998354,
        "layer1.1.conv2.2": 0.025337333354667303,
        "layer2.0.conv1.0": 0.025337333354667303,
        "layer2.0.conv1.1.0": 0.0035630625030000896,
        "layer2.0.conv1.1.1": 0.00013119803790116608,
        "layer2.0.conv1.1.2": 0.0018659276501499177,
        "layer2.0.conv1.2": 0.025239126636238358,
        "layer2.0.conv2.0": 0.025239126636238358,
        "layer2.0.conv2.1.0": 0.0017746260916105096,
        "layer2.0.conv2.1.1": 0.00013119803790116608,
        "layer2.0.conv2.1.2": 0.0018659276501499177,
        "layer2.0.conv2.2": 0.025239126636238358,
        "layer2.0.downsample.0.0": 0.00346408854458342,
        "layer2.0.downsample.0.1": 0.0069726770084549555,
        "layer2.1.conv1.0": 0.025239126636238358,
        "layer2.1.conv1.1.0": 0.0017746260916105096,
        "layer2.1.conv1.1.1": 0.00013119803790116608,
        "layer2.1.conv1.1.2": 0.0018659276501499177,
        "layer2.1.conv1.2": 0.025239126636238358,
        "layer2.1.conv2.0": 0.025239126636238358,
        "layer2.1.conv2.1.0": 0.0017746260916105096,
        "layer2.1.conv2.1.1": 0.00013119803790116608,
        "layer2.1.conv2.1.2": 0.0018659276501499177,
        "layer2.1.conv2.2": 0.025239126636238358,
        "layer3.0.conv1.0": 0.025239126636238358,
        "layer3.0.conv1.1.0": 0.0017746260916105096,
        "layer3.0.conv1.1.1": 3.279950947529152e-05,
        "layer3.0.conv1.1.2": 0.0009329638250749589,
        "layer3.0.conv1.2": 0.02519002327702389,
        "layer3.0.conv2.0": 0.02519002327702389,
        "layer3.0.conv2.1.0": 0.0008855867558328711,
        "layer3.0.conv2.1.1": 3.279950947529152e-05,
        "layer3.0.conv2.1.2": 0.0009329638250749589,
        "layer3.0.conv2.2": 0.02519002327702389,
        "layer3.0.downsample.0.0": 0.0017253309223991065,
        "layer3.0.downsample.0.1": 0.0034863385042274778,
        "layer3.1.conv1.0": 0.02519002327702389,
        "layer3.1.conv1.1.0": 0.0008855867558328711,
        "layer3.1.conv1.1.1": 3.279950947529152e-05,
        "layer3.1.conv1.1.2": 0.0009329638250749589,
        "layer3.1.conv1.2": 0.02519002327702389,
        "layer3.1.conv2.0": 0.02519002327702389,
        "layer3.1.conv2.1.0": 0.0008855867558328711,
        "layer3.1.conv2.1.1": 3.279950947529152e-05,
        "layer3.1.conv2.1.2": 0.0009329638250749589,
        "layer3.1.conv2.2": 0.02519002327702389,
        "layer4.0.conv1.0": 0.02519002327702389,
        "layer4.0.conv1.1.0": 0.0008855867558328711,
        "layer4.0.conv1.1.1": 8.19987736882288e-06,
        "layer4.0.conv1.1.2": 0.0004664819125374794,
        "layer4.0.conv1.2": 0.025165471597416653,
        "layer4.0.conv2.0": 0.025165471597416653,
        "layer4.0.conv2.1.0": 0.00044236180542333957,
        "layer4.0.conv2.1.1": 8.19987736882288e-06,
        "layer4.0.conv2.1.2": 0.0004664819125374794,
        "layer4.0.conv2.2": 0.025165471597416653,
        "layer4.0.downsample.0.0": 0.0008609871237264024,
        "layer4.0.downsample.0.1": 0.0017431692521137389,
        "layer4.1.conv1.0": 0.025165471597416653,
        "layer4.1.conv1.1.0": 0.00044236180542333957,
        "layer4.1.conv1.1.1": 8.19987736882288e-06,
        "layer4.1.conv1.1.2": 0.0004664819125374794,
        "layer4.1.conv1.2": 0.025165471597416653,
        "layer4.1.conv2.0": 0.025165471597416653,
        "layer4.1.conv2.1.0": 0.00044236180542333957,
        "layer4.1.conv2.1.1": 8.19987736882288e-06,
        "layer4.1.conv2.1.2": 0.0004664819125374794,
        "layer4.1.conv2.2": 0.025165471597416653,
        "fc": 0.0010026104264097705
    },
    "relative_params": {
        "conv1.0": 3.7847642423043917e-06,
        "conv1.1.0": 3.7847642423043917e-06,
        "conv1.1.1": 4.73095530288049e-05,
        "conv1.1.2": 8.074163716916035e-05,
        "conv1.2": 0.0013120516039988558,
        "layer1.0.conv1.0": 0.0013120516039988558,
        "layer1.0.conv1.1.0": 0.0001845072568123391,
        "layer1.0.conv1.1.1": 2.8385731817282937e-05,
        "layer1.0.conv1.1.2": 0.00020185409292290088,
        "layer1.0.conv1.2": 0.0013120516039988558,
        "layer1.0.conv2.0": 0.0013120516039988558,
        "layer1.0.conv2.1.0": 0.0001845072568123391,
        "layer1.0.conv2.1.1": 2.8385731817282937e-05,
        "layer1.0.conv2.1.2": 0.00020185409292290088,
        "layer1.0.conv2.2": 0.0013120516039988558,
        "layer1.1.conv1.0": 0.0013120516039988558,
        "layer1.1.conv1.1.0": 0.0001845072568123391,
        "layer1.1.conv1.1.1": 2.8385731817282937e-05,
        "layer1.1.conv1.1.2": 0.00020185409292290088,
        "layer1.1.conv1.2": 0.0013120516039988558,
        "layer1.1.conv2.0": 0.0013120516039988558,
        "layer1.1.conv2.1.0": 0.0001845072568123391,
        "layer1.1.conv2.1.1": 2.8385731817282937e-05,
        "layer1.1.conv2.1.2": 0.00020185409292290088,
        "layer1.1.conv2.2": 0.0013120516039988558,
        "layer2.0.conv1.0": 0.0013120516039988558,
        "layer2.0.conv1.1.0": 0.0001845072568123391,
        "layer2.0.conv1.1.1": 2.8385731817282937e-05,
        "layer2.0.conv1.1.2": 0.00040370818584580177,
        "layer2.0.conv1.2": 0.005207835597410843,
        "layer2.0.conv2.0": 0.005207835597410843,
        "layer2.0.conv2.1.0": 0.00036617594044294986,
        "layer2.0.conv2.1.1": 2.8385731817282937e-05,
        "layer2.0.conv2.1.2": 0.00040370818584580177,
        "layer2.0.conv2.2": 0.005207835597410843,
        "layer2.0.downsample.0.0": 0.0007175282209368742,
        "layer2.0.downsample.0.1": 0.0014533494690448863,
        "layer2.1.conv1.0": 0.005207835597410843,
        "layer2.1.conv1.1.0": 0.00036617594044294986,
        "layer2.1.conv1.1.1": 2.8385731817282937e-05,
        "layer2.1.conv1.1.2": 0.00040370818584580177,
        "layer2.1.conv1.2": 0.005207835597410843,
        "layer2.1.conv2.0": 0.005207835597410843,
        "layer2.1.conv2.1.0": 0.00036617594044294986,
        "layer2.1.conv2.1.1": 2.8385731817282937e-05,
        "layer2.1.conv2.1.2": 0.00040370818584580177,
        "layer2.1.conv2.2": 0.005207835597410843,
        "layer3.0.conv1.0": 0.005207835597410843,
        "layer3.0.conv1.1.0": 0.00036617594044294986,
        "layer3.0.conv1.1.1": 2.8385731817282937e-05,
        "layer3.0.conv1.1.2": 0.0008074163716916035,
        "layer3.0.conv1.2": 0.020750600752474212,
        "layer3.0.conv2.0": 0.020750600752474212,
        "layer3.0.conv2.1.0": 0.0007295133077041715,
        "layer3.0.conv2.1.1": 2.8385731817282937e-05,
        "layer3.0.conv2.1.2": 0.0008074163716916035,
        "layer3.0.conv2.2": 0.020750600752474212,
        "layer3.0.downsample.0.0": 0.0014240175461670273,
        "layer3.0.downsample.0.1": 0.0029066989380897726,
        "layer3.1.conv1.0": 0.020750600752474212,