{
    "total_flops": 1016565780,
    "total_params": 3157137,
    "relative_flops": {
        "conv1.0": 0.0010365251523615127,
        "conv1.1.0": 0.0010365251523615127,
        "conv1.1.1": 0.003664856788706777,
        "conv1.1.2": 0.005528134145928068,
        "conv1.2": 0.1018756149749601,
        "layer1.0.conv1.0": 0.025468903743740025,
        "layer1.0.conv1.1.0": 0.003581564588963441,
        "layer1.0.conv1.1.1": 0.000527517265041127,
        "layer1.0.conv1.1.2": 0.003751233884736903,
        "layer1.0.conv1.2": 0.025468903743740025,
        "layer1.0.conv2.0": 0.025468903743740025,
        "layer1.0.conv2.1.0": 0.003581564588963441,
        "layer1.0.conv2.1.1": 0.000527517265041127,
        "layer1.0.conv2.1.2": 0.003751233884736903,
        "layer1.0.conv2.2": 0.025468903743740025,
        "layer1.1.conv1.0": 0.025468903743740025,
        "layer1.1.conv1.1.0": 0.003581564588963441,
        "layer1.1.conv1.1.1": 0.000527517265041127,
        "layer1.1.conv1.1.2": 0.003751233884736903,
        "layer1.1.conv1.2": 0.025468903743740025,
        "layer1.1.conv2.0": 0.025468903743740025,
        "layer1.1.conv2.1.0": 0.003581564588963441,
        "layer1.1.conv2.1.1": 0.000527517265041127,
        "layer1.1.conv2.1.2": 0.003751233884736903,
        "layer1.1.conv2.2": 0.025468903743740025,
        "layer2.0.conv1.0": 0.025468903743740025,
        "layer2.0.conv1.1.0": 0.003581564588963441,
        "layer2.0.conv1.1.1": 0.00013187931626028175,
        "layer2.0.conv1.1.2": 0.0018756169423684516,
        "layer2.0.conv1.2": 0.02537018706256274,
        "layer2.0.conv2.0": 0.02537018706256274,
        "layer2.0.conv2.1.0": 0.0017838412778364426,
        "layer2.0.conv2.1.1": 0.00013187931626028175,
        "layer2.0.conv2.1.2": 0.0018756169423684516,
        "layer2.0.conv2.2": 0.02537018706256274,
        "layer2.0.downsample.0.0": 0.002487197631224612,
        "layer2.0.downsample.0.1": 0.0050345507400416335,
        "layer2.1.conv1.0": 0.02537018706256274,
        "layer2.1.conv1.1.0": 0.0017838412778364426,
        "layer2.1.conv1.1.1": 0.00013187931626028175,
        "layer2.1.conv1.1.2": 0.0018756169423684516,
        "layer2.1.conv1.2": 0.02537018706256274,
        "layer2.1.conv2.0": 0.02537018706256274,
        "layer2.1.conv2.1.0": 0.0017838412778364426,
        "layer2.1.conv2.1.1": 0.00013187931626028175,
        "layer2.1.conv2.1.2": 0.0018756169423684516,
        "layer2.1.conv2.2": 0.02537018706256274,
        "layer3.0.conv1.0": 0.02537018706256274,
        "layer3.0.conv1.1.0": 0.0017838412778364426,
        "layer3.0.conv1.1.1": 3.2969829065070436e-05,
        "layer3.0.conv1.1.2": 0.0009378084711842258,
        "layer3.0.conv1.2": 0.025320828721974095,
        "layer3.0.conv2.0": 0.025320828721974095,
        "layer3.0.conv2.1.0": 0.0008901853847569018,
        "layer3.0.conv2.1.1": 3.2969829065070436e-05,
        "layer3.0.conv2.1.2": 0.0009378084711842258,
        "layer3.0.conv2.2": 0.025320828721974095,
        "layer3.0.downsample.0.0": 0.0012387786651641964,
        "layer3.0.downsample.0.1": 0.0025172753700208167,
        "layer3.1.conv1.0": 0.025320828721974095,
        "layer3.1.conv1.1.0": 0.0008901853847569018,
        "layer3.1.conv1.1.1": 3.2969829065070436e-05,
        "layer3.1.conv1.1.2": 0.0009378084711842258,
        "layer3.1.conv1.2": 0.025320828721974095,
        "layer3.1.conv2.0": 0.025320828721974095,
        "layer3.1.conv2.1.0": 0.0008901853847569018,
        "layer3.1.conv2.1.1": 3.2969829065070436e-05,
        "layer3.1.conv2.1.2": 0.0009378084711842258,
        "layer3.1.conv2.2": 0.025320828721974095,
        "layer4.0.conv1.0": 0.025320828721974095,
        "layer4.0.conv1.1.0": 0.0008901853847569018,
        "layer4.0.conv1.1.1": 8.242457266267609e-06,
        "layer4.0.conv1.1.2": 0.0004689042355921129,
        "layer4.0.conv1.2": 0.025296149551679775,
        "layer4.0.conv2.0": 0.025296149551679775,
        "layer4.0.conv2.1.0": 0.00044465887883812105,
        "layer4.0.conv2.1.1": 8.242457266267609e-06,
        "layer4.0.conv2.1.2": 0.0004689042355921129,
        "layer4.0.conv2.2": 0.025296149551679775,
        "layer4.0.downsample.0.0": 0.0006181842949700708,
        "layer4.0.downsample.0.1": 0.0012586376850104084,
        "layer4.1.conv1.0": 0.025296149551679775,
        "layer4.1.conv1.1.0": 0.00044465887883812105,
        "layer4.1.conv1.1.1": 8.242457266267609e-06,
        "layer4.1.conv1.1.2": 0.0004689042355921129,
        "layer4.1.conv1.2": 0.025296149551679775,
        "layer4.1.conv2.0": 0.025296149551679775,
        "layer4.1.conv2.1.0": 0.00044465887883812105,
        "layer4.1.conv2.1.1": 8.242457266267609e-06,
        "layer4.1.conv2.1.2": 0.0004689042355921129,
        "layer4.1.conv2.2": 0.025296149551679775,
        "fc": 0.0010078167297742405
    },
    "relative_params": {
        "conv1.0": 3.8009120288413205e-06,
        "conv1.1.0": 3.8009120288413205e-06,
        "conv1.1.1": 4.751140036051651e-05,
        "conv1.1.2": 8.108612328194817e-05,
        "conv1.2": 0.0013176495033316578,
        "layer1.0.conv1.0": 0.0013176495033316578,
        "layer1.0.conv1.1.0": 0.00018529446140601438,
        "layer1.0.conv1.1.1": 2.8506840216309903e-05,
        "layer1.0.conv1.1.2": 0.00020271530820487044,
        "layer1.0.conv1.2": 0.0013176495033316578,
        "layer1.0.conv2.0": 0.0013176495033316578,
        "layer1.0.conv2.1.0": 0.00018529446140601438,
        "layer1.0.conv2.1.1": 2.8506840216309903e-05,
        "layer1.0.conv2.1.2": 0.00020271530820487044,
        "layer1.0.conv2.2": 0.0013176495033316578,
        "layer1.1.conv1.0": 0.0013176495033316578,
        "layer1.1.conv1.1.0": 0.00018529446140601438,
        "layer1.1.conv1.1.1": 2.8506840216309903e-05,
        "layer1.1.conv1.1.2": 0.00020271530820487044,
        "layer1.1.conv1.2": 0.0013176495033316578,
        "layer1.1.conv2.0": 0.0013176495033316578,
        "layer1.1.conv2.1.0": 0.00018529446140601438,
        "layer1.1.conv2.1.1": 2.8506840216309903e-05,
        "layer1.1.conv2.1.2": 0.00020271530820487044,
        "layer1.1.conv2.2": 0.0013176495033316578,
        "layer2.0.conv1.0": 0.0013176495033316578,
        "layer2.0.conv1.1.0": 0.00018529446140601438,
        "layer2.0.conv1.1.1": 2.8506840216309903e-05,
        "layer2.0.conv1.1.2": 0.0004054306164097409,
        "layer2.0.conv1.2": 0.005230054951685657,
        "layer2.0.conv2.0": 0.005230054951685657,
        "layer2.0.conv2.1.0": 0.00036773823879039777,
        "layer2.0.conv2.1.1": 2.8506840216309903e-05,
        "layer2.0.conv2.1.2": 0.0004054306164097409,
        "layer2.0.conv2.2": 0.005230054951685657,
        "layer2.0.downsample.0.0": 0.0005147068372389288,
        "layer2.0.downsample.0.1": 0.0010541196026653261,
        "layer2.1.conv1.0": 0.005230054951685657,
        "layer2.1.conv1.1.0": 0.00036773823879039777,
        "layer2.1.conv1.1.1": 2.8506840216309903e-05,
        "layer2.1.conv1.1.2": 0.0004054306164097409,
        "layer2.1.conv1.2": 0.005230054951685657,
        "layer2.1.conv2.0": 0.005230054951685657,
        "layer2.1.conv2.1.0": 0.00036773823879039777,
        "layer2.1.conv2.1.1": 2.8506840216309903e-05,
        "layer2.1.conv2.1.2": 0.0004054306164097409,
        "layer2.1.conv2.2": 0.005230054951685657,
        "layer3.0.conv1.0": 0.005230054951685657,
        "layer3.0.conv1.1.0": 0.00036773823879039777,
        "layer3.0.conv1.1.1": 2.8506840216309903e-05,
        "layer3.0.conv1.1.2": 0.0008108612328194818,
        "layer3.0.conv1.2": 0.02083913368346068,
        "layer3.0.conv2.0": 0.02083913368346068,
        "layer3.0.conv2.1.0": 0.0007326257935591645,
        "layer3.0.conv2.1.1": 2.8506840216309903e-05,
        "layer3.0.conv2.1.2": 0.0008108612328194818,
        "layer3.0.conv2.2": 0.02083913368346068,
        "layer3.0.downsample.0.0": 0.0010214951077511048,
        "layer3.0.downsample.0.1": 0.0021082392053306523,
        "layer3.1.conv1.0": 0.02083913368346068,