{
    "total_flops": 1033985721,
    "total_params": 3201588,
    "relative_flops": {
        "conv1.0": 0.00101906242861936,
        "conv1.1.0": 0.00101906242861936,
        "conv1.1.1": 0.0036031135869041657,
        "conv1.1.2": 0.005434999619303253,
        "conv1.2": 0.10015927869858852,
        "layer1.0.conv1.0": 0.02503981967464713,
        "layer1.0.conv1.1.0": 0.003521224641747253,
        "layer1.0.conv1.1.1": 0.0005186299859937815,
        "layer1.0.conv1.1.2": 0.0036880354559557793,
        "layer1.0.conv1.2": 0.02503981967464713,
        "layer1.0.conv2.0": 0.02503981967464713,
        "layer1.0.conv2.1.0": 0.003521224641747253,
        "layer1.0.conv2.1.1": 0.0005186299859937815,
        "layer1.0.conv2.1.2": 0.0036880354559557793,
        "layer1.0.conv2.2": 0.02503981967464713,
        "layer1.1.conv1.0": 0.02503981967464713,
        "layer1.1.conv1.1.0": 0.003521224641747253,
        "layer1.1.conv1.1.1": 0.0005186299859937815,
        "layer1.1.conv1.1.2": 0.0036880354559557793,
        "layer1.1.conv1.2": 0.02503981967464713,
        "layer1.1.conv2.0": 0.02503981967464713,
        "layer1.1.conv2.1.0": 0.003521224641747253,
        "layer1.1.conv2.1.1": 0.0005186299859937815,
        "layer1.1.conv2.1.2": 0.0036880354559557793,
        "layer1.1.conv2.2": 0.02503981967464713,
        "layer2.0.conv1.0": 0.02503981967464713,
        "layer2.0.conv1.1.0": 0.003521224641747253,
        "layer2.0.conv1.1.1": 0.00012965749649844537,
        "layer2.0.conv1.1.2": 0.0018440177279778897,
        "layer2.0.conv1.2": 0.024942766110016716,
        "layer2.0.conv2.0": 0.024942766110016716,
        "layer2.0.conv2.1.0": 0.0017537882421105504,
        "layer2.0.conv2.1.1": 0.00012965749649844537,
        "layer2.0.conv2.1.2": 0.0018440177279778897,
        "layer2.0.conv2.2": 0.024942766110016716,
        "layer2.0.downsample.0.0": 0.005673084145037241,
        "layer2.0.downsample.0.1": 0.011355267061758583,
        "layer2.1.conv1.0": 0.024942766110016716,
        "layer2.1.conv1.1.0": 0.0017537882421105504,
        "layer2.1.conv1.1.1": 0.00012965749649844537,
        "layer2.1.conv1.1.2": 0.0018440177279778897,
        "layer2.1.conv1.2": 0.024942766110016716,
        "layer2.1.conv2.0": 0.024942766110016716,
        "layer2.1.conv2.1.0": 0.0017537882421105504,
        "layer2.1.conv2.1.1": 0.00012965749649844537,
        "layer2.1.conv2.1.2": 0.0018440177279778897,
        "layer2.1.conv2.2": 0.024942766110016716,
        "layer3.0.conv1.0": 0.024942766110016716,
        "layer3.0.conv1.1.0": 0.0017537882421105504,
        "layer3.0.conv1.1.1": 3.241437412461134e-05,
        "layer3.0.conv1.1.2": 0.0009220088639889448,
        "layer3.0.conv1.2": 0.02489423932770151,
        "layer3.0.conv2.0": 0.02489423932770151,
        "layer3.0.conv2.1.0": 0.0008751881013645061,
        "layer3.0.conv2.1.1": 3.241437412461134e-05,
        "layer3.0.conv2.1.2": 0.0009220088639889448,
        "layer3.0.conv2.2": 0.02489423932770151,
        "layer3.0.downsample.0.0": 0.0028255477234003313,
        "layer3.0.downsample.0.1": 0.0056776335308792916,
        "layer3.1.conv1.0": 0.02489423932770151,
        "layer3.1.conv1.1.0": 0.0008751881013645061,
        "layer3.1.conv1.1.1": 3.241437412461134e-05,
        "layer3.1.conv1.1.2": 0.0009220088639889448,
        "layer3.1.conv1.2": 0.02489423932770151,
        "layer3.1.conv2.0": 0.02489423932770151,
        "layer3.1.conv2.1.0": 0.0008751881013645061,
        "layer3.1.conv2.1.1": 3.241437412461134e-05,
        "layer3.1.conv2.1.2": 0.0009220088639889448,
        "layer3.1.conv2.2": 0.02489423932770151,
        "layer4.0.conv1.0": 0.02489423932770151,
        "layer4.0.conv1.1.0": 0.0008751881013645061,
        "layer4.0.conv1.1.1": 8.103593531152835e-06,
        "layer4.0.conv1.1.2": 0.0004610044319944724,
        "layer4.0.conv1.2": 0.024869975936543904,
        "layer4.0.conv2.0": 0.024869975936543904,
        "layer4.0.conv2.1.0": 0.00043716754575956083,
        "layer4.0.conv2.1.1": 8.103593531152835e-06,
        "layer4.0.conv2.1.2": 0.0004610044319944724,
        "layer4.0.conv2.2": 0.024869975936543904,
        "layer4.0.downsample.0.0": 0.0014100252744205933,
        "layer4.0.downsample.0.1": 0.0028388167654396458,
        "layer4.1.conv1.0": 0.024869975936543904,
        "layer4.1.conv1.1.0": 0.00043716754575956083,
        "layer4.1.conv1.1.1": 8.103593531152835e-06,
        "layer4.1.conv1.1.2": 0.0004610044319944724,
        "layer4.1.conv1.2": 0.024869975936543904,
        "layer4.1.conv2.0": 0.024869975936543904,
        "layer4.1.conv2.1.0": 0.00043716754575956083,
        "layer4.1.conv2.1.1": 8.103593531152835e-06,
        "layer4.1.conv2.1.2": 0.0004610044319944724,
        "layer4.1.conv2.2": 0.024869975936543904,
        "fc": 0.0009908376674768412
    },
    "relative_params": {
        "conv1.0": 3.7481399855321796e-06,
        "conv1.1.0": 3.7481399855321796e-06,
        "conv1.1.1": 4.6851749819152246e-05,
        "conv1.1.2": 7.996031969135317e-05,
        "conv1.2": 0.001299355194984489,
        "layer1.0.conv1.0": 0.001299355194984489,
        "layer1.0.conv1.1.0": 0.00018272182429469376,
        "layer1.0.conv1.1.1": 2.8111049891491348e-05,
        "layer1.0.conv1.1.2": 0.00019990079922838292,
        "layer1.0.conv1.2": 0.001299355194984489,
        "layer1.0.conv2.0": 0.001299355194984489,
        "layer1.0.conv2.1.0": 0.00018272182429469376,
        "layer1.0.conv2.1.1": 2.8111049891491348e-05,
        "layer1.0.conv2.1.2": 0.00019990079922838292,
        "layer1.0.conv2.2": 0.001299355194984489,
        "layer1.1.conv1.0": 0.001299355194984489,
        "layer1.1.conv1.1.0": 0.00018272182429469376,
        "layer1.1.conv1.1.1": 2.8111049891491348e-05,
        "layer1.1.conv1.1.2": 0.00019990079922838292,
        "layer1.1.conv1.2": 0.001299355194984489,
        "layer1.1.conv2.0": 0.001299355194984489,
        "layer1.1.conv2.1.0": 0.00018272182429469376,
        "layer1.1.conv2.1.1": 2.8111049891491348e-05,
        "layer1.1.conv2.1.2": 0.00019990079922838292,
        "layer1.1.conv2.2": 0.001299355194984489,
        "layer2.0.conv1.0": 0.001299355194984489,
        "layer2.0.conv1.1.0": 0.00018272182429469376,
        "layer2.0.conv1.1.1": 2.8111049891491348e-05,
        "layer2.0.conv1.1.2": 0.00039980159845676584,
        "layer2.0.conv1.2": 0.005157440620092279,
        "layer2.0.conv2.0": 0.005157440620092279,
        "layer2.0.conv2.1.0": 0.0003626325436002384,
        "layer2.0.conv2.1.1": 2.8111049891491348e-05,
        "layer2.0.conv2.1.2": 0.00039980159845676584,
        "layer2.0.conv2.2": 0.005157440620092279,
        "layer2.0.downsample.0.0": 0.001177540645454693,
        "layer2.0.downsample.0.1": 0.0023588294308949185,
        "layer2.1.conv1.0": 0.005157440620092279,
        "layer2.1.conv1.1.0": 0.0003626325436002384,
        "layer2.1.conv1.1.1": 2.8111049891491348e-05,
        "layer2.1.conv1.1.2": 0.00039980159845676584,
        "layer2.1.conv1.2": 0.005157440620092279,
        "layer2.1.conv2.0": 0.005157440620092279,
        "layer2.1.conv2.1.0": 0.0003626325436002384,
        "layer2.1.conv2.1.1": 2.8111049891491348e-05,
        "layer2.1.conv2.1.2": 0.00039980159845676584,
        "layer2.1.conv2.2": 0.005157440620092279,
        "layer3.0.conv1.0": 0.005157440620092279,
        "layer3.0.conv1.1.0": 0.0003626325436002384,
        "layer3.0.conv1.1.1": 2.8111049891491348e-05,
        "layer3.0.conv1.1.2": 0.0007996031969135317,
        "layer3.0.conv1.2": 0.020549802160677765,
        "layer3.0.conv2.0": 0.020549802160677765,
        "layer3.0.conv2.1.0": 0.0007224539822113276,
        "layer3.0.conv2.1.1": 2.8111049891491348e-05,
        "layer3.0.conv2.1.2": 0.0007996031969135317,
        "layer3.0.conv2.2": 0.020549802160677765,
        "layer3.0.downsample.0.0": 0.002336965280979314,
        "layer3.0.downsample.0.1": 0.004717658861789837,
        "layer3.1.conv1.0": 0.020549802160677765,
        "layer3.1.conv1.1.0": 0.0007224539822113276,