{
    "total_flops": 1009703379,
    "total_params": 3139626,
    "relative_flops": {
        "conv1.0": 0.0010435698462686832,
        "conv1.1.0": 0.0010435698462686832,
        "conv1.1.1": 0.0036897648135928445,
        "conv1.1.2": 0.0055657058467663105,
        "conv1.2": 0.10256800774755058,
        "layer1.0.conv1.0": 0.025642001936887645,
        "layer1.0.conv1.1.0": 0.003605906522374825,
        "layer1.0.conv1.1.1": 0.0005311025110474549,
        "layer1.0.conv1.1.2": 0.003776728967448568,
        "layer1.0.conv1.2": 0.025642001936887645,
        "layer1.0.conv2.0": 0.025642001936887645,
        "layer1.0.conv2.1.0": 0.003605906522374825,
        "layer1.0.conv2.1.1": 0.0005311025110474549,
        "layer1.0.conv2.1.2": 0.003776728967448568,
        "layer1.0.conv2.2": 0.025642001936887645,
        "layer1.1.conv1.0": 0.025642001936887645,
        "layer1.1.conv1.1.0": 0.003605906522374825,
        "layer1.1.conv1.1.1": 0.0005311025110474549,
        "layer1.1.conv1.1.2": 0.003776728967448568,
        "layer1.1.conv1.2": 0.025642001936887645,
        "layer1.1.conv2.0": 0.025642001936887645,
        "layer1.1.conv2.1.0": 0.003605906522374825,
        "layer1.1.conv2.1.1": 0.0005311025110474549,
        "layer1.1.conv2.1.2": 0.003776728967448568,
        "layer1.1.conv2.2": 0.025642001936887645,
        "layer2.0.conv1.0": 0.025642001936887645,
        "layer2.0.conv1.1.0": 0.003605906522374825,
        "layer2.0.conv1.1.1": 0.00013277562776186372,
        "layer2.0.conv1.1.2": 0.001888364483724284,
        "layer2.0.conv1.2": 0.025542614332481103,
        "layer2.0.conv2.0": 0.025542614332481103,
        "layer2.0.conv2.1.0": 0.0017959650702525777,
        "layer2.0.conv2.1.1": 0.00013277562776186372,
        "layer2.0.conv2.1.2": 0.001888364483724284,
        "layer2.0.conv2.2": 0.025542614332481103,
        "layer2.0.downsample.0.0": 0.0012019688407916083,
        "layer2.0.downsample.0.1": 0.0024846901101635314,
        "layer2.1.conv1.0": 0.025542614332481103,
        "layer2.1.conv1.1.0": 0.0017959650702525777,
        "layer2.1.conv1.1.1": 0.00013277562776186372,
        "layer2.1.conv1.1.2": 0.001888364483724284,
        "layer2.1.conv1.2": 0.025542614332481103,
        "layer2.1.conv2.0": 0.025542614332481103,
        "layer2.1.conv2.1.0": 0.0017959650702525777,
        "layer2.1.conv2.1.1": 0.00013277562776186372,
        "layer2.1.conv2.1.2": 0.001888364483724284,
        "layer2.1.conv2.2": 0.025542614332481103,
        "layer3.0.conv1.0": 0.025542614332481103,
        "layer3.0.conv1.1.0": 0.0017959650702525777,
        "layer3.0.conv1.1.1": 3.319390694046593e-05,
        "layer3.0.conv1.1.2": 0.000944182241862142,
        "layer3.0.conv1.2": 0.025492920530277834,
        "layer3.0.conv2.0": 0.025492920530277834,
        "layer3.0.conv2.1.0": 0.0008962354873925801,
        "layer3.0.conv2.1.1": 3.319390694046593e-05,
        "layer3.0.conv2.1.2": 0.000944182241862142,
        "layer3.0.conv2.2": 0.025492920530277834,
        "layer3.0.downsample.0.0": 0.0005986550234175259,
        "layer3.0.downsample.0.1": 0.0012423450550817657,
        "layer3.1.conv1.0": 0.025492920530277834,
        "layer3.1.conv1.1.0": 0.0008962354873925801,
        "layer3.1.conv1.1.1": 3.319390694046593e-05,
        "layer3.1.conv1.1.2": 0.000944182241862142,
        "layer3.1.conv1.2": 0.025492920530277834,
        "layer3.1.conv2.0": 0.025492920530277834,
        "layer3.1.conv2.1.0": 0.0008962354873925801,
        "layer3.1.conv2.1.1": 3.319390694046593e-05,
        "layer3.1.conv2.1.2": 0.000944182241862142,
        "layer3.1.conv2.2": 0.025492920530277834,
        "layer4.0.conv1.0": 0.025492920530277834,
        "layer4.0.conv1.1.0": 0.0008962354873925801,
        "layer4.0.conv1.1.1": 8.298476735116483e-06,
        "layer4.0.conv1.1.2": 0.000472091120931071,
        "layer4.0.conv1.2": 0.025468073629176198,
        "layer4.0.conv2.0": 0.025468073629176198,
        "layer4.0.conv2.1.0": 0.00044768098176286284,
        "layer4.0.conv2.1.1": 8.298476735116483e-06,
        "layer4.0.conv2.1.2": 0.000472091120931071,
        "layer4.0.conv2.2": 0.025468073629176198,
        "layer4.0.downsample.0.0": 0.00029874516246419336,
        "layer4.0.downsample.0.1": 0.0006211725275408829,
        "layer4.1.conv1.0": 0.025468073629176198,
        "layer4.1.conv1.1.0": 0.00044768098176286284,
        "layer4.1.conv1.1.1": 8.298476735116483e-06,
        "layer4.1.conv1.1.2": 0.000472091120931071,
        "layer4.1.conv1.2": 0.025468073629176198,
        "layer4.1.conv2.0": 0.025468073629176198,
        "layer4.1.conv2.1.0": 0.00044768098176286284,
        "layer4.1.conv2.1.1": 8.298476735116483e-06,
        "layer4.1.conv2.1.2": 0.000472091120931071,
        "layer4.1.conv2.2": 0.025468073629176198,
        "fc": 0.0010146663082524951
    },
    "relative_params": {
        "conv1.0": 3.8221112960588295e-06,
        "conv1.1.0": 3.8221112960588295e-06,
        "conv1.1.1": 4.777639120073537e-05,
        "conv1.1.2": 8.15383743159217e-05,
        "conv1.2": 0.0013249985826337277,
        "layer1.0.conv1.0": 0.0013249985826337277,
        "layer1.0.conv1.1.0": 0.00018632792568286797,
        "layer1.0.conv1.1.1": 2.8665834720441226e-05,
        "layer1.0.conv1.1.2": 0.00020384593578980426,
        "layer1.0.conv1.2": 0.0013249985826337277,
        "layer1.0.conv2.0": 0.0013249985826337277,
        "layer1.0.conv2.1.0": 0.00018632792568286797,
        "layer1.0.conv2.1.1": 2.8665834720441226e-05,
        "layer1.0.conv2.1.2": 0.00020384593578980426,
        "layer1.0.conv2.2": 0.0013249985826337277,
        "layer1.1.conv1.0": 0.0013249985826337277,
        "layer1.1.conv1.1.0": 0.00018632792568286797,
        "layer1.1.conv1.1.1": 2.8665834720441226e-05,
        "layer1.1.conv1.1.2": 0.00020384593578980426,
        "layer1.1.conv1.2": 0.0013249985826337277,
        "layer1.1.conv2.0": 0.0013249985826337277,
        "layer1.1.conv2.1.0": 0.00018632792568286797,
        "layer1.1.conv2.1.1": 2.8665834720441226e-05,
        "layer1.1.conv2.1.2": 0.00020384593578980426,
        "layer1.1.conv2.2": 0.0013249985826337277,
        "layer2.0.conv1.0": 0.0013249985826337277,
        "layer2.0.conv1.1.0": 0.00018632792568286797,
        "layer2.0.conv1.1.1": 2.8665834720441226e-05,
        "layer2.0.conv1.1.2": 0.0004076918715796085,
        "layer2.0.conv1.2": 0.00525922514337695,
        "layer2.0.conv2.0": 0.00525922514337695,
        "layer2.0.conv2.1.0": 0.0003697892678936918,
        "layer2.0.conv2.1.1": 2.8665834720441226e-05,
        "layer2.0.conv2.1.2": 0.0004076918715796085,
        "layer2.0.conv2.2": 0.00525922514337695,
        "layer2.0.downsample.0.0": 0.00024843723424382394,
        "layer2.0.downsample.0.1": 0.000529999433053491,
        "layer2.1.conv1.0": 0.00525922514337695,
        "layer2.1.conv1.1.0": 0.0003697892678936918,
        "layer2.1.conv1.1.1": 2.8665834720441226e-05,
        "layer2.1.conv1.1.2": 0.0004076918715796085,
        "layer2.1.conv1.2": 0.00525922514337695,
        "layer2.1.conv2.0": 0.00525922514337695,
        "layer2.1.conv2.1.0": 0.0003697892678936918,
        "layer2.1.conv2.1.1": 2.8665834720441226e-05,
        "layer2.1.conv2.1.2": 0.0004076918715796085,
        "layer2.1.conv2.2": 0.00525922514337695,
        "layer3.0.conv1.0": 0.00525922514337695,
        "layer3.0.conv1.1.0": 0.0003697892678936918,
        "layer3.0.conv1.1.1": 2.8665834720441226e-05,
        "layer3.0.conv1.1.2": 0.000815383743159217,
        "layer3.0.conv1.2": 0.02095536219919188,
        "layer3.0.conv2.0": 0.02095536219919188,
        "layer3.0.conv2.1.0": 0.0007367119523153395,
        "layer3.0.conv2.1.1": 2.8665834720441226e-05,
        "layer3.0.conv2.1.2": 0.000815383743159217,
        "layer3.0.conv2.2": 0.02095536219919188,
        "layer3.0.downsample.0.0": 0.000493052357191589,
        "layer3.0.downsample.0.1": 0.001059998866106982,
        "layer3.1.conv1.0": 0.02095536219919188,
        "layer3.1.conv1.1.0": 0.0007367119523153395,