{
    "total_flops": 118295820,
    "total_params": 615403,
    "relative_flops": {
        "conv1.0": 0.03266008891945633,
        "conv1.1": 0.11547674296522058,
        "conv1.2": 0.15608977561506399,
        "layer1.0.conv1.0": 0.03761742384473095,
        "layer1.0.conv1.1": 0.005540550798836341,
        "layer1.0.conv1.2": 0.039022443903765996,
        "layer1.0.conv2.0": 0.03761742384473095,
        "layer1.0.conv2.1": 0.005540550798836341,
        "layer1.0.conv2.2": 0.039022443903765996,
        "layer1.1.conv1.0": 0.03761742384473095,
        "layer1.1.conv1.1": 0.005540550798836341,
        "layer1.1.conv1.2": 0.039022443903765996,
        "layer1.1.conv2.0": 0.03761742384473095,
        "layer1.1.conv2.1": 0.005540550798836341,
        "layer1.1.conv2.2": 0.039022443903765996,
        "layer2.0.conv1.0": 0.03761742384473095,
        "layer2.0.conv1.1": 0.0013851376997090852,
        "layer2.0.conv1.2": 0.019511221951882998,
        "layer2.0.conv2.0": 0.01873580993817026,
        "layer2.0.conv2.1": 0.0013851376997090852,
        "layer2.0.conv2.2": 0.019511221951882998,
        "layer2.0.downsample.0.0": 0.009404355961182737,
        "layer2.0.downsample.0.1": 0.019511221951882998,
        "layer2.1.conv1.0": 0.01873580993817026,
        "layer2.1.conv1.1": 0.0013851376997090852,
        "layer2.1.conv1.2": 0.019511221951882998,
        "layer2.1.conv2.0": 0.01873580993817026,
        "layer2.1.conv2.1": 0.0013851376997090852,
        "layer2.1.conv2.2": 0.019511221951882998,
        "layer3.0.conv1.0": 0.01873580993817026,
        "layer3.0.conv1.1": 0.0003462844249272713,
        "layer3.0.conv1.2": 0.009755610975941499,
        "layer3.0.conv2.0": 0.009349679473036325,
        "layer3.0.conv2.1": 0.0003462844249272713,
        "layer3.0.conv2.2": 0.009755610975941499,
        "layer3.0.downsample.0.0": 0.004683952484542565,
        "layer3.0.downsample.0.1": 0.009755610975941499,
        "layer3.1.conv1.0": 0.009349679473036325,
        "layer3.1.conv1.1": 0.0003462844249272713,
        "layer3.1.conv1.2": 0.009755610975941499,
        "layer3.1.conv2.0": 0.009349679473036325,
        "layer3.1.conv2.1": 0.0003462844249272713,
        "layer3.1.conv2.2": 0.009755610975941499,
        "layer4.0.conv1.0": 0.009349679473036325,
        "layer4.0.conv1.1": 8.657110623181783e-05,
        "layer4.0.conv1.2": 0.0048778054879707496,
        "layer4.0.conv2.0": 0.004670283362505962,
        "layer4.0.conv2.1": 8.657110623181783e-05,
        "layer4.0.conv2.2": 0.0048778054879707496,
        "layer4.0.downsample.0.0": 0.0023374198682590813,
        "layer4.0.downsample.0.1": 0.0048778054879707496,
        "layer4.1.conv1.0": 0.004670283362505962,
        "layer4.1.conv1.1": 8.657110623181783e-05,
        "layer4.1.conv1.2": 0.0048778054879707496,
        "layer4.1.conv2.0": 0.004670283362505962,
        "layer4.1.conv2.1": 8.657110623181783e-05,
        "layer4.1.conv2.2": 0.0048778054879707496,
        "fc": 0.008660593417417454
    },
    "relative_params": {
        "conv1.0": 7.149786400131296e-05,
        "conv1.1": 0.000893723300016412,
        "conv1.2": 0.0012479627171138262,
        "layer1.0.conv1.0": 0.0011618402900213356,
        "layer1.0.conv1.1": 0.0001787446600032824,
        "layer1.0.conv1.2": 0.0012479627171138262,
        "layer1.0.conv2.0": 0.0011618402900213356,
        "layer1.0.conv2.1": 0.0001787446600032824,
        "layer1.0.conv2.2": 0.0012479627171138262,
        "layer1.1.conv1.0": 0.0011618402900213356,
        "layer1.1.conv1.1": 0.0001787446600032824,
        "layer1.1.conv1.2": 0.0012479627171138262,
        "layer1.1.conv2.0": 0.0011618402900213356,
        "layer1.1.conv2.1": 0.0001787446600032824,
        "layer1.1.conv2.2": 0.0012479627171138262,
        "layer2.0.conv1.0": 0.0011618402900213356,
        "layer2.0.conv1.1": 0.0001787446600032824,
        "layer2.0.conv1.2": 0.0024959254342276525,
        "layer2.0.conv2.0": 0.002305806114042343,
        "layer2.0.conv2.1": 0.0001787446600032824,
        "layer2.0.conv2.2": 0.0024959254342276525,
        "layer2.0.downsample.0.0": 0.0011618402900213356,
        "layer2.0.downsample.0.1": 0.0024959254342276525,
        "layer2.1.conv1.0": 0.002305806114042343,
        "layer2.1.conv1.1": 0.0001787446600032824,
        "layer2.1.conv1.2": 0.0024959254342276525,
        "layer2.1.conv2.0": 0.002305806114042343,
        "layer2.1.conv2.1": 0.0001787446600032824,
        "layer2.1.conv2.2": 0.0024959254342276525,
        "layer3.0.conv1.0": 0.002305806114042343,
        "layer3.0.conv1.1": 0.0001787446600032824,
        "layer3.0.conv1.2": 0.004991850868455305,
        "layer3.0.conv2.0": 0.004593737762084358,
        "layer3.0.conv2.1": 0.0001787446600032824,
        "layer3.0.conv2.2": 0.004991850868455305,
        "layer3.0.downsample.0.0": 0.002305806114042343,
        "layer3.0.downsample.0.1": 0.004991850868455305,
        "layer3.1.conv1.0": 0.004593737762084358,
        "layer3.1.conv1.1": 0.0001787446600032824,
        "layer3.1.conv1.2": 0.004991850868455305,
        "layer3.1.conv2.0": 0.004593737762084358,
        "layer3.1.conv2.1": 0.0001787446600032824,
        "layer3.1.conv2.2": 0.004991850868455305,
        "layer4.0.conv1.0": 0.004593737762084358,
        "layer4.0.conv1.1": 0.0001787446600032824,
        "layer4.0.conv1.2": 0.00998370173691061,
        "layer4.0.conv2.0": 0.009169601058168388,
        "layer4.0.conv2.1": 0.0001787446600032824,
        "layer4.0.conv2.2": 0.00998370173691061,
        "layer4.0.downsample.0.0": 0.004593737762084358,
        "layer4.0.downsample.0.1": 0.00998370173691061,
        "layer4.1.conv1.0": 0.009169601058168388,
        "layer4.1.conv1.1": 0.0001787446600032824,
        "layer4.1.conv1.2": 0.00998370173691061,
        "layer4.1.conv2.0": 0.009169601058168388,
        "layer4.1.conv2.1": 0.0001787446600032824,
        "layer4.1.conv2.2": 0.00998370173691061,
        "fc": 0.8336000961971262
    }
}