{
    "total_flops": 1007063994,
    "total_params": 3132891,
    "relative_flops": {
        "conv1.0": 0.0010463049084048575,
        "conv1.1.0": 0.0010463049084048575,
        "conv1.1.1": 0.003699435211860032,
        "conv1.1.2": 0.005580292844825907,
        "conv1.2": 0.10283682528322029,
        "layer1.0.conv1.0": 0.025709206320805072,
        "layer1.0.conv1.1.0": 0.003615357138863213,
        "layer1.0.conv1.1.1": 0.0005324944623131864,
        "layer1.0.conv1.1.2": 0.0037866272875604367,
        "layer1.0.conv1.2": 0.025709206320805072,
        "layer1.0.conv2.0": 0.025709206320805072,
        "layer1.0.conv2.1.0": 0.003615357138863213,
        "layer1.0.conv2.1.1": 0.0005324944623131864,
        "layer1.0.conv2.1.2": 0.0037866272875604367,
        "layer1.0.conv2.2": 0.025709206320805072,
        "layer1.1.conv1.0": 0.025709206320805072,
        "layer1.1.conv1.1.0": 0.003615357138863213,
        "layer1.1.conv1.1.1": 0.0005324944623131864,
        "layer1.1.conv1.1.2": 0.0037866272875604367,
        "layer1.1.conv1.2": 0.025709206320805072,
        "layer1.1.conv2.0": 0.025709206320805072,
        "layer1.1.conv2.1.0": 0.003615357138863213,
        "layer1.1.conv2.1.1": 0.0005324944623131864,
        "layer1.1.conv2.1.2": 0.0037866272875604367,
        "layer1.1.conv2.2": 0.025709206320805072,
        "layer2.0.conv1.0": 0.025709206320805072,
        "layer2.0.conv1.1.0": 0.003615357138863213,
        "layer2.0.conv1.1.1": 0.0001331236155782966,
        "layer2.0.conv1.1.2": 0.0018933136437802184,
        "layer2.0.conv1.2": 0.025609558234290324,
        "layer2.0.conv2.0": 0.025609558234290324,
        "layer2.0.conv2.1.0": 0.0018006720633485383,
        "layer2.0.conv2.1.1": 0.0001331236155782966,
        "layer2.0.conv2.1.2": 0.0018933136437802184,
        "layer2.0.conv2.2": 0.025609558234290324,
        "layer2.0.downsample.0.0": 0.0007029861103345136,
        "layer2.0.downsample.0.1": 0.0014947212977212251,
        "layer2.1.conv1.0": 0.025609558234290324,
        "layer2.1.conv1.1.0": 0.0018006720633485383,
        "layer2.1.conv1.1.1": 0.0001331236155782966,
        "layer2.1.conv1.1.2": 0.0018933136437802184,
        "layer2.1.conv1.2": 0.025609558234290324,
        "layer2.1.conv2.0": 0.025609558234290324,
        "layer2.1.conv2.1.0": 0.0018006720633485383,
        "layer2.1.conv2.1.1": 0.0001331236155782966,
        "layer2.1.conv2.1.2": 0.0018933136437802184,
        "layer2.1.conv2.2": 0.025609558234290324,
        "layer3.0.conv1.0": 0.025609558234290324,
        "layer3.0.conv1.1.0": 0.0018006720633485383,
        "layer3.0.conv1.1.1": 3.328090389457415e-05,
        "layer3.0.conv1.1.2": 0.0009466568218901092,
        "layer3.0.conv1.2": 0.025559734191032947,
        "layer3.0.conv2.0": 0.025559734191032947,
        "layer3.0.conv2.1.0": 0.0008985844051535021,
        "layer3.0.conv2.1.1": 3.328090389457415e-05,
        "layer3.0.conv2.1.2": 0.0009466568218901092,
        "layer3.0.conv2.2": 0.025559734191032947,
        "layer3.0.downsample.0.0": 0.000350130678984438,
        "layer3.0.downsample.0.1": 0.0007473606488606126,
        "layer3.1.conv1.0": 0.025559734191032947,
        "layer3.1.conv1.1.0": 0.0008985844051535021,
        "layer3.1.conv1.1.1": 3.328090389457415e-05,
        "layer3.1.conv1.1.2": 0.0009466568218901092,
        "layer3.1.conv1.2": 0.025559734191032947,
        "layer3.1.conv2.0": 0.025559734191032947,
        "layer3.1.conv2.1.0": 0.0008985844051535021,
        "layer3.1.conv2.1.1": 3.328090389457415e-05,
        "layer3.1.conv2.1.2": 0.0009466568218901092,
        "layer3.1.conv2.2": 0.025559734191032947,
        "layer4.0.conv1.0": 0.025559734191032947,
        "layer4.0.conv1.1.0": 0.0008985844051535021,
        "layer4.0.conv1.1.1": 8.320225973643538e-06,
        "layer4.0.conv1.1.2": 0.0004733284109450546,
        "layer4.0.conv1.2": 0.02553482216940426,
        "layer4.0.conv2.0": 0.02553482216940426,
        "layer4.0.conv2.1.0": 0.0004488542959465593,
        "layer4.0.conv2.1.1": 8.320225973643538e-06,
        "layer4.0.conv2.1.2": 0.0004733284109450546,
        "layer4.0.conv2.2": 0.02553482216940426,
        "layer4.0.downsample.0.0": 0.0001747247454465143,
        "layer4.0.downsample.0.1": 0.0003736803244303063,
        "layer4.1.conv1.0": 0.02553482216940426,
        "layer4.1.conv1.1.0": 0.0004488542959465593,
        "layer4.1.conv1.1.1": 8.320225973643538e-06,
        "layer4.1.conv1.1.2": 0.0004733284109450546,
        "layer4.1.conv1.2": 0.02553482216940426,
        "layer4.1.conv2.0": 0.02553482216940426,
        "layer4.1.conv2.1.0": 0.0004488542959465593,
        "layer4.1.conv2.1.1": 8.320225973643538e-06,
        "layer4.1.conv2.1.2": 0.0004733284109450546,
        "layer4.1.conv2.2": 0.02553482216940426,
        "fc": 0.0010173256179388337
    },
    "relative_params": {
        "conv1.0": 3.830327962255948e-06,
        "conv1.1.0": 3.830327962255948e-06,
        "conv1.1.1": 4.7879099528199356e-05,
        "conv1.1.2": 8.171366319479356e-05,
        "conv1.2": 0.0013278470269153953,
        "layer1.0.conv1.0": 0.0013278470269153953,
        "layer1.0.conv1.1.0": 0.00018672848815997747,
        "layer1.0.conv1.1.1": 2.8727459716919613e-05,
        "layer1.0.conv1.1.2": 0.0002042841579869839,
        "layer1.0.conv1.2": 0.0013278470269153953,
        "layer1.0.conv2.0": 0.0013278470269153953,
        "layer1.0.conv2.1.0": 0.00018672848815997747,
        "layer1.0.conv2.1.1": 2.8727459716919613e-05,
        "layer1.0.conv2.1.2": 0.0002042841579869839,
        "layer1.0.conv2.2": 0.0013278470269153953,
        "layer1.1.conv1.0": 0.0013278470269153953,
        "layer1.1.conv1.1.0": 0.00018672848815997747,
        "layer1.1.conv1.1.1": 2.8727459716919613e-05,
        "layer1.1.conv1.1.2": 0.0002042841579869839,
        "layer1.1.conv1.2": 0.0013278470269153953,
        "layer1.1.conv2.0": 0.0013278470269153953,
        "layer1.1.conv2.1.0": 0.00018672848815997747,
        "layer1.1.conv2.1.1": 2.8727459716919613e-05,
        "layer1.1.conv2.1.2": 0.0002042841579869839,
        "layer1.1.conv2.2": 0.0013278470269153953,
        "layer2.0.conv1.0": 0.0013278470269153953,
        "layer2.0.conv1.1.0": 0.00018672848815997747,
        "layer2.0.conv1.1.1": 2.8727459716919613e-05,
        "layer2.0.conv1.1.2": 0.0004085683159739678,
        "layer2.0.conv1.2": 0.005270531276064185,
        "layer2.0.conv2.0": 0.005270531276064185,
        "layer2.0.conv2.1.0": 0.000370584230348263,
        "layer2.0.conv2.1.1": 2.8727459716919613e-05,
        "layer2.0.conv2.1.2": 0.0004085683159739678,
        "layer2.0.conv2.2": 0.005270531276064185,
        "layer2.0.downsample.0.0": 0.00014523326856887136,
        "layer2.0.downsample.0.1": 0.00032685465277917426,
        "layer2.1.conv1.0": 0.005270531276064185,
        "layer2.1.conv1.1.0": 0.000370584230348263,
        "layer2.1.conv1.1.1": 2.8727459716919613e-05,
        "layer2.1.conv1.1.2": 0.0004085683159739678,
        "layer2.1.conv1.2": 0.005270531276064185,
        "layer2.1.conv2.0": 0.005270531276064185,
        "layer2.1.conv2.1.0": 0.000370584230348263,
        "layer2.1.conv2.1.1": 2.8727459716919613e-05,
        "layer2.1.conv2.1.2": 0.0004085683159739678,
        "layer2.1.conv2.2": 0.005270531276064185,
        "layer3.0.conv1.0": 0.005270531276064185,
        "layer3.0.conv1.1.0": 0.000370584230348263,
        "layer3.0.conv1.1.1": 2.8727459716919613e-05,
        "layer3.0.conv1.1.2": 0.0008171366319479356,
        "layer3.0.conv1.2": 0.021000411441061944,
        "layer3.0.conv2.0": 0.021000411441061944,
        "layer3.0.conv2.1.0": 0.000738295714724834,
        "layer3.0.conv2.1.1": 2.8727459716919613e-05,
        "layer3.0.conv2.1.2": 0.0008171366319479356,
        "layer3.0.conv2.2": 0.021000411441061944,
        "layer3.0.downsample.0.0": 0.0002882321791597601,
        "layer3.0.downsample.0.1": 0.0006537093055583485,
        "layer3.1.conv1.0": 0.021000411441061944,