{
    "total_flops": 1029762705,
    "total_params": 3190812,
    "relative_flops": {
        "conv1.0": 0.001023241563210429,
        "conv1.1.0": 0.001023241563210429,
        "conv1.1.1": 0.0036178898127797315,
        "conv1.1.2": 0.005457288337122289,
        "conv1.2": 0.1005700279269679,
        "layer1.0.conv1.0": 0.025142506981741974,
        "layer1.0.conv1.1.0": 0.003535665044307465,
        "layer1.0.conv1.1.1": 0.000520756866991022,
        "layer1.0.conv1.1.2": 0.0037031599430472676,
        "layer1.0.conv1.2": 0.025142506981741974,
        "layer1.0.conv2.0": 0.025142506981741974,
        "layer1.0.conv2.1.0": 0.003535665044307465,
        "layer1.0.conv2.1.1": 0.000520756866991022,
        "layer1.0.conv2.1.2": 0.0037031599430472676,
        "layer1.0.conv2.2": 0.025142506981741974,
        "layer1.1.conv1.0": 0.025142506981741974,
        "layer1.1.conv1.1.0": 0.003535665044307465,
        "layer1.1.conv1.1.1": 0.000520756866991022,
        "layer1.1.conv1.1.2": 0.0037031599430472676,
        "layer1.1.conv1.2": 0.025142506981741974,
        "layer1.1.conv2.0": 0.025142506981741974,
        "layer1.1.conv2.1.0": 0.003535665044307465,
        "layer1.1.conv2.1.1": 0.000520756866991022,
        "layer1.1.conv2.1.2": 0.0037031599430472676,
        "layer1.1.conv2.2": 0.025142506981741974,
        "layer2.0.conv1.0": 0.025142506981741974,
        "layer2.0.conv1.1.0": 0.003535665044307465,
        "layer2.0.conv1.1.1": 0.0001301892167477555,
        "layer2.0.conv1.1.2": 0.0018515799715236338,
        "layer2.0.conv1.2": 0.02504505540429336,
        "layer2.0.conv2.0": 0.02504505540429336,
        "layer2.0.conv2.1.0": 0.001760980458114377,
        "layer2.0.conv2.1.1": 0.0001301892167477555,
        "layer2.0.conv2.1.2": 0.0018515799715236338,
        "layer2.0.conv2.2": 0.02504505540429336,
        "layer2.0.downsample.0.0": 0.004910645894871479,
        "layer2.0.downsample.0.1": 0.009842609322309842,
        "layer2.1.conv1.0": 0.02504505540429336,
        "layer2.1.conv1.1.0": 0.001760980458114377,
        "layer2.1.conv1.1.1": 0.0001301892167477555,
        "layer2.1.conv1.1.2": 0.0018515799715236338,
        "layer2.1.conv1.2": 0.02504505540429336,
        "layer2.1.conv2.0": 0.02504505540429336,
        "layer2.1.conv2.1.0": 0.001760980458114377,
        "layer2.1.conv2.1.1": 0.0001301892167477555,
        "layer2.1.conv2.1.2": 0.0018515799715236338,
        "layer2.1.conv2.2": 0.02504505540429336,
        "layer3.0.conv1.0": 0.02504505540429336,
        "layer3.0.conv1.1.0": 0.001760980458114377,
        "layer3.0.conv1.1.1": 3.2547304186938874e-05,
        "layer3.0.conv1.1.2": 0.0009257899857618169,
        "layer3.0.conv1.2": 0.024996329615569055,
        "layer3.0.conv2.0": 0.024996329615569055,
        "layer3.0.conv2.1.0": 0.0008787772130473496,
        "layer3.0.conv2.1.1": 3.2547304186938874e-05,
        "layer3.0.conv2.1.2": 0.0009257899857618169,
        "layer3.0.conv2.2": 0.024996329615569055,
        "layer3.0.downsample.0.0": 0.0024458061918255234,
        "layer3.0.downsample.0.1": 0.004921304661154921,
        "layer3.1.conv1.0": 0.024996329615569055,
        "layer3.1.conv1.1.0": 0.0008787772130473496,
        "layer3.1.conv1.1.1": 3.2547304186938874e-05,
        "layer3.1.conv1.1.2": 0.0009257899857618169,
        "layer3.1.conv1.2": 0.024996329615569055,
        "layer3.1.conv2.0": 0.024996329615569055,
        "layer3.1.conv2.1.0": 0.0008787772130473496,
        "layer3.1.conv2.1.1": 3.2547304186938874e-05,
        "layer3.1.conv2.1.2": 0.0009257899857618169,
        "layer3.1.conv2.2": 0.024996329615569055,
        "layer4.0.conv1.0": 0.024996329615569055,
        "layer4.0.conv1.1.0": 0.0008787772130473496,
        "layer4.0.conv1.1.1": 8.136826046734718e-06,
        "layer4.0.conv1.1.2": 0.00046289499288090845,
        "layer4.0.conv1.2": 0.0249719667212069,
        "layer4.0.conv2.0": 0.0249719667212069,
        "layer4.0.conv2.1.0": 0.0004389603525212151,
        "layer4.0.conv2.1.1": 8.136826046734718e-06,
        "layer4.0.conv2.1.2": 0.00046289499288090845,
        "layer4.0.conv2.2": 0.0249719667212069,
        "layer4.0.downsample.0.0": 0.0012205239070102077,
        "layer4.0.downsample.0.1": 0.0024606523305774606,
        "layer4.1.conv1.0": 0.0249719667212069,
        "layer4.1.conv1.1.0": 0.0004389603525212151,
        "layer4.1.conv1.1.1": 8.136826046734718e-06,
        "layer4.1.conv1.1.2": 0.00046289499288090845,
        "layer4.1.conv1.2": 0.0249719667212069,
        "layer4.1.conv2.0": 0.0249719667212069,
        "layer4.1.conv2.1.0": 0.0004389603525212151,
        "layer4.1.conv2.1.1": 8.136826046734718e-06,
        "layer4.1.conv2.1.2": 0.00046289499288090845,
        "layer4.1.conv2.2": 0.0249719667212069,
        "fc": 0.0009949010534422104
    },
    "relative_params": {
        "conv1.0": 3.7607981918082295e-06,
        "conv1.1.0": 3.7607981918082295e-06,
        "conv1.1.1": 4.7009977397602865e-05,
        "conv1.1.2": 8.023036142524223e-05,
        "conv1.2": 0.0013037433731601861,
        "layer1.0.conv1.0": 0.0013037433731601861,
        "layer1.0.conv1.1.0": 0.00018333891185065118,
        "layer1.0.conv1.1.1": 2.820598643856172e-05,
        "layer1.0.conv1.1.2": 0.00020057590356310556,
        "layer1.0.conv1.2": 0.0013037433731601861,
        "layer1.0.conv2.0": 0.0013037433731601861,
        "layer1.0.conv2.1.0": 0.00018333891185065118,
        "layer1.0.conv2.1.1": 2.820598643856172e-05,
        "layer1.0.conv2.1.2": 0.00020057590356310556,
        "layer1.0.conv2.2": 0.0013037433731601861,
        "layer1.1.conv1.0": 0.0013037433731601861,
        "layer1.1.conv1.1.0": 0.00018333891185065118,
        "layer1.1.conv1.1.1": 2.820598643856172e-05,
        "layer1.1.conv1.1.2": 0.00020057590356310556,
        "layer1.1.conv1.2": 0.0013037433731601861,
        "layer1.1.conv2.0": 0.0013037433731601861,
        "layer1.1.conv2.1.0": 0.00018333891185065118,
        "layer1.1.conv2.1.1": 2.820598643856172e-05,
        "layer1.1.conv2.1.2": 0.00020057590356310556,
        "layer1.1.conv2.2": 0.0013037433731601861,
        "layer2.0.conv1.0": 0.0013037433731601861,
        "layer2.0.conv1.1.0": 0.00018333891185065118,
        "layer2.0.conv1.1.1": 2.820598643856172e-05,
        "layer2.0.conv1.1.2": 0.0004011518071262111,
        "layer2.0.conv1.2": 0.005174858311928124,
        "layer2.0.conv2.0": 0.005174858311928124,
        "layer2.0.conv2.1.0": 0.0003638572250574462,
        "layer2.0.conv2.1.1": 2.820598643856172e-05,
        "layer2.0.conv2.1.2": 0.0004011518071262111,
        "layer2.0.conv2.2": 0.005174858311928124,
        "layer2.0.downsample.0.0": 0.0010185495102813954,
        "layer2.0.downsample.0.1": 0.002045874216343677,
        "layer2.1.conv1.0": 0.005174858311928124,
        "layer2.1.conv1.1.0": 0.0003638572250574462,
        "layer2.1.conv1.1.1": 2.820598643856172e-05,
        "layer2.1.conv1.1.2": 0.0004011518071262111,
        "layer2.1.conv1.2": 0.005174858311928124,
        "layer2.1.conv2.0": 0.005174858311928124,
        "layer2.1.conv2.1.0": 0.0003638572250574462,
        "layer2.1.conv2.1.1": 2.820598643856172e-05,
        "layer2.1.conv2.1.2": 0.0004011518071262111,
        "layer2.1.conv2.2": 0.005174858311928124,
        "layer3.0.conv1.0": 0.005174858311928124,
        "layer3.0.conv1.1.0": 0.0003638572250574462,
        "layer3.0.conv1.1.1": 2.820598643856172e-05,
        "layer3.0.conv1.1.2": 0.0008023036142524222,
        "layer3.0.conv1.2": 0.02061920288628725,
        "layer3.0.conv2.0": 0.02061920288628725,
        "layer3.0.conv2.1.0": 0.0007248938514710363,
        "layer3.0.conv2.1.1": 2.820598643856172e-05,
        "layer3.0.conv2.1.2": 0.0008023036142524222,
        "layer3.0.conv2.2": 0.02061920288628725,
        "layer3.0.downsample.0.0": 0.002021429028096923,
        "layer3.0.downsample.0.1": 0.004091748432687354,
        "layer3.1.conv1.0": 0.02061920288628725,
        "layer3.1.conv1.1.0": 0.0007248938514710363,