{
    "total_flops": 149601528,
    "total_params": 642022,
    "relative_flops": {
        "conv1.0": 0.03286896909234777,
        "conv1.1": 0.11621528357651534,
        "conv1.2": 0.15562450672295272,
        "layer1.0.conv1.0": 0.03785800904386485,
        "layer1.0.conv1.1": 0.00557598582816614,
        "layer1.0.conv1.2": 0.03890612668073818,
        "layer1.0.conv2.0": 0.03785800904386485,
        "layer1.0.conv2.1": 0.00557598582816614,
        "layer1.0.conv2.2": 0.03890612668073818,
        "layer1.1.conv1.0": 0.03785800904386485,
        "layer1.1.conv1.1": 0.00557598582816614,
        "layer1.1.conv1.2": 0.03890612668073818,
        "layer1.1.conv2.0": 0.03785800904386485,
        "layer1.1.conv2.1": 0.00557598582816614,
        "layer1.1.conv2.2": 0.03890612668073818,
        "layer2.0.conv1.0": 0.03785800904386485,
        "layer2.0.conv1.1": 0.001393996457041535,
        "layer2.0.conv1.2": 0.01945306334036909,
        "layer2.0.conv2.0": 0.01885563628735129,
        "layer2.0.conv2.1": 0.001393996457041535,
        "layer2.0.conv2.2": 0.01945306334036909,
        "layer2.0.downsample.0.0": 0.009464502260966212,
        "layer2.0.downsample.0.1": 0.01945306334036909,
        "layer2.1.conv1.0": 0.01885563628735129,
        "layer2.1.conv1.1": 0.001393996457041535,
        "layer2.1.conv1.2": 0.01945306334036909,
        "layer2.1.conv2.0": 0.01885563628735129,
        "layer2.1.conv2.1": 0.001393996457041535,
        "layer2.1.conv2.2": 0.01945306334036909,
        "layer3.0.conv1.0": 0.01885563628735129,
        "layer3.0.conv1.1": 0.00034849911426038376,
        "layer3.0.conv1.2": 0.009726531670184545,
        "layer3.0.conv2.0": 0.009409476085030361,
        "layer3.0.conv2.1": 0.00034849911426038376,
        "layer3.0.conv2.2": 0.009726531670184545,
        "layer3.0.downsample.0.0": 0.004713909071837823,
        "layer3.0.downsample.0.1": 0.009726531670184545,
        "layer3.1.conv1.0": 0.009409476085030361,
        "layer3.1.conv1.1": 0.00034849911426038376,
        "layer3.1.conv1.2": 0.009726531670184545,
        "layer3.1.conv2.0": 0.009409476085030361,
        "layer3.1.conv2.1": 0.00034849911426038376,
        "layer3.1.conv2.2": 0.009726531670184545,
        "layer4.0.conv1.0": 0.009409476085030361,
        "layer4.0.conv1.1": 8.712477856509594e-05,
        "layer4.0.conv1.2": 0.0048632658350922725,
        "layer4.0.conv2.0": 0.0047001525278538596,
        "layer4.0.conv2.1": 8.712477856509594e-05,
        "layer4.0.conv2.2": 0.0048632658350922725,
        "layer4.0.downsample.0.0": 0.0023523690212575903,
        "layer4.0.downsample.0.1": 0.0048632658350922725,
        "layer4.1.conv1.0": 0.0047001525278538596,
        "layer4.1.conv1.1": 8.712477856509594e-05,
        "layer4.1.conv1.2": 0.0048632658350922725,
        "layer4.1.conv2.0": 0.0047001525278538596,
        "layer4.1.conv2.1": 8.712477856509594e-05,
        "layer4.1.conv2.2": 0.0048632658350922725,
        "fc": 0.006848272298395241
    },
    "relative_params": {
        "conv1.0": 8.722442533121918e-05,
        "conv1.1": 0.0010903053166402398,
        "conv1.2": 0.0014952758628209001,
        "layer1.0.conv1.0": 0.0014173969116323118,
        "layer1.0.conv1.1": 0.00021806106332804794,
        "layer1.0.conv1.2": 0.0014952758628209001,
        "layer1.0.conv2.0": 0.0014173969116323118,
        "layer1.0.conv2.1": 0.00021806106332804794,
        "layer1.0.conv2.2": 0.0014952758628209001,
        "layer1.1.conv1.0": 0.0014173969116323118,
        "layer1.1.conv1.1": 0.00021806106332804794,
        "layer1.1.conv1.2": 0.0014952758628209001,
        "layer1.1.conv2.0": 0.0014173969116323118,
        "layer1.1.conv2.1": 0.00021806106332804794,
        "layer1.1.conv2.2": 0.0014952758628209001,
        "layer2.0.conv1.0": 0.0014173969116323118,
        "layer2.0.conv1.1": 0.00021806106332804794,
        "layer2.0.conv1.2": 0.0029905517256418003,
        "layer2.0.conv2.0": 0.0028129877169318185,
        "layer2.0.conv2.1": 0.00021806106332804794,
        "layer2.0.conv2.2": 0.0029905517256418003,
        "layer2.0.downsample.0.0": 0.0014173969116323118,
        "layer2.0.downsample.0.1": 0.0029905517256418003,
        "layer2.1.conv1.0": 0.0028129877169318185,
        "layer2.1.conv1.1": 0.00021806106332804794,
        "layer2.1.conv1.2": 0.0029905517256418003,
        "layer2.1.conv2.0": 0.0028129877169318185,
        "layer2.1.conv2.1": 0.00021806106332804794,
        "layer2.1.conv2.2": 0.0029905517256418003,
        "layer3.0.conv1.0": 0.0028129877169318185,
        "layer3.0.conv1.1": 0.00021806106332804794,
        "layer3.0.conv1.2": 0.0059811034512836005,
        "layer3.0.conv2.0": 0.005604169327530832,
        "layer3.0.conv2.1": 0.00021806106332804794,
        "layer3.0.conv2.2": 0.0059811034512836005,
        "layer3.0.downsample.0.0": 0.0028129877169318185,
        "layer3.0.downsample.0.1": 0.0059811034512836005,
        "layer3.1.conv1.0": 0.005604169327530832,
        "layer3.1.conv1.1": 0.00021806106332804794,
        "layer3.1.conv1.2": 0.0059811034512836005,
        "layer3.1.conv2.0": 0.005604169327530832,
        "layer3.1.conv2.1": 0.00021806106332804794,
        "layer3.1.conv2.2": 0.0059811034512836005,
        "layer4.0.conv1.0": 0.005604169327530832,
        "layer4.0.conv1.1": 0.00021806106332804794,
        "layer4.0.conv1.2": 0.011962206902567201,
        "layer4.0.conv2.0": 0.01118653254872886,
        "layer4.0.conv2.1": 0.00021806106332804794,
        "layer4.0.conv2.2": 0.011962206902567201,
        "layer4.0.downsample.0.0": 0.005604169327530832,
        "layer4.0.downsample.0.1": 0.011962206902567201,
        "layer4.1.conv1.0": 0.01118653254872886,
        "layer4.1.conv1.1": 0.00021806106332804794,
        "layer4.1.conv1.2": 0.011962206902567201,
        "layer4.1.conv2.0": 0.01118653254872886,
        "layer4.1.conv2.1": 0.00021806106332804794,
        "layer4.1.conv2.2": 0.011962206902567201,
        "fc": 0.7990380391949186
    }
}