{
    "total_flops": 1019733042,
    "total_params": 3165219,
    "relative_flops": {
        "conv1.0": 0.0010333057345414526,
        "conv1.1.0": 0.0010333057345414526,
        "conv1.1.1": 0.0036534738471287074,
        "conv1.1.2": 0.005510963917554414,
        "conv1.2": 0.10155919219493134,
        "layer1.0.conv1.0": 0.025389798048732835,
        "layer1.0.conv1.1.0": 0.003570440350603055,
        "layer1.0.conv1.1.1": 0.0005258788113291322,
        "layer1.0.conv1.1.2": 0.0037395826583404954,
        "layer1.0.conv1.2": 0.025389798048732835,
        "layer1.0.conv2.0": 0.025389798048732835,
        "layer1.0.conv2.1.0": 0.003570440350603055,
        "layer1.0.conv2.1.1": 0.0005258788113291322,
        "layer1.0.conv2.1.2": 0.0037395826583404954,
        "layer1.0.conv2.2": 0.025389798048732835,
        "layer1.1.conv1.0": 0.025389798048732835,
        "layer1.1.conv1.1.0": 0.003570440350603055,
        "layer1.1.conv1.1.1": 0.0005258788113291322,
        "layer1.1.conv1.1.2": 0.0037395826583404954,
        "layer1.1.conv1.2": 0.025389798048732835,
        "layer1.1.conv2.0": 0.025389798048732835,
        "layer1.1.conv2.1.0": 0.003570440350603055,
        "layer1.1.conv2.1.1": 0.0005258788113291322,
        "layer1.1.conv2.1.2": 0.0037395826583404954,
        "layer1.1.conv2.2": 0.025389798048732835,
        "layer2.0.conv1.0": 0.025389798048732835,
        "layer2.0.conv1.1.0": 0.003570440350603055,
        "layer2.0.conv1.1.1": 0.00013146970283228304,
        "layer2.0.conv1.1.2": 0.0018697913291702477,
        "layer2.0.conv1.2": 0.02529138797877651,
        "layer2.0.conv2.0": 0.02529138797877651,
        "layer2.0.conv2.1.0": 0.0017783007172577233,
        "layer2.0.conv2.1.1": 0.00013146970283228304,
        "layer2.0.conv2.1.2": 0.0018697913291702477,
        "layer2.0.conv2.2": 0.02529138797877651,
        "layer2.0.downsample.0.0": 0.003074545857463742,
        "layer2.0.downsample.0.1": 0.006199834407248716,
        "layer2.1.conv1.0": 0.02529138797877651,
        "layer2.1.conv1.1.0": 0.0017783007172577233,
        "layer2.1.conv1.1.1": 0.00013146970283228304,
        "layer2.1.conv1.1.2": 0.0018697913291702477,
        "layer2.1.conv1.2": 0.02529138797877651,
        "layer2.1.conv2.0": 0.02529138797877651,
        "layer2.1.conv2.1.0": 0.0017783007172577233,
        "layer2.1.conv2.1.1": 0.00013146970283228304,
        "layer2.1.conv2.1.2": 0.0018697913291702477,
        "layer2.1.conv2.2": 0.02529138797877651,
        "layer3.0.conv1.0": 0.02529138797877651,
        "layer3.0.conv1.1.0": 0.0017783007172577233,
        "layer3.0.conv1.1.1": 3.286742570807076e-05,
        "layer3.0.conv1.1.2": 0.0009348956645851238,
        "layer3.0.conv1.2": 0.025242182943798343,
        "layer3.0.conv2.0": 0.025242182943798343,
        "layer3.0.conv2.1.0": 0.0008874204941179105,
        "layer3.0.conv2.1.1": 3.286742570807076e-05,
        "layer3.0.conv2.1.2": 0.0009348956645851238,
        "layer3.0.conv2.2": 0.025242182943798343,
        "layer3.0.downsample.0.0": 0.0015313145065274838,
        "layer3.0.downsample.0.1": 0.003099917203624358,
        "layer3.1.conv1.0": 0.025242182943798343,
        "layer3.1.conv1.1.0": 0.0008874204941179105,
        "layer3.1.conv1.1.1": 3.286742570807076e-05,
        "layer3.1.conv1.1.2": 0.0009348956645851238,
        "layer3.1.conv1.2": 0.025242182943798343,
        "layer3.1.conv2.0": 0.025242182943798343,
        "layer3.1.conv2.1.0": 0.0008874204941179105,
        "layer3.1.conv2.1.1": 3.286742570807076e-05,
        "layer3.1.conv2.1.2": 0.0009348956645851238,
        "layer3.1.conv2.2": 0.025242182943798343,
        "layer4.0.conv1.0": 0.025242182943798343,
        "layer4.0.conv1.1.0": 0.0008874204941179105,
        "layer4.0.conv1.1.1": 8.21685642701769e-06,
        "layer4.0.conv1.1.2": 0.0004674478322925619,
        "layer4.0.conv1.2": 0.025217580426309262,
        "layer4.0.conv2.0": 0.025217580426309262,
        "layer4.0.conv2.1.0": 0.0004432777809312175,
        "layer4.0.conv2.1.1": 8.21685642701769e-06,
        "layer4.0.conv2.1.2": 0.0004674478322925619,
        "layer4.0.conv2.2": 0.025217580426309262,
        "layer4.0.downsample.0.0": 0.0007641676477126452,
        "layer4.0.downsample.0.1": 0.001549958601812179,
        "layer4.1.conv1.0": 0.025217580426309262,
        "layer4.1.conv1.1.0": 0.0004432777809312175,
        "layer4.1.conv1.1.1": 8.21685642701769e-06,
        "layer4.1.conv1.1.2": 0.0004674478322925619,
        "layer4.1.conv1.2": 0.025217580426309262,
        "layer4.1.conv2.0": 0.025217580426309262,
        "layer4.1.conv2.1.0": 0.0004432777809312175,
        "layer4.1.conv2.1.1": 8.21685642701769e-06,
        "layer4.1.conv2.1.2": 0.0004674478322925619,
        "layer4.1.conv2.2": 0.025217580426309262,
        "fc": 0.0010046864795031326
    },
    "relative_params": {
        "conv1.0": 3.7912068643591485e-06,
        "conv1.1.0": 3.7912068643591485e-06,
        "conv1.1.1": 4.739008580448936e-05,
        "conv1.1.2": 8.087907977299517e-05,
        "conv1.2": 0.0013142850463111716,
        "layer1.0.conv1.0": 0.0013142850463111716,
        "layer1.0.conv1.1.0": 0.00018482133463750848,
        "layer1.0.conv1.1.1": 2.8434051482693616e-05,
        "layer1.0.conv1.1.2": 0.00020219769943248794,
        "layer1.0.conv1.2": 0.0013142850463111716,
        "layer1.0.conv2.0": 0.0013142850463111716,
        "layer1.0.conv2.1.0": 0.00018482133463750848,
        "layer1.0.conv2.1.1": 2.8434051482693616e-05,
        "layer1.0.conv2.1.2": 0.00020219769943248794,
        "layer1.0.conv2.2": 0.0013142850463111716,
        "layer1.1.conv1.0": 0.0013142850463111716,
        "layer1.1.conv1.1.0": 0.00018482133463750848,
        "layer1.1.conv1.1.1": 2.8434051482693616e-05,
        "layer1.1.conv1.1.2": 0.00020219769943248794,
        "layer1.1.conv1.2": 0.0013142850463111716,
        "layer1.1.conv2.0": 0.0013142850463111716,
        "layer1.1.conv2.1.0": 0.00018482133463750848,
        "layer1.1.conv2.1.1": 2.8434051482693616e-05,
        "layer1.1.conv2.1.2": 0.00020219769943248794,
        "layer1.1.conv2.2": 0.0013142850463111716,
        "layer2.0.conv1.0": 0.0013142850463111716,
        "layer2.0.conv1.1.0": 0.00018482133463750848,
        "layer2.0.conv1.1.1": 2.8434051482693616e-05,
        "layer2.0.conv1.1.2": 0.00040439539886497587,
        "layer2.0.conv1.2": 0.005216700645358188,
        "layer2.0.conv2.0": 0.005216700645358188,
        "layer2.0.conv2.1.0": 0.0003667992641267476,
        "layer2.0.conv2.1.1": 2.8434051482693616e-05,
        "layer2.0.conv2.1.2": 0.00040439539886497587,
        "layer2.0.conv2.2": 0.005216700645358188,
        "layer2.0.downsample.0.0": 0.0006366068193069737,
        "layer2.0.downsample.0.1": 0.0012940652763679227,
        "layer2.1.conv1.0": 0.005216700645358188,
        "layer2.1.conv1.1.0": 0.0003667992641267476,
        "layer2.1.conv1.1.1": 2.8434051482693616e-05,
        "layer2.1.conv1.1.2": 0.00040439539886497587,
        "layer2.1.conv1.2": 0.005216700645358188,
        "layer2.1.conv2.0": 0.005216700645358188,
        "layer2.1.conv2.1.0": 0.0003667992641267476,
        "layer2.1.conv2.1.1": 2.8434051482693616e-05,
        "layer2.1.conv2.1.2": 0.00040439539886497587,
        "layer2.1.conv2.2": 0.005216700645358188,
        "layer3.0.conv1.0": 0.005216700645358188,
        "layer3.0.conv1.1.0": 0.0003667992641267476,
        "layer3.0.conv1.1.1": 2.8434051482693616e-05,
        "layer3.0.conv1.1.2": 0.0008087907977299517,
        "layer3.0.conv1.2": 0.02078592350165976,
        "layer3.0.conv2.0": 0.02078592350165976,
        "layer3.0.conv2.1.0": 0.0007307551231052259,
        "layer3.0.conv2.1.1": 2.8434051482693616e-05,
        "layer3.0.conv2.1.2": 0.0008087907977299517,
        "layer3.0.conv2.2": 0.02078592350165976,
        "layer3.0.downsample.0.0": 0.0012634196875476863,
        "layer3.0.downsample.0.1": 0.0025881305527358455,
        "layer3.1.conv1.0": 0.02078592350165976,