{
    "total_flops": 1012870641,
    "total_params": 3147708,
    "relative_flops": {
        "conv1.0": 0.0010403065873838475,
        "conv1.1.0": 0.0010403065873838475,
        "conv1.1.1": 0.003678226862535746,
        "conv1.1.2": 0.0055483017993805195,
        "conv1.2": 0.10224727601715529,
        "layer1.0.conv1.0": 0.025561819004288822,
        "layer1.0.conv1.1.0": 0.0035946307974781154,
        "layer1.0.conv1.1.1": 0.0005294417453649938,
        "layer1.0.conv1.1.2": 0.0037649190781510666,
        "layer1.0.conv1.2": 0.025561819004288822,
        "layer1.0.conv2.0": 0.025561819004288822,
        "layer1.0.conv2.1.0": 0.0035946307974781154,
        "layer1.0.conv2.1.1": 0.0005294417453649938,
        "layer1.0.conv2.1.2": 0.0037649190781510666,
        "layer1.0.conv2.2": 0.025561819004288822,
        "layer1.1.conv1.0": 0.025561819004288822,
        "layer1.1.conv1.1.0": 0.0035946307974781154,
        "layer1.1.conv1.1.1": 0.0005294417453649938,
        "layer1.1.conv1.1.2": 0.0037649190781510666,
        "layer1.1.conv1.2": 0.025561819004288822,
        "layer1.1.conv2.0": 0.025561819004288822,
        "layer1.1.conv2.1.0": 0.0035946307974781154,
        "layer1.1.conv2.1.1": 0.0005294417453649938,
        "layer1.1.conv2.1.2": 0.0037649190781510666,
        "layer1.1.conv2.2": 0.025561819004288822,
        "layer2.0.conv1.0": 0.025561819004288822,
        "layer2.0.conv1.1.0": 0.0035946307974781154,
        "layer2.0.conv1.1.1": 0.00013236043634124844,
        "layer2.0.conv1.1.2": 0.0018824595390755333,
        "layer2.0.conv1.2": 0.02546274218644274,
        "layer2.0.conv2.0": 0.02546274218644274,
        "layer2.0.conv2.1.0": 0.001790349059984255,
        "layer2.0.conv2.1.1": 0.00013236043634124844,
        "layer2.0.conv2.1.2": 0.0018824595390755333,
        "layer2.0.conv2.2": 0.02546274218644274,
        "layer2.0.downsample.0.0": 0.0017973153987390577,
        "layer2.0.downsample.0.1": 0.003665842260304986,
        "layer2.1.conv1.0": 0.02546274218644274,
        "layer2.1.conv1.1.0": 0.001790349059984255,
        "layer2.1.conv1.1.1": 0.00013236043634124844,
        "layer2.1.conv1.1.2": 0.0018824595390755333,
        "layer2.1.conv1.2": 0.02546274218644274,
        "layer2.1.conv2.0": 0.02546274218644274,
        "layer2.1.conv2.1.0": 0.001790349059984255,
        "layer2.1.conv2.1.1": 0.00013236043634124844,
        "layer2.1.conv2.1.2": 0.0018824595390755333,
        "layer2.1.conv2.2": 0.02546274218644274,
        "layer3.0.conv1.0": 0.02546274218644274,
        "layer3.0.conv1.1.0": 0.001790349059984255,
        "layer3.0.conv1.1.1": 3.309010908531211e-05,
        "layer3.0.conv1.1.2": 0.0009412297695377666,
        "layer3.0.conv1.2": 0.0254132037775197,
        "layer3.0.conv2.0": 0.0254132037775197,
        "layer3.0.conv2.1.0": 0.000893432945303427,
        "layer3.0.conv2.1.1": 3.309010908531211e-05,
        "layer3.0.conv2.1.2": 0.0009412297695377666,
        "layer3.0.conv2.2": 0.0254132037775197,
        "layer3.0.downsample.0.0": 0.0008951745299921275,
        "layer3.0.downsample.0.1": 0.001832921130152493,
        "layer3.1.conv1.0": 0.0254132037775197,
        "layer3.1.conv1.1.0": 0.000893432945303427,
        "layer3.1.conv1.1.1": 3.309010908531211e-05,
        "layer3.1.conv1.1.2": 0.0009412297695377666,
        "layer3.1.conv1.2": 0.0254132037775197,
        "layer3.1.conv2.0": 0.0254132037775197,
        "layer3.1.conv2.1.0": 0.000893432945303427,
        "layer3.1.conv2.1.1": 3.309010908531211e-05,
        "layer3.1.conv2.1.2": 0.0009412297695377666,
        "layer3.1.conv2.2": 0.0254132037775197,
        "layer4.0.conv1.0": 0.0254132037775197,
        "layer4.0.conv1.1.0": 0.000893432945303427,
        "layer4.0.conv1.1.1": 8.272527271328027e-06,
        "layer4.0.conv1.1.2": 0.0004706148847688833,
        "layer4.0.conv1.2": 0.02538843457305818,
        "layer4.0.conv2.0": 0.02538843457305818,
        "layer4.0.conv2.1.0": 0.00044628107647953834,
        "layer4.0.conv2.1.1": 8.272527271328027e-06,
        "layer4.0.conv2.1.2": 0.0004706148847688833,
        "layer4.0.conv2.2": 0.02538843457305818,
        "layer4.0.downsample.0.0": 0.0004467164726517135,
        "layer4.0.downsample.0.1": 0.0009164605650762464,
        "layer4.1.conv1.0": 0.02538843457305818,
        "layer4.1.conv1.1.0": 0.00044628107647953834,
        "layer4.1.conv1.1.1": 8.272527271328027e-06,
        "layer4.1.conv1.1.2": 0.0004706148847688833,
        "layer4.1.conv1.2": 0.02538843457305818,
        "layer4.1.conv2.0": 0.02538843457305818,
        "layer4.1.conv2.1.0": 0.00044628107647953834,
        "layer4.1.conv2.1.1": 8.272527271328027e-06,
        "layer4.1.conv2.1.2": 0.0004706148847688833,
        "layer4.1.conv2.2": 0.02538843457305818,
        "fc": 0.0010114934311735075
    },
    "relative_params": {
        "conv1.0": 3.8122977099527655e-06,
        "conv1.1.0": 3.8122977099527655e-06,
        "conv1.1.1": 4.765372137440957e-05,
        "conv1.1.2": 8.132901781232566e-05,
        "conv1.2": 0.0013215965394502921,
        "layer1.0.conv1.0": 0.0013215965394502921,
        "layer1.0.conv1.1.0": 0.00018584951336019732,
        "layer1.0.conv1.1.1": 2.8592232824645742e-05,
        "layer1.0.conv1.1.2": 0.00020332254453081416,
        "layer1.0.conv1.2": 0.0013215965394502921,
        "layer1.0.conv2.0": 0.0013215965394502921,
        "layer1.0.conv2.1.0": 0.00018584951336019732,
        "layer1.0.conv2.1.1": 2.8592232824645742e-05,
        "layer1.0.conv2.1.2": 0.00020332254453081416,
        "layer1.0.conv2.2": 0.0013215965394502921,
        "layer1.1.conv1.0": 0.0013215965394502921,
        "layer1.1.conv1.1.0": 0.00018584951336019732,
        "layer1.1.conv1.1.1": 2.8592232824645742e-05,
        "layer1.1.conv1.1.2": 0.00020332254453081416,
        "layer1.1.conv1.2": 0.0013215965394502921,
        "layer1.1.conv2.0": 0.0013215965394502921,
        "layer1.1.conv2.1.0": 0.00018584951336019732,
        "layer1.1.conv2.1.1": 2.8592232824645742e-05,
        "layer1.1.conv2.1.2": 0.00020332254453081416,
        "layer1.1.conv2.2": 0.0013215965394502921,
        "layer2.0.conv1.0": 0.0013215965394502921,
        "layer2.0.conv1.1.0": 0.00018584951336019732,
        "layer2.0.conv1.1.1": 2.8592232824645742e-05,
        "layer2.0.conv1.1.2": 0.0004066450890616283,
        "layer2.0.conv1.2": 0.0052457216488950055,
        "layer2.0.conv2.0": 0.0052457216488950055,
        "layer2.0.conv2.1.0": 0.0003688398034379301,
        "layer2.0.conv2.1.1": 2.8592232824645742e-05,
        "layer2.0.conv2.1.2": 0.0004066450890616283,
        "layer2.0.conv2.2": 0.0052457216488950055,
        "layer2.0.downsample.0.0": 0.00037169902672039463,
        "layer2.0.downsample.0.1": 0.0007726256692170938,
        "layer2.1.conv1.0": 0.0052457216488950055,
        "layer2.1.conv1.1.0": 0.0003688398034379301,
        "layer2.1.conv1.1.1": 2.8592232824645742e-05,
        "layer2.1.conv1.1.2": 0.0004066450890616283,
        "layer2.1.conv1.2": 0.0052457216488950055,
        "layer2.1.conv2.0": 0.0052457216488950055,
        "layer2.1.conv2.1.0": 0.0003688398034379301,
        "layer2.1.conv2.1.1": 2.8592232824645742e-05,
        "layer2.1.conv2.1.2": 0.0004066450890616283,
        "layer2.1.conv2.2": 0.0052457216488950055,
        "layer3.0.conv1.0": 0.0052457216488950055,
        "layer3.0.conv1.1.0": 0.0003688398034379301,
        "layer3.0.conv1.1.1": 2.8592232824645742e-05,
        "layer3.0.conv1.1.2": 0.0008132901781232566,
        "layer3.0.conv1.2": 0.020901557577767696,
        "layer3.0.conv2.0": 0.020901557577767696,
        "layer3.0.conv2.1.0": 0.0007348203835933956,
        "layer3.0.conv2.1.1": 2.8592232824645742e-05,
        "layer3.0.conv2.1.2": 0.0008132901781232566,
        "layer3.0.conv2.2": 0.020901557577767696,
        "layer3.0.downsample.0.0": 0.0007376796068758602,
        "layer3.0.downsample.0.1": 0.0015452513384341877,
        "layer3.1.conv1.0": 0.020901557577767696,