{
    "total_flops": 1036625106,
    "total_params": 3208323,
    "relative_flops": {
        "conv1.0": 0.0010164677605251826,
        "conv1.1.0": 0.0010164677605251826,
        "conv1.1.1": 0.0035939395818568956,
        "conv1.1.2": 0.00542116138946764,
        "conv1.2": 0.09990425989161794,
        "layer1.0.conv1.0": 0.024976064972904485,
        "layer1.0.conv1.1.0": 0.0035122591368146935,
        "layer1.0.conv1.1.1": 0.0005173094852672804,
        "layer1.0.conv1.1.2": 0.0036786452285673273,
        "layer1.0.conv1.2": 0.024976064972904485,
        "layer1.0.conv2.0": 0.024976064972904485,
        "layer1.0.conv2.1.0": 0.0035122591368146935,
        "layer1.0.conv2.1.1": 0.0005173094852672804,
        "layer1.0.conv2.1.2": 0.0036786452285673273,
        "layer1.0.conv2.2": 0.024976064972904485,
        "layer1.1.conv1.0": 0.024976064972904485,
        "layer1.1.conv1.1.0": 0.0035122591368146935,
        "layer1.1.conv1.1.1": 0.0005173094852672804,
        "layer1.1.conv1.1.2": 0.0036786452285673273,
        "layer1.1.conv1.2": 0.024976064972904485,
        "layer1.1.conv2.0": 0.024976064972904485,
        "layer1.1.conv2.1.0": 0.0035122591368146935,
        "layer1.1.conv2.1.1": 0.0005173094852672804,
        "layer1.1.conv2.1.2": 0.0036786452285673273,
        "layer1.1.conv2.2": 0.024976064972904485,
        "layer2.0.conv1.0": 0.024976064972904485,
        "layer2.0.conv1.1.0": 0.0035122591368146935,
        "layer2.0.conv1.1.1": 0.0001293273713168201,
        "layer2.0.conv1.1.2": 0.0018393226142836637,
        "layer2.0.conv1.2": 0.024879258519521136,
        "layer2.0.conv2.0": 0.024879258519521136,
        "layer2.0.conv2.1.0": 0.0017493228646538299,
        "layer2.0.conv2.1.1": 0.0001293273713168201,
        "layer2.0.conv2.1.2": 0.0018393226142836637,
        "layer2.0.conv2.2": 0.024879258519521136,
        "layer2.0.downsample.0.0": 0.006146453489425713,
        "layer2.0.downsample.0.1": 0.012294419579685542,
        "layer2.1.conv1.0": 0.024879258519521136,
        "layer2.1.conv1.1.0": 0.0017493228646538299,
        "layer2.1.conv1.1.1": 0.0001293273713168201,
        "layer2.1.conv1.1.2": 0.0018393226142836637,
        "layer2.1.conv1.2": 0.024879258519521136,
        "layer2.1.conv2.0": 0.024879258519521136,
        "layer2.1.conv2.1.0": 0.0017493228646538299,
        "layer2.1.conv2.1.1": 0.0001293273713168201,
        "layer2.1.conv2.1.2": 0.0018393226142836637,
        "layer2.1.conv2.2": 0.024879258519521136,
        "layer3.0.conv1.0": 0.024879258519521136,
        "layer3.0.conv1.1.0": 0.0017493228646538299,
        "layer3.0.conv1.1.1": 3.233184282920503e-05,
        "layer3.0.conv1.1.2": 0.0009196613071418318,
        "layer3.0.conv1.2": 0.02483085529282946,
        "layer3.0.conv2.0": 0.02483085529282946,
        "layer3.0.conv2.1.0": 0.0008729597563885357,
        "layer3.0.conv2.1.1": 3.233184282920503e-05,
        "layer3.0.conv2.1.2": 0.0009196613071418318,
        "layer3.0.conv2.2": 0.02483085529282946,
        "layer3.0.downsample.0.0": 0.003061315013144202,
        "layer3.0.downsample.0.1": 0.006147209789842771,
        "layer3.1.conv1.0": 0.02483085529282946,
        "layer3.1.conv1.1.0": 0.0008729597563885357,
        "layer3.1.conv1.1.1": 3.233184282920503e-05,
        "layer3.1.conv1.1.2": 0.0009196613071418318,
        "layer3.1.conv1.2": 0.02483085529282946,
        "layer3.1.conv2.0": 0.02483085529282946,
        "layer3.1.conv2.1.0": 0.0008729597563885357,
        "layer3.1.conv2.1.1": 3.233184282920503e-05,
        "layer3.1.conv2.1.2": 0.0009196613071418318,
        "layer3.1.conv2.2": 0.02483085529282946,
        "layer4.0.conv1.0": 0.02483085529282946,
        "layer4.0.conv1.1.0": 0.0008729597563885357,
        "layer4.0.conv1.1.1": 8.082960707301257e-06,
        "layer4.0.conv1.1.2": 0.0004598306535709159,
        "layer4.0.conv1.2": 0.024806653679483624,
        "layer4.0.conv2.0": 0.024806653679483624,
        "layer4.0.conv2.1.0": 0.00043605445920967306,
        "layer4.0.conv2.1.1": 8.082960707301257e-06,
        "layer4.0.conv2.1.2": 0.0004598306535709159,
        "layer4.0.conv2.2": 0.024806653679483624,
        "layer4.0.downsample.0.0": 0.0015276795736799374,
        "layer4.0.downsample.0.1": 0.0030736048949213854,
        "layer4.1.conv1.0": 0.024806653679483624,
        "layer4.1.conv1.1.0": 0.00043605445920967306,
        "layer4.1.conv1.1.1": 8.082960707301257e-06,
        "layer4.1.conv1.1.2": 0.0004598306535709159,
        "layer4.1.conv1.2": 0.024806653679483624,
        "layer4.1.conv2.0": 0.024806653679483624,
        "layer4.1.conv2.1.0": 0.00043605445920967306,
        "layer4.1.conv2.1.1": 8.082960707301257e-06,
        "layer4.1.conv2.1.2": 0.0004598306535709159,
        "layer4.1.conv2.2": 0.024806653679483624,
        "fc": 0.0009883148633677795
    },
    "relative_params": {
        "conv1.0": 3.7402717868493914e-06,
        "conv1.1.0": 3.7402717868493914e-06,
        "conv1.1.1": 4.6753397335617395e-05,
        "conv1.1.2": 7.979246478612036e-05,
        "conv1.2": 0.0012966275527744556,
        "layer1.0.conv1.0": 0.0012966275527744556,
        "layer1.0.conv1.1.0": 0.00018233824960890783,
        "layer1.0.conv1.1.1": 2.8052038401370437e-05,
        "layer1.0.conv1.1.2": 0.00019948116196530087,
        "layer1.0.conv1.2": 0.0012966275527744556,
        "layer1.0.conv2.0": 0.0012966275527744556,
        "layer1.0.conv2.1.0": 0.00018233824960890783,
        "layer1.0.conv2.1.1": 2.8052038401370437e-05,
        "layer1.0.conv2.1.2": 0.00019948116196530087,
        "layer1.0.conv2.2": 0.0012966275527744556,
        "layer1.1.conv1.0": 0.0012966275527744556,
        "layer1.1.conv1.1.0": 0.00018233824960890783,
        "layer1.1.conv1.1.1": 2.8052038401370437e-05,
        "layer1.1.conv1.1.2": 0.00019948116196530087,
        "layer1.1.conv1.2": 0.0012966275527744556,
        "layer1.1.conv2.0": 0.0012966275527744556,
        "layer1.1.conv2.1.0": 0.00018233824960890783,
        "layer1.1.conv2.1.1": 2.8052038401370437e-05,
        "layer1.1.conv2.1.2": 0.00019948116196530087,
        "layer1.1.conv2.2": 0.0012966275527744556,
        "layer2.0.conv1.0": 0.0012966275527744556,
        "layer2.0.conv1.1.0": 0.00018233824960890783,
        "layer2.0.conv1.1.1": 2.8052038401370437e-05,
        "layer2.0.conv1.1.2": 0.00039896232393060174,
        "layer2.0.conv1.2": 0.005146613978704763,
        "layer2.0.conv2.0": 0.005146613978704763,
        "layer2.0.conv2.1.0": 0.00036187129537767863,
        "layer2.0.conv2.1.1": 2.8052038401370437e-05,
        "layer2.0.conv2.1.2": 0.00039896232393060174,
        "layer2.0.conv2.2": 0.005146613978704763,
        "layer2.0.downsample.0.0": 0.001276367747262355,
        "layer2.0.downsample.0.1": 0.0025533588731558514,
        "layer2.1.conv1.0": 0.005146613978704763,
        "layer2.1.conv1.1.0": 0.00036187129537767863,
        "layer2.1.conv1.1.1": 2.8052038401370437e-05,
        "layer2.1.conv1.1.2": 0.00039896232393060174,
        "layer2.1.conv1.2": 0.005146613978704763,
        "layer2.1.conv2.0": 0.005146613978704763,
        "layer2.1.conv2.1.0": 0.00036187129537767863,
        "layer2.1.conv2.1.1": 2.8052038401370437e-05,
        "layer2.1.conv2.1.2": 0.00039896232393060174,
        "layer2.1.conv2.2": 0.005146613978704763,
        "layer3.0.conv1.0": 0.005146613978704763,
        "layer3.0.conv1.1.0": 0.00036187129537767863,
        "layer3.0.conv1.1.1": 2.8052038401370437e-05,
        "layer3.0.conv1.1.2": 0.0007979246478612035,
        "layer3.0.conv1.2": 0.02050666345003293,
        "layer3.0.conv2.0": 0.02050666345003293,
        "layer3.0.conv2.1.0": 0.0007209373869152202,
        "layer3.0.conv2.1.1": 2.8052038401370437e-05,
        "layer3.0.conv2.1.2": 0.0007979246478612035,
        "layer3.0.conv2.2": 0.02050666345003293,
        "layer3.0.downsample.0.0": 0.0025330990676437504,
        "layer3.0.downsample.0.1": 0.005106717746311703,
        "layer3.1.conv1.0": 0.02050666345003293,