{
    "total_flops": 180907236,
    "total_params": 668641,
    "relative_flops": {
        "conv1.0": 0.033005556505213536,
        "conv1.1": 0.11669821764343356,
        "conv1.2": 0.15532026590688722,
        "layer1.0.conv1.0": 0.038015328474754875,
        "layer1.0.conv1.1": 0.005599156907134439,
        "layer1.0.conv1.2": 0.038830066476721804,
        "layer1.0.conv2.0": 0.038015328474754875,
        "layer1.0.conv2.1": 0.005599156907134439,
        "layer1.0.conv2.2": 0.038830066476721804,
        "layer1.1.conv1.0": 0.038015328474754875,
        "layer1.1.conv1.1": 0.005599156907134439,
        "layer1.1.conv1.2": 0.038830066476721804,
        "layer1.1.conv2.0": 0.038015328474754875,
        "layer1.1.conv2.1": 0.005599156907134439,
        "layer1.1.conv2.2": 0.038830066476721804,
        "layer2.0.conv1.0": 0.038015328474754875,
        "layer2.0.conv1.1": 0.0013997892267836097,
        "layer2.0.conv1.2": 0.019415033238360902,
        "layer2.0.conv2.0": 0.0189339911201783,
        "layer2.0.conv2.1": 0.0013997892267836097,
        "layer2.0.conv2.2": 0.019415033238360902,
        "layer2.0.downsample.0.0": 0.009503832118688719,
        "layer2.0.downsample.0.1": 0.019415033238360902,
        "layer2.1.conv1.0": 0.0189339911201783,
        "layer2.1.conv1.1": 0.0013997892267836097,
        "layer2.1.conv1.2": 0.019415033238360902,
        "layer2.1.conv2.0": 0.0189339911201783,
        "layer2.1.conv2.1": 0.0013997892267836097,
        "layer2.1.conv2.2": 0.019415033238360902,
        "layer3.0.conv1.0": 0.0189339911201783,
        "layer3.0.conv1.1": 0.00034994730669590243,
        "layer3.0.conv1.2": 0.009707516619180451,
        "layer3.0.conv2.0": 0.009448577280789365,
        "layer3.0.conv2.1": 0.00034994730669590243,
        "layer3.0.conv2.2": 0.009707516619180451,
        "layer3.0.downsample.0.0": 0.004733497780044575,
        "layer3.0.downsample.0.1": 0.009707516619180451,
        "layer3.1.conv1.0": 0.009448577280789365,
        "layer3.1.conv1.1": 0.00034994730669590243,
        "layer3.1.conv1.2": 0.009707516619180451,
        "layer3.1.conv2.0": 0.009448577280789365,
        "layer3.1.conv2.1": 0.00034994730669590243,
        "layer3.1.conv2.2": 0.009707516619180451,
        "layer4.0.conv1.0": 0.009448577280789365,
        "layer4.0.conv1.1": 8.748682667397561e-05,
        "layer4.0.conv1.2": 0.0048537583095902255,
        "layer4.0.conv2.0": 0.004719684070569737,
        "layer4.0.conv2.1": 8.748682667397561e-05,
        "layer4.0.conv2.2": 0.0048537583095902255,
        "layer4.0.downsample.0.0": 0.0023621443201973413,
        "layer4.0.downsample.0.1": 0.0048537583095902255,
        "layer4.1.conv1.0": 0.004719684070569737,
        "layer4.1.conv1.1": 8.748682667397561e-05,
        "layer4.1.conv1.2": 0.0048537583095902255,
        "layer4.1.conv2.0": 0.004719684070569737,
        "layer4.1.conv2.1": 8.748682667397561e-05,
        "layer4.1.conv2.2": 0.0048537583095902255,
        "fc": 0.005663189724483989
    },
    "relative_params": {
        "conv1.0": 0.00010169881894768643,
        "conv1.1": 0.0012712352368460804,
        "conv1.2": 0.0017228976386431582,
        "layer1.0.conv1.0": 0.0016526058078999044,
        "layer1.0.conv1.1": 0.00025424704736921606,
        "layer1.0.conv1.2": 0.0017228976386431582,
        "layer1.0.conv2.0": 0.0016526058078999044,
        "layer1.0.conv2.1": 0.00025424704736921606,
        "layer1.0.conv2.2": 0.0017228976386431582,
        "layer1.1.conv1.0": 0.0016526058078999044,
        "layer1.1.conv1.1": 0.00025424704736921606,
        "layer1.1.conv1.2": 0.0017228976386431582,
        "layer1.1.conv2.0": 0.0016526058078999044,
        "layer1.1.conv2.1": 0.00025424704736921606,
        "layer1.1.conv2.2": 0.0017228976386431582,
        "layer2.0.conv1.0": 0.0016526058078999044,
        "layer2.0.conv1.1": 0.00025424704736921606,
        "layer2.0.conv1.2": 0.0034457952772863165,
        "layer2.0.conv2.0": 0.0032797869110628873,
        "layer2.0.conv2.1": 0.00025424704736921606,
        "layer2.0.conv2.2": 0.0034457952772863165,
        "layer2.0.downsample.0.0": 0.0016526058078999044,
        "layer2.0.downsample.0.1": 0.0034457952772863165,
        "layer2.1.conv1.0": 0.0032797869110628873,
        "layer2.1.conv1.1": 0.00025424704736921606,
        "layer2.1.conv1.2": 0.0034457952772863165,
        "layer2.1.conv2.0": 0.0032797869110628873,
        "layer2.1.conv2.1": 0.00025424704736921606,
        "layer2.1.conv2.2": 0.0034457952772863165,
        "layer3.0.conv1.0": 0.0032797869110628873,
        "layer3.0.conv1.1": 0.00025424704736921606,
        "layer3.0.conv1.2": 0.006891590554572633,
        "layer3.0.conv2.0": 0.0065341491173888525,
        "layer3.0.conv2.1": 0.00025424704736921606,
        "layer3.0.conv2.2": 0.006891590554572633,
        "layer3.0.downsample.0.0": 0.0032797869110628873,
        "layer3.0.downsample.0.1": 0.006891590554572633,
        "layer3.1.conv1.0": 0.0065341491173888525,
        "layer3.1.conv1.1": 0.00025424704736921606,
        "layer3.1.conv1.2": 0.006891590554572633,
        "layer3.1.conv2.0": 0.0065341491173888525,
        "layer3.1.conv2.1": 0.00025424704736921606,
        "layer3.1.conv2.2": 0.006891590554572633,
        "layer4.0.conv1.0": 0.0065341491173888525,
        "layer4.0.conv1.1": 0.00025424704736921606,
        "layer4.0.conv1.2": 0.013783181109145266,
        "layer4.0.conv2.0": 0.013042873530040784,
        "layer4.0.conv2.1": 0.00025424704736921606,
        "layer4.0.conv2.2": 0.013783181109145266,
        "layer4.0.downsample.0.0": 0.0065341491173888525,
        "layer4.0.downsample.0.1": 0.013783181109145266,
        "layer4.1.conv1.0": 0.013042873530040784,
        "layer4.1.conv1.1": 0.00025424704736921606,
        "layer4.1.conv1.2": 0.013783181109145266,
        "layer4.1.conv2.0": 0.013042873530040784,
        "layer4.1.conv2.1": 0.00025424704736921606,
        "layer4.1.conv2.2": 0.013783181109145266,
        "fc": 0.7672278547082815
    }
}