{
    "total_flops": 1036097229,
    "total_params": 3206976,
    "relative_flops": {
        "conv1.0": 0.001016985636586429,
        "conv1.1.0": 0.001016985636586429,
        "conv1.1.1": 0.003595770643644874,
        "conv1.1.2": 0.0054239233951276205,
        "conv1.2": 0.09995515971020902,
        "layer1.0.conv1.0": 0.024988789927552255,
        "layer1.0.conv1.1.0": 0.0035140485835620356,
        "layer1.0.conv1.1.1": 0.0005175730471913075,
        "layer1.0.conv1.1.2": 0.0036805194466937425,
        "layer1.0.conv1.2": 0.024988789927552255,
        "layer1.0.conv2.0": 0.024988789927552255,
        "layer1.0.conv2.1.0": 0.0035140485835620356,
        "layer1.0.conv2.1.1": 0.0005175730471913075,
        "layer1.0.conv2.1.2": 0.0036805194466937425,
        "layer1.0.conv2.2": 0.024988789927552255,
        "layer1.1.conv1.0": 0.024988789927552255,
        "layer1.1.conv1.1.0": 0.0035140485835620356,
        "layer1.1.conv1.1.1": 0.0005175730471913075,
        "layer1.1.conv1.1.2": 0.0036805194466937425,
        "layer1.1.conv1.2": 0.024988789927552255,
        "layer1.1.conv2.0": 0.024988789927552255,
        "layer1.1.conv2.1.0": 0.0035140485835620356,
        "layer1.1.conv2.1.1": 0.0005175730471913075,
        "layer1.1.conv2.1.2": 0.0036805194466937425,
        "layer1.1.conv2.2": 0.024988789927552255,
        "layer2.0.conv1.0": 0.024988789927552255,
        "layer2.0.conv1.1.0": 0.0035140485835620356,
        "layer2.0.conv1.1.1": 0.00012939326179782688,
        "layer2.0.conv1.1.2": 0.0018402597233468712,
        "layer2.0.conv1.2": 0.02489193415263926,
        "layer2.0.conv2.0": 0.02489193415263926,
        "layer2.0.conv2.1.0": 0.001750214120107448,
        "layer2.0.conv2.1.1": 0.00012939326179782688,
        "layer2.0.conv2.1.2": 0.0018402597233468712,
        "layer2.0.conv2.2": 0.02489193415263926,
        "layer2.0.downsample.0.0": 0.0060519725605790615,
        "layer2.0.downsample.0.1": 0.012106971864124154,
        "layer2.1.conv1.0": 0.02489193415263926,
        "layer2.1.conv1.1.0": 0.001750214120107448,
        "layer2.1.conv1.1.1": 0.00012939326179782688,
        "layer2.1.conv1.1.2": 0.0018402597233468712,
        "layer2.1.conv1.2": 0.02489193415263926,
        "layer2.1.conv2.0": 0.02489193415263926,
        "layer2.1.conv2.1.0": 0.001750214120107448,
        "layer2.1.conv2.1.1": 0.00012939326179782688,
        "layer2.1.conv2.1.2": 0.0018402597233468712,
        "layer2.1.conv2.2": 0.02489193415263926,
        "layer3.0.conv1.0": 0.02489193415263926,
        "layer3.0.conv1.1.0": 0.001750214120107448,
        "layer3.0.conv1.1.1": 3.234831544945672e-05,
        "layer3.0.conv1.1.2": 0.0009201298616734356,
        "layer3.0.conv1.2": 0.024843506265182762,
        "layer3.0.conv2.0": 0.024843506265182762,
        "layer3.0.conv2.1.0": 0.0008734045171353316,
        "layer3.0.conv2.1.1": 3.234831544945672e-05,
        "layer3.0.conv2.1.2": 0.0009201298616734356,
        "layer3.0.conv2.2": 0.024843506265182762,
        "layer3.0.downsample.0.0": 0.0030142576512961605,
        "layer3.0.downsample.0.1": 0.006053485932062077,
        "layer3.1.conv1.0": 0.024843506265182762,
        "layer3.1.conv1.1.0": 0.0008734045171353316,
        "layer3.1.conv1.1.1": 3.234831544945672e-05,
        "layer3.1.conv1.1.2": 0.0009201298616734356,
        "layer3.1.conv1.2": 0.024843506265182762,
        "layer3.1.conv2.0": 0.024843506265182762,
        "layer3.1.conv2.1.0": 0.0008734045171353316,
        "layer3.1.conv2.1.1": 3.234831544945672e-05,
        "layer3.1.conv2.1.2": 0.0009201298616734356,
        "layer3.1.conv2.2": 0.024843506265182762,
        "layer4.0.conv1.0": 0.024843506265182762,
        "layer4.0.conv1.1.0": 0.0008734045171353316,
        "layer4.0.conv1.1.1": 8.08707886236418e-06,
        "layer4.0.conv1.1.2": 0.0004600649308367178,
        "layer4.0.conv1.2": 0.024819292321454516,
        "layer4.0.conv2.0": 0.024819292321454516,
        "layer4.0.conv2.1.0": 0.00043627662283806767,
        "layer4.0.conv2.1.1": 8.08707886236418e-06,
        "layer4.0.conv2.1.2": 0.0004600649308367178,
        "layer4.0.conv2.2": 0.024819292321454516,
        "layer4.0.downsample.0.0": 0.0015041966683997376,
        "layer4.0.downsample.0.1": 0.0030267429660310384,
        "layer4.1.conv1.0": 0.024819292321454516,
        "layer4.1.conv1.1.0": 0.00043627662283806767,
        "layer4.1.conv1.1.1": 8.08707886236418e-06,
        "layer4.1.conv1.1.2": 0.0004600649308367178,
        "layer4.1.conv1.2": 0.024819292321454516,
        "layer4.1.conv2.0": 0.024819292321454516,
        "layer4.1.conv2.1.0": 0.00043627662283806767,
        "layer4.1.conv2.1.1": 8.08707886236418e-06,
        "layer4.1.conv2.1.2": 0.0004600649308367178,
        "layer4.1.conv2.2": 0.024819292321454516,
        "fc": 0.0009888183959229563
    },
    "relative_params": {
        "conv1.0": 3.7418427827336405e-06,
        "conv1.1.0": 3.7418427827336405e-06,
        "conv1.1.1": 4.6773034784170506e-05,
        "conv1.1.2": 7.982597936498434e-05,
        "conv1.2": 0.0012971721646809955,
        "layer1.0.conv1.0": 0.0012971721646809955,
        "layer1.0.conv1.1.0": 0.000182414835658265,
        "layer1.0.conv1.1.1": 2.8063820870502304e-05,
        "layer1.0.conv1.1.2": 0.00019956494841246085,
        "layer1.0.conv1.2": 0.0012971721646809955,
        "layer1.0.conv2.0": 0.0012971721646809955,
        "layer1.0.conv2.1.0": 0.000182414835658265,
        "layer1.0.conv2.1.1": 2.8063820870502304e-05,
        "layer1.0.conv2.1.2": 0.00019956494841246085,
        "layer1.0.conv2.2": 0.0012971721646809955,
        "layer1.1.conv1.0": 0.0012971721646809955,
        "layer1.1.conv1.1.0": 0.000182414835658265,
        "layer1.1.conv1.1.1": 2.8063820870502304e-05,
        "layer1.1.conv1.1.2": 0.00019956494841246085,
        "layer1.1.conv1.2": 0.0012971721646809955,
        "layer1.1.conv2.0": 0.0012971721646809955,
        "layer1.1.conv2.1.0": 0.000182414835658265,
        "layer1.1.conv2.1.1": 2.8063820870502304e-05,
        "layer1.1.conv2.1.2": 0.00019956494841246085,
        "layer1.1.conv2.2": 0.0012971721646809955,
        "layer2.0.conv1.0": 0.0012971721646809955,
        "layer2.0.conv1.1.0": 0.000182414835658265,
        "layer2.0.conv1.1.1": 2.8063820870502304e-05,
        "layer2.0.conv1.1.2": 0.0003991298968249217,
        "layer2.0.conv1.2": 0.005148775669041489,
        "layer2.0.conv2.0": 0.005148775669041489,
        "layer2.0.conv2.1.0": 0.0003620232892294797,
        "layer2.0.conv2.1.1": 2.8063820870502304e-05,
        "layer2.0.conv2.1.2": 0.0003991298968249217,
        "layer2.0.conv2.2": 0.005148775669041489,
        "layer2.0.downsample.0.0": 0.0012566355345347143,
        "layer2.0.downsample.0.1": 0.0025145183499970065,
        "layer2.1.conv1.0": 0.005148775669041489,
        "layer2.1.conv1.1.0": 0.0003620232892294797,
        "layer2.1.conv1.1.1": 2.8063820870502304e-05,
        "layer2.1.conv1.1.2": 0.0003991298968249217,
        "layer2.1.conv1.2": 0.005148775669041489,
        "layer2.1.conv2.0": 0.005148775669041489,
        "layer2.1.conv2.1.0": 0.0003620232892294797,
        "layer2.1.conv2.1.1": 2.8063820870502304e-05,
        "layer2.1.conv2.1.2": 0.0003991298968249217,
        "layer2.1.conv2.2": 0.005148775669041489,
        "layer3.0.conv1.0": 0.005148775669041489,
        "layer3.0.conv1.1.0": 0.0003620232892294797,
        "layer3.0.conv1.1.1": 2.8063820870502304e-05,
        "layer3.0.conv1.1.2": 0.0007982597936498434,
        "layer3.0.conv1.2": 0.020515276696800974,
        "layer3.0.conv2.0": 0.020515276696800974,
        "layer3.0.conv2.1.0": 0.0007212401963719092,
        "layer3.0.conv2.1.1": 2.8063820870502304e-05,
        "layer3.0.conv2.1.2": 0.0007982597936498434,
        "layer3.0.conv2.2": 0.020515276696800974,
        "layer3.0.downsample.0.0": 0.0024939382146919715,
        "layer3.0.downsample.0.1": 0.005029036699994013,
        "layer3.1.conv1.0": 0.020515276696800974,