{
    "total_flops": 1017621534,
    "total_params": 3159831,
    "relative_flops": {
        "conv1.0": 0.0010354497863839427,
        "conv1.1.0": 0.0010354497863839427,
        "conv1.1.1": 0.0036610546018575113,
        "conv1.1.2": 0.0055223988607143604,
        "conv1.2": 0.10176992186173607,
        "layer1.0.conv1.0": 0.025442480465434018,
        "layer1.0.conv1.1.0": 0.0035778488154516587,
        "layer1.0.conv1.1.1": 0.0005269699805703994,
        "layer1.0.conv1.1.2": 0.0037473420840561733,
        "layer1.0.conv1.2": 0.025442480465434018,
        "layer1.0.conv2.0": 0.025442480465434018,
        "layer1.0.conv2.1.0": 0.0035778488154516587,
        "layer1.0.conv2.1.1": 0.0005269699805703994,
        "layer1.0.conv2.1.2": 0.0037473420840561733,
        "layer1.0.conv2.2": 0.025442480465434018,
        "layer1.1.conv1.0": 0.025442480465434018,
        "layer1.1.conv1.1.0": 0.0035778488154516587,
        "layer1.1.conv1.1.1": 0.0005269699805703994,
        "layer1.1.conv1.1.2": 0.0037473420840561733,
        "layer1.1.conv1.2": 0.025442480465434018,
        "layer1.1.conv2.0": 0.025442480465434018,
        "layer1.1.conv2.1.0": 0.0035778488154516587,
        "layer1.1.conv2.1.1": 0.0005269699805703994,
        "layer1.1.conv2.1.2": 0.0037473420840561733,
        "layer1.1.conv2.2": 0.025442480465434018,
        "layer2.0.conv1.0": 0.025442480465434018,
        "layer2.0.conv1.1.0": 0.0035778488154516587,
        "layer2.0.conv1.1.1": 0.00013174249514259984,
        "layer2.0.conv1.1.2": 0.0018736710420280867,
        "layer2.0.conv1.2": 0.025343866200064118,
        "layer2.0.conv2.0": 0.025343866200064118,
        "layer2.0.conv2.1.0": 0.0017819905921920083,
        "layer2.0.conv2.1.1": 0.00013174249514259984,
        "layer2.0.conv2.1.2": 0.0018736710420280867,
        "layer2.0.conv2.2": 0.025343866200064118,
        "layer2.0.downsample.0.0": 0.0026833866115887443,
        "layer2.0.downsample.0.1": 0.005423784595344461,
        "layer2.1.conv1.0": 0.025343866200064118,
        "layer2.1.conv1.1.0": 0.0017819905921920083,
        "layer2.1.conv1.1.1": 0.00013174249514259984,
        "layer2.1.conv1.1.2": 0.0018736710420280867,
        "layer2.1.conv1.2": 0.025343866200064118,
        "layer2.1.conv2.0": 0.025343866200064118,
        "layer2.1.conv2.1.0": 0.0017819905921920083,
        "layer2.1.conv2.1.1": 0.00013174249514259984,
        "layer2.1.conv2.1.2": 0.0018736710420280867,
        "layer2.1.conv2.2": 0.025343866200064118,
        "layer3.0.conv1.0": 0.025343866200064118,
        "layer3.0.conv1.1.0": 0.0017819905921920083,
        "layer3.0.conv1.1.1": 3.293562378564996e-05,
        "layer3.0.conv1.1.2": 0.0009368355210140433,
        "layer3.0.conv1.2": 0.02529455906737917,
        "layer3.0.conv2.0": 0.02529455906737917,
        "layer3.0.conv2.1.0": 0.000889261842212549,
        "layer3.0.conv2.1.1": 3.293562378564996e-05,
        "layer3.0.conv2.1.2": 0.0009368355210140433,
        "layer3.0.conv2.2": 0.02529455906737917,
        "layer3.0.downsample.0.0": 0.0013364929441440064,
        "layer3.0.downsample.0.1": 0.0027118922976722306,
        "layer3.1.conv1.0": 0.02529455906737917,
        "layer3.1.conv1.1.0": 0.000889261842212549,
        "layer3.1.conv1.1.1": 3.293562378564996e-05,
        "layer3.1.conv1.1.2": 0.0009368355210140433,
        "layer3.1.conv1.2": 0.02529455906737917,
        "layer3.1.conv2.0": 0.02529455906737917,
        "layer3.1.conv2.1.0": 0.000889261842212549,
        "layer3.1.conv2.1.1": 3.293562378564996e-05,
        "layer3.1.conv2.1.2": 0.0009368355210140433,
        "layer3.1.conv2.2": 0.02529455906737917,
        "layer4.0.conv1.0": 0.02529455906737917,
        "layer4.0.conv1.1.0": 0.000889261842212549,
        "layer4.0.conv1.1.1": 8.23390594641249e-06,
        "layer4.0.conv1.1.2": 0.00046841776050702167,
        "layer4.0.conv1.2": 0.025269905501036694,
        "layer4.0.conv2.0": 0.025269905501036694,
        "layer4.0.conv2.1.0": 0.00044419755763541063,
        "layer4.0.conv2.1.1": 8.23390594641249e-06,
        "layer4.0.conv2.1.2": 0.00046841776050702167,
        "layer4.0.conv2.2": 0.025269905501036694,
        "layer4.0.downsample.0.0": 0.0006669463816594117,
        "layer4.0.downsample.0.1": 0.0013559461488361153,
        "layer4.1.conv1.0": 0.025269905501036694,
        "layer4.1.conv1.1.0": 0.00044419755763541063,
        "layer4.1.conv1.1.1": 8.23390594641249e-06,
        "layer4.1.conv1.1.2": 0.00046841776050702167,
        "layer4.1.conv1.2": 0.025269905501036694,
        "layer4.1.conv2.0": 0.025269905501036694,
        "layer4.1.conv2.1.0": 0.00044419755763541063,
        "layer4.1.conv2.1.1": 8.23390594641249e-06,
        "layer4.1.conv2.1.2": 0.00046841776050702167,
        "layer4.1.conv2.2": 0.025269905501036694,
        "fc": 0.0010067711479855536
    },
    "relative_params": {
        "conv1.0": 3.797671457745683e-06,
        "conv1.1.0": 3.797671457745683e-06,
        "conv1.1.1": 4.747089322182104e-05,
        "conv1.1.2": 8.101699109857457e-05,
        "conv1.2": 0.0013165261053518368,
        "layer1.0.conv1.0": 0.0013165261053518368,
        "layer1.0.conv1.1.0": 0.00018513648356510205,
        "layer1.0.conv1.1.1": 2.8482535933092626e-05,
        "layer1.0.conv1.1.2": 0.00020254247774643643,
        "layer1.0.conv1.2": 0.0013165261053518368,
        "layer1.0.conv2.0": 0.0013165261053518368,
        "layer1.0.conv2.1.0": 0.00018513648356510205,
        "layer1.0.conv2.1.1": 2.8482535933092626e-05,
        "layer1.0.conv2.1.2": 0.00020254247774643643,
        "layer1.0.conv2.2": 0.0013165261053518368,
        "layer1.1.conv1.0": 0.0013165261053518368,
        "layer1.1.conv1.1.0": 0.00018513648356510205,
        "layer1.1.conv1.1.1": 2.8482535933092626e-05,
        "layer1.1.conv1.1.2": 0.00020254247774643643,
        "layer1.1.conv1.2": 0.0013165261053518368,
        "layer1.1.conv2.0": 0.0013165261053518368,
        "layer1.1.conv2.1.0": 0.00018513648356510205,
        "layer1.1.conv2.1.1": 2.8482535933092626e-05,
        "layer1.1.conv2.1.2": 0.00020254247774643643,
        "layer1.1.conv2.2": 0.0013165261053518368,
        "layer2.0.conv1.0": 0.0013165261053518368,
        "layer2.0.conv1.1.0": 0.00018513648356510205,
        "layer2.0.conv1.1.1": 2.8482535933092626e-05,
        "layer2.0.conv1.1.2": 0.00040508495549287286,
        "layer2.0.conv1.2": 0.00522559592585806,
        "layer2.0.conv2.0": 0.00522559592585806,
        "layer2.0.conv2.1.0": 0.00036742471353689486,
        "layer2.0.conv2.1.1": 2.8482535933092626e-05,
        "layer2.0.conv2.1.2": 0.00040508495549287286,
        "layer2.0.conv2.2": 0.00522559592585806,
        "layer2.0.downsample.0.0": 0.0005554094506953061,
        "layer2.0.downsample.0.1": 0.001134237875380044,
        "layer2.1.conv1.0": 0.00522559592585806,
        "layer2.1.conv1.1.0": 0.00036742471353689486,
        "layer2.1.conv1.1.1": 2.8482535933092626e-05,
        "layer2.1.conv1.1.2": 0.00040508495549287286,
        "layer2.1.conv1.2": 0.00522559592585806,
        "layer2.1.conv2.0": 0.00522559592585806,
        "layer2.1.conv2.1.0": 0.00036742471353689486,
        "layer2.1.conv2.1.1": 2.8482535933092626e-05,
        "layer2.1.conv2.1.2": 0.00040508495549287286,
        "layer2.1.conv2.2": 0.00522559592585806,
        "layer3.0.conv1.0": 0.00522559592585806,
        "layer3.0.conv1.1.0": 0.00036742471353689486,
        "layer3.0.conv1.1.1": 2.8482535933092626e-05,
        "layer3.0.conv1.1.2": 0.0008101699109857457,
        "layer3.0.conv1.2": 0.020821366712333665,
        "layer3.0.conv2.0": 0.020821366712333665,
        "layer3.0.conv2.1.0": 0.0007320011734804804,
        "layer3.0.conv2.1.1": 2.8482535933092626e-05,
        "layer3.0.conv2.1.2": 0.0008101699109857457,
        "layer3.0.conv2.2": 0.020821366712333665,
        "layer3.0.downsample.0.0": 0.0011022741406106846,
        "layer3.0.downsample.0.1": 0.002268475750760088,
        "layer3.1.conv1.0": 0.020821366712333665,