{
    "total_flops": 139166292,
    "total_params": 633149,
    "relative_flops": {
        "conv1.0": 0.03280978413939491,
        "conv1.1": 0.11600602249286056,
        "conv1.2": 0.1557563378925121,
        "layer1.0.conv1.0": 0.03778984066055306,
        "layer1.0.conv1.1": 0.0055659455236473495,
        "layer1.0.conv1.2": 0.03893908447312802,
        "layer1.0.conv2.0": 0.03778984066055306,
        "layer1.0.conv2.1": 0.0055659455236473495,
        "layer1.0.conv2.2": 0.03893908447312802,
        "layer1.1.conv1.0": 0.03778984066055306,
        "layer1.1.conv1.1": 0.0055659455236473495,
        "layer1.1.conv1.2": 0.03893908447312802,
        "layer1.1.conv2.0": 0.03778984066055306,
        "layer1.1.conv2.1": 0.0055659455236473495,
        "layer1.1.conv2.2": 0.03893908447312802,
        "layer2.0.conv1.0": 0.03778984066055306,
        "layer2.0.conv1.1": 0.0013914863809118374,
        "layer2.0.conv1.2": 0.01946954223656401,
        "layer2.0.conv2.0": 0.01882168420496538,
        "layer2.0.conv2.1": 0.0013914863809118374,
        "layer2.0.conv2.2": 0.01946954223656401,
        "layer2.0.downsample.0.0": 0.009447460165138265,
        "layer2.0.downsample.0.1": 0.01946954223656401,
        "layer2.1.conv1.0": 0.01882168420496538,
        "layer2.1.conv1.1": 0.0013914863809118374,
        "layer2.1.conv1.2": 0.01946954223656401,
        "layer2.1.conv2.0": 0.01882168420496538,
        "layer2.1.conv2.1": 0.0013914863809118374,
        "layer2.1.conv2.2": 0.01946954223656401,
        "layer3.0.conv1.0": 0.01882168420496538,
        "layer3.0.conv1.1": 0.00034787159522795935,
        "layer3.0.conv1.2": 0.009734771118282005,
        "layer3.0.conv2.0": 0.009392533071154903,
        "layer3.0.conv2.1": 0.00034787159522795935,
        "layer3.0.conv2.2": 0.009734771118282005,
        "layer3.0.downsample.0.0": 0.004705421051241345,
        "layer3.0.downsample.0.1": 0.009734771118282005,
        "layer3.1.conv1.0": 0.009392533071154903,
        "layer3.1.conv1.1": 0.00034787159522795935,
        "layer3.1.conv1.2": 0.009734771118282005,
        "layer3.1.conv2.0": 0.009392533071154903,
        "layer3.1.conv2.1": 0.00034787159522795935,
        "layer3.1.conv2.2": 0.009734771118282005,
        "layer4.0.conv1.0": 0.009392533071154903,
        "layer4.0.conv1.1": 8.696789880698984e-05,
        "layer4.0.conv1.2": 0.004867385559141003,
        "layer4.0.conv2.0": 0.004691689277745504,
        "layer4.0.conv2.1": 8.696789880698984e-05,
        "layer4.0.conv2.2": 0.004867385559141003,
        "layer4.0.downsample.0.0": 0.0023481332677887257,
        "layer4.0.downsample.0.1": 0.004867385559141003,
        "layer4.1.conv1.0": 0.004691689277745504,
        "layer4.1.conv1.1": 8.696789880698984e-05,
        "layer4.1.conv1.2": 0.004867385559141003,
        "layer4.1.conv2.0": 0.004691689277745504,
        "layer4.1.conv2.1": 8.696789880698984e-05,
        "layer4.1.conv2.2": 0.004867385559141003,
        "fc": 0.007361782693757479
    },
    "relative_params": {
        "conv1.0": 8.212916706809929e-05,
        "conv1.1": 0.0010266145883512411,
        "conv1.2": 0.0014151487248657108,
        "layer1.0.conv1.0": 0.0013345989648566134,
        "layer1.0.conv1.1": 0.00020532291767024825,
        "layer1.0.conv1.2": 0.0014151487248657108,
        "layer1.0.conv2.0": 0.0013345989648566134,
        "layer1.0.conv2.1": 0.00020532291767024825,
        "layer1.0.conv2.2": 0.0014151487248657108,
        "layer1.1.conv1.0": 0.0013345989648566134,
        "layer1.1.conv1.1": 0.00020532291767024825,
        "layer1.1.conv1.2": 0.0014151487248657108,
        "layer1.1.conv2.0": 0.0013345989648566134,
        "layer1.1.conv2.1": 0.00020532291767024825,
        "layer1.1.conv2.2": 0.0014151487248657108,
        "layer2.0.conv1.0": 0.0013345989648566134,
        "layer2.0.conv1.1": 0.00020532291767024825,
        "layer2.0.conv1.2": 0.0028302974497314217,
        "layer2.0.conv2.0": 0.002648665637946202,
        "layer2.0.conv2.1": 0.00020532291767024825,
        "layer2.0.conv2.2": 0.0028302974497314217,
        "layer2.0.downsample.0.0": 0.0013345989648566134,
        "layer2.0.downsample.0.1": 0.0028302974497314217,
        "layer2.1.conv1.0": 0.002648665637946202,
        "layer2.1.conv1.1": 0.00020532291767024825,
        "layer2.1.conv1.2": 0.0028302974497314217,
        "layer2.1.conv2.0": 0.002648665637946202,
        "layer2.1.conv2.1": 0.00020532291767024825,
        "layer2.1.conv2.2": 0.0028302974497314217,
        "layer3.0.conv1.0": 0.002648665637946202,
        "layer3.0.conv1.1": 0.00020532291767024825,
        "layer3.0.conv1.2": 0.005660594899462843,
        "layer3.0.conv2.0": 0.005276798984125379,
        "layer3.0.conv2.1": 0.00020532291767024825,
        "layer3.0.conv2.2": 0.005660594899462843,
        "layer3.0.downsample.0.0": 0.002648665637946202,
        "layer3.0.downsample.0.1": 0.005660594899462843,
        "layer3.1.conv1.0": 0.005276798984125379,
        "layer3.1.conv1.1": 0.00020532291767024825,
        "layer3.1.conv1.2": 0.005660594899462843,
        "layer3.1.conv2.0": 0.005276798984125379,
        "layer3.1.conv2.1": 0.00020532291767024825,
        "layer3.1.conv2.2": 0.005660594899462843,
        "layer4.0.conv1.0": 0.005276798984125379,
        "layer4.0.conv1.1": 0.00020532291767024825,
        "layer4.0.conv1.2": 0.011321189798925687,
        "layer4.0.conv2.0": 0.010533065676483735,
        "layer4.0.conv2.1": 0.00020532291767024825,
        "layer4.0.conv2.2": 0.011321189798925687,
        "layer4.0.downsample.0.0": 0.005276798984125379,
        "layer4.0.downsample.0.1": 0.011321189798925687,
        "layer4.1.conv1.0": 0.010533065676483735,
        "layer4.1.conv1.1": 0.00020532291767024825,
        "layer4.1.conv1.2": 0.011321189798925687,
        "layer4.1.conv2.0": 0.010533065676483735,
        "layer4.1.conv2.1": 0.00020532291767024825,
        "layer4.1.conv2.2": 0.011321189798925687,
        "fc": 0.8102358212679796
    }
}