{
    "total_flops": 1027651197,
    "total_params": 3185424,
    "relative_flops": {
        "conv1.0": 0.0010253440107655515,
        "conv1.1.0": 0.0010253440107655515,
        "conv1.1.1": 0.0036253234666353434,
        "conv1.1.2": 0.005468501390749609,
        "conv1.2": 0.10077666848667136,
        "layer1.0.conv1.0": 0.02519416712166784,
        "layer1.0.conv1.1.0": 0.0035429297514845397,
        "layer1.0.conv1.1.1": 0.000521826862621754,
        "layer1.0.conv1.1.2": 0.0037107688008658057,
        "layer1.0.conv1.2": 0.02519416712166784,
        "layer1.0.conv2.0": 0.02519416712166784,
        "layer1.0.conv2.1.0": 0.0035429297514845397,
        "layer1.0.conv2.1.1": 0.000521826862621754,
        "layer1.0.conv2.1.2": 0.0037107688008658057,
        "layer1.0.conv2.2": 0.02519416712166784,
        "layer1.1.conv1.0": 0.02519416712166784,
        "layer1.1.conv1.1.0": 0.0035429297514845397,
        "layer1.1.conv1.1.1": 0.000521826862621754,
        "layer1.1.conv1.1.2": 0.0037107688008658057,
        "layer1.1.conv1.2": 0.02519416712166784,
        "layer1.1.conv2.0": 0.02519416712166784,
        "layer1.1.conv2.1.0": 0.0035429297514845397,
        "layer1.1.conv2.1.1": 0.000521826862621754,
        "layer1.1.conv2.1.2": 0.0037107688008658057,
        "layer1.1.conv2.2": 0.02519416712166784,
        "layer2.0.conv1.0": 0.02519416712166784,
        "layer2.0.conv1.1.0": 0.0035429297514845397,
        "layer2.0.conv1.1.1": 0.0001304567156554385,
        "layer2.0.conv1.1.2": 0.0018553844004329028,
        "layer2.0.conv1.2": 0.025096515311118738,
        "layer2.0.conv2.0": 0.025096515311118738,
        "layer2.0.conv2.1.0": 0.0017645987328130364,
        "layer2.0.conv2.1.1": 0.0001304567156554385,
        "layer2.0.conv2.1.2": 0.0018553844004329028,
        "layer2.0.conv2.2": 0.025096515311118738,
        "layer2.0.downsample.0.0": 0.00452707690467469,
        "layer2.0.downsample.0.1": 0.009081618381066314,
        "layer2.1.conv1.0": 0.025096515311118738,
        "layer2.1.conv1.1.0": 0.0017645987328130364,
        "layer2.1.conv1.1.1": 0.0001304567156554385,
        "layer2.1.conv1.1.2": 0.0018553844004329028,
        "layer2.1.conv1.2": 0.025096515311118738,
        "layer2.1.conv2.0": 0.025096515311118738,
        "layer2.1.conv2.1.0": 0.0017645987328130364,
        "layer2.1.conv2.1.1": 0.0001304567156554385,
        "layer2.1.conv2.1.2": 0.0018553844004329028,
        "layer2.1.conv2.2": 0.025096515311118738,
        "layer3.0.conv1.0": 0.025096515311118738,
        "layer3.0.conv1.1.0": 0.0017645987328130364,
        "layer3.0.conv1.1.1": 3.261417891385962e-05,
        "layer3.0.conv1.1.2": 0.0009276922002164514,
        "layer3.0.conv1.2": 0.02504768940584419,
        "layer3.0.conv2.0": 0.02504768940584419,
        "layer3.0.conv2.1.0": 0.0008805828306742097,
        "layer3.0.conv2.1.1": 3.261417891385962e-05,
        "layer3.0.conv2.1.2": 0.0009276922002164514,
        "layer3.0.conv2.2": 0.02504768940584419,
        "layer3.0.downsample.0.0": 0.0022547650474833243,
        "layer3.0.downsample.0.1": 0.004540809190533157,
        "layer3.1.conv1.0": 0.02504768940584419,
        "layer3.1.conv1.1.0": 0.0008805828306742097,
        "layer3.1.conv1.1.1": 3.261417891385962e-05,
        "layer3.1.conv1.1.2": 0.0009276922002164514,
        "layer3.1.conv1.2": 0.02504768940584419,
        "layer3.1.conv2.0": 0.02504768940584419,
        "layer3.1.conv2.1.0": 0.0008805828306742097,
        "layer3.1.conv2.1.1": 3.261417891385962e-05,
        "layer3.1.conv2.1.2": 0.0009276922002164514,
        "layer3.1.conv2.2": 0.02504768940584419,
        "layer4.0.conv1.0": 0.02504768940584419,
        "layer4.0.conv1.1.0": 0.0008805828306742097,
        "layer4.0.conv1.1.1": 8.153544728464905e-06,
        "layer4.0.conv1.1.2": 0.0004638461001082257,
        "layer4.0.conv1.2": 0.025023276453206914,
        "layer4.0.conv2.0": 0.025023276453206914,
        "layer4.0.conv2.1.0": 0.0004398622814040278,
        "layer4.0.conv2.1.1": 8.153544728464905e-06,
        "layer4.0.conv2.1.2": 0.0004638461001082257,
        "layer4.0.conv2.2": 0.025023276453206914,
        "layer4.0.downsample.0.0": 0.0011251891725281569,
        "layer4.0.downsample.0.1": 0.0022704045952665784,
        "layer4.1.conv1.0": 0.025023276453206914,
        "layer4.1.conv1.1.0": 0.0004398622814040278,
        "layer4.1.conv1.1.1": 8.153544728464905e-06,
        "layer4.1.conv1.1.2": 0.0004638461001082257,
        "layer4.1.conv1.2": 0.025023276453206914,
        "layer4.1.conv2.0": 0.025023276453206914,
        "layer4.1.conv2.1.0": 0.0004398622814040278,
        "layer4.1.conv2.1.1": 8.153544728464905e-06,
        "layer4.1.conv2.1.2": 0.0004638461001082257,
        "layer4.1.conv2.2": 0.025023276453206914,
        "fc": 0.000996945269942599
    },
    "relative_params": {
        "conv1.0": 3.767159411117641e-06,
        "conv1.1.0": 3.767159411117641e-06,
        "conv1.1.1": 4.7089492638970514e-05,
        "conv1.1.2": 8.036606743717634e-05,
        "conv1.2": 0.0013059485958541155,
        "layer1.0.conv1.0": 0.0013059485958541155,
        "layer1.0.conv1.1.0": 0.000183649021291985,
        "layer1.0.conv1.1.1": 2.8253695583382307e-05,
        "layer1.0.conv1.1.2": 0.00020091516859294085,
        "layer1.0.conv1.2": 0.0013059485958541155,
        "layer1.0.conv2.0": 0.0013059485958541155,
        "layer1.0.conv2.1.0": 0.000183649021291985,
        "layer1.0.conv2.1.1": 2.8253695583382307e-05,
        "layer1.0.conv2.1.2": 0.00020091516859294085,
        "layer1.0.conv2.2": 0.0013059485958541155,
        "layer1.1.conv1.0": 0.0013059485958541155,
        "layer1.1.conv1.1.0": 0.000183649021291985,
        "layer1.1.conv1.1.1": 2.8253695583382307e-05,
        "layer1.1.conv1.1.2": 0.00020091516859294085,
        "layer1.1.conv1.2": 0.0013059485958541155,
        "layer1.1.conv2.0": 0.0013059485958541155,
        "layer1.1.conv2.1.0": 0.000183649021291985,
        "layer1.1.conv2.1.1": 2.8253695583382307e-05,
        "layer1.1.conv2.1.2": 0.00020091516859294085,
        "layer1.1.conv2.2": 0.0013059485958541155,
        "layer2.0.conv1.0": 0.0013059485958541155,
        "layer2.0.conv1.1.0": 0.000183649021291985,
        "layer2.0.conv1.1.1": 2.8253695583382307e-05,
        "layer2.0.conv1.1.2": 0.0004018303371858817,
        "layer2.0.conv1.2": 0.005183611349697873,
        "layer2.0.conv2.0": 0.005183611349697873,
        "layer2.0.conv2.1.0": 0.00036447267302563177,
        "layer2.0.conv2.1.1": 2.8253695583382307e-05,
        "layer2.0.conv2.1.2": 0.0004018303371858817,
        "layer2.0.conv2.2": 0.005183611349697873,
        "layer2.0.downsample.0.0": 0.0009386505532701455,
        "layer2.0.downsample.0.1": 0.0018886025847736439,
        "layer2.1.conv1.0": 0.005183611349697873,
        "layer2.1.conv1.1.0": 0.00036447267302563177,
        "layer2.1.conv1.1.1": 2.8253695583382307e-05,
        "layer2.1.conv1.1.2": 0.0004018303371858817,
        "layer2.1.conv1.2": 0.005183611349697873,
        "layer2.1.conv2.0": 0.005183611349697873,
        "layer2.1.conv2.1.0": 0.00036447267302563177,
        "layer2.1.conv2.1.1": 2.8253695583382307e-05,
        "layer2.1.conv2.1.2": 0.0004018303371858817,
        "layer2.1.conv2.2": 0.005183611349697873,
        "layer3.0.conv1.0": 0.005183611349697873,
        "layer3.0.conv1.1.0": 0.00036447267302563177,
        "layer3.0.conv1.1.1": 2.8253695583382307e-05,
        "layer3.0.conv1.1.2": 0.0008036606743717634,
        "layer3.0.conv1.2": 0.020654079331354318,
        "layer3.0.conv2.0": 0.020654079331354318,
        "layer3.0.conv2.1.0": 0.0007261199764929253,
        "layer3.0.conv2.1.1": 2.8253695583382307e-05,
        "layer3.0.conv2.1.2": 0.0008036606743717634,
        "layer3.0.conv2.2": 0.020654079331354318,
        "layer3.0.downsample.0.0": 0.0018628603287976734,
        "layer3.0.downsample.0.1": 0.0037772051695472877,
        "layer3.1.conv1.0": 0.020654079331354318,
        "layer3.1.conv1.1.0": 0.0007261199764929253,