{
    "total_flops": 1022900304,
    "total_params": 3173301,
    "relative_flops": {
        "conv1.0": 0.0010301062536393576,
        "conv1.1.0": 0.0010301062536393576,
        "conv1.1.1": 0.0036421613967963,
        "conv1.1.2": 0.005493900019409907,
        "conv1.2": 0.10124472892912544,
        "layer1.0.conv1.0": 0.02531118223228136,
        "layer1.0.conv1.1.0": 0.003559385001414566,
        "layer1.0.conv1.1.1": 0.0005242505040843159,
        "layer1.0.conv1.1.2": 0.00372800358459958,
        "layer1.0.conv1.2": 0.02531118223228136,
        "layer1.0.conv2.0": 0.02531118223228136,
        "layer1.0.conv2.1.0": 0.003559385001414566,
        "layer1.0.conv2.1.1": 0.0005242505040843159,
        "layer1.0.conv2.1.2": 0.00372800358459958,
        "layer1.0.conv2.2": 0.02531118223228136,
        "layer1.1.conv1.0": 0.02531118223228136,
        "layer1.1.conv1.1.0": 0.003559385001414566,
        "layer1.1.conv1.1.1": 0.0005242505040843159,
        "layer1.1.conv1.1.2": 0.00372800358459958,
        "layer1.1.conv1.2": 0.02531118223228136,
        "layer1.1.conv2.0": 0.02531118223228136,
        "layer1.1.conv2.1.0": 0.003559385001414566,
        "layer1.1.conv2.1.1": 0.0005242505040843159,
        "layer1.1.conv2.1.2": 0.00372800358459958,
        "layer1.1.conv2.2": 0.02531118223228136,
        "layer2.0.conv1.0": 0.02531118223228136,
        "layer2.0.conv1.1.0": 0.003559385001414566,
        "layer2.0.conv1.1.1": 0.00013106262602107898,
        "layer2.0.conv1.1.2": 0.00186400179229979,
        "layer2.0.conv1.2": 0.025213076874791896,
        "layer2.0.conv2.0": 0.025213076874791896,
        "layer2.0.conv2.1.0": 0.001772794467758805,
        "layer2.0.conv2.1.1": 0.00013106262602107898,
        "layer2.0.conv2.1.2": 0.00186400179229979,
        "layer2.0.conv2.2": 0.025213076874791896,
        "layer2.0.downsample.0.0": 0.003658256807009415,
        "layer2.0.downsample.0.1": 0.007357901811709697,
        "layer2.1.conv1.0": 0.025213076874791896,
        "layer2.1.conv1.1.0": 0.001772794467758805,
        "layer2.1.conv1.1.1": 0.00013106262602107898,
        "layer2.1.conv1.1.2": 0.00186400179229979,
        "layer2.1.conv1.2": 0.025213076874791896,
        "layer2.1.conv2.0": 0.025213076874791896,
        "layer2.1.conv2.1.0": 0.001772794467758805,
        "layer2.1.conv2.1.1": 0.00013106262602107898,
        "layer2.1.conv2.1.2": 0.00186400179229979,
        "layer2.1.conv2.2": 0.025213076874791896,
        "layer3.0.conv1.0": 0.025213076874791896,
        "layer3.0.conv1.1.0": 0.001772794467758805,
        "layer3.0.conv1.1.1": 3.2765656505269746e-05,
        "layer3.0.conv1.1.2": 0.000932000896149895,
        "layer3.0.conv1.2": 0.025164024196047165,
        "layer3.0.conv2.0": 0.025164024196047165,
        "layer3.0.conv2.1.0": 0.0008846727256422831,
        "layer3.0.conv2.1.1": 3.2765656505269746e-05,
        "layer3.0.conv2.1.2": 0.000932000896149895,
        "layer3.0.conv2.2": 0.025164024196047165,
        "layer3.0.downsample.0.0": 0.001822038758529883,
        "layer3.0.downsample.0.1": 0.0036789509058548484,
        "layer3.1.conv1.0": 0.025164024196047165,
        "layer3.1.conv1.1.0": 0.0008846727256422831,
        "layer3.1.conv1.1.1": 3.2765656505269746e-05,
        "layer3.1.conv1.1.2": 0.000932000896149895,
        "layer3.1.conv1.2": 0.025164024196047165,
        "layer3.1.conv2.0": 0.025164024196047165,
        "layer3.1.conv2.1.0": 0.0008846727256422831,
        "layer3.1.conv2.1.1": 3.2765656505269746e-05,
        "layer3.1.conv2.1.2": 0.000932000896149895,
        "layer3.1.conv2.2": 0.025164024196047165,
        "layer4.0.conv1.0": 0.025164024196047165,
        "layer4.0.conv1.1.0": 0.0008846727256422831,
        "layer4.0.conv1.1.1": 8.191414126317436e-06,
        "layer4.0.conv1.1.2": 0.0004660004480749475,
        "layer4.0.conv1.2": 0.025139497856674797,
        "layer4.0.conv2.0": 0.025139497856674797,
        "layer4.0.conv2.1.0": 0.00044190523576186167,
        "layer4.0.conv2.1.1": 8.191414126317436e-06,
        "layer4.0.conv2.1.2": 0.0004660004480749475,
        "layer4.0.conv2.2": 0.025139497856674797,
        "layer4.0.downsample.0.0": 0.0009092469680212354,
        "layer4.0.downsample.0.1": 0.0018394754529274242,
        "layer4.1.conv1.0": 0.025139497856674797,
        "layer4.1.conv1.1.0": 0.00044190523576186167,
        "layer4.1.conv1.1.1": 8.191414126317436e-06,
        "layer4.1.conv1.1.2": 0.0004660004480749475,
        "layer4.1.conv1.2": 0.025139497856674797,
        "layer4.1.conv2.0": 0.025139497856674797,
        "layer4.1.conv2.1.0": 0.00044190523576186167,
        "layer4.1.conv2.1.1": 8.191414126317436e-06,
        "layer4.1.conv2.1.2": 0.0004660004480749475,
        "layer4.1.conv2.2": 0.025139497856674797,
        "fc": 0.0010015756139612995
    },
    "relative_params": {
        "conv1.0": 3.7815511355525368e-06,
        "conv1.1.0": 3.7815511355525368e-06,
        "conv1.1.1": 4.726938919440671e-05,
        "conv1.1.2": 8.067309089178744e-05,
        "conv1.2": 0.001310937726991546,
        "layer1.0.conv1.0": 0.001310937726991546,
        "layer1.0.conv1.1.0": 0.00018435061785818617,
        "layer1.0.conv1.1.1": 2.8361633516644026e-05,
        "layer1.0.conv1.1.2": 0.00020168272722946863,
        "layer1.0.conv1.2": 0.001310937726991546,
        "layer1.0.conv2.0": 0.001310937726991546,
        "layer1.0.conv2.1.0": 0.00018435061785818617,
        "layer1.0.conv2.1.1": 2.8361633516644026e-05,
        "layer1.0.conv2.1.2": 0.00020168272722946863,
        "layer1.0.conv2.2": 0.001310937726991546,
        "layer1.1.conv1.0": 0.001310937726991546,
        "layer1.1.conv1.1.0": 0.00018435061785818617,
        "layer1.1.conv1.1.1": 2.8361633516644026e-05,
        "layer1.1.conv1.1.2": 0.00020168272722946863,
        "layer1.1.conv1.2": 0.001310937726991546,
        "layer1.1.conv2.0": 0.001310937726991546,
        "layer1.1.conv2.1.0": 0.00018435061785818617,
        "layer1.1.conv2.1.1": 2.8361633516644026e-05,
        "layer1.1.conv2.1.2": 0.00020168272722946863,
        "layer1.1.conv2.2": 0.001310937726991546,
        "layer2.0.conv1.0": 0.001310937726991546,
        "layer2.0.conv1.1.0": 0.00018435061785818617,
        "layer2.0.conv1.1.1": 2.8361633516644026e-05,
        "layer2.0.conv1.1.2": 0.00040336545445893726,
        "layer2.0.conv1.2": 0.005203414362520291,
        "layer2.0.conv2.0": 0.005203414362520291,
        "layer2.0.conv2.1.0": 0.0003658650723647079,
        "layer2.0.conv2.1.1": 2.8361633516644026e-05,
        "layer2.0.conv2.1.2": 0.00040336545445893726,
        "layer2.0.conv2.2": 0.005203414362520291,
        "layer2.0.downsample.0.0": 0.0007578858734169875,
        "layer2.0.downsample.0.1": 0.0015327887269439616,
        "layer2.1.conv1.0": 0.005203414362520291,
        "layer2.1.conv1.1.0": 0.0003658650723647079,
        "layer2.1.conv1.1.1": 2.8361633516644026e-05,
        "layer2.1.conv1.1.2": 0.00040336545445893726,
        "layer2.1.conv1.2": 0.005203414362520291,
        "layer2.1.conv2.0": 0.005203414362520291,
        "layer2.1.conv2.1.0": 0.0003658650723647079,
        "layer2.1.conv2.1.1": 2.8361633516644026e-05,
        "layer2.1.conv2.1.2": 0.00040336545445893726,
        "layer2.1.conv2.2": 0.005203414362520291,
        "layer3.0.conv1.0": 0.005203414362520291,
        "layer3.0.conv1.1.0": 0.0003658650723647079,
        "layer3.0.conv1.1.1": 2.8361633516644026e-05,
        "layer3.0.conv1.1.2": 0.0008067309089178745,
        "layer3.0.conv1.2": 0.020732984359189376,
        "layer3.0.conv2.0": 0.020732984359189376,
        "layer3.0.conv2.1.0": 0.0007288939813777514,
        "layer3.0.conv2.1.1": 2.8361633516644026e-05,
        "layer3.0.conv2.1.2": 0.0008067309089178745,
        "layer3.0.conv2.2": 0.020732984359189376,
        "layer3.0.downsample.0.0": 0.0015041119641660214,
        "layer3.0.downsample.0.1": 0.0030655774538879232,
        "layer3.1.conv1.0": 0.020732984359189376,
        "layer3.1.conv1.1.0": 0.0007288939813777514,