{
    "total_flops": 1011814887,
    "total_params": 3145014,
    "relative_flops": {
        "conv1.0": 0.0010413920703659305,
        "conv1.1.0": 0.0010413920703659305,
        "conv1.1.1": 0.003682064820222397,
        "conv1.1.2": 0.005554091041951629,
        "conv1.2": 0.10235396348739431,
        "layer1.0.conv1.0": 0.025588490871848578,
        "layer1.0.conv1.1.0": 0.0035983815288537064,
        "layer1.0.conv1.1.1": 0.0005299941786683753,
        "layer1.0.conv1.1.2": 0.003768847492752891,
        "layer1.0.conv1.2": 0.025588490871848578,
        "layer1.0.conv2.0": 0.025588490871848578,
        "layer1.0.conv2.1.0": 0.0035983815288537064,
        "layer1.0.conv2.1.1": 0.0005299941786683753,
        "layer1.0.conv2.1.2": 0.003768847492752891,
        "layer1.0.conv2.2": 0.025588490871848578,
        "layer1.1.conv1.0": 0.025588490871848578,
        "layer1.1.conv1.1.0": 0.0035983815288537064,
        "layer1.1.conv1.1.1": 0.0005299941786683753,
        "layer1.1.conv1.1.2": 0.003768847492752891,
        "layer1.1.conv1.2": 0.025588490871848578,
        "layer1.1.conv2.0": 0.025588490871848578,
        "layer1.1.conv2.1.0": 0.0035983815288537064,
        "layer1.1.conv2.1.1": 0.0005299941786683753,
        "layer1.1.conv2.1.2": 0.003768847492752891,
        "layer1.1.conv2.2": 0.025588490871848578,
        "layer2.0.conv1.0": 0.025588490871848578,
        "layer2.0.conv1.1.0": 0.0035983815288537064,
        "layer2.0.conv1.1.1": 0.00013249854466709383,
        "layer2.0.conv1.1.2": 0.0018844237463764455,
        "layer2.0.conv1.2": 0.02548931067467087,
        "layer2.0.conv2.0": 0.02548931067467087,
        "layer2.0.conv2.1.0": 0.0017922171568127956,
        "layer2.0.conv2.1.1": 0.00013249854466709383,
        "layer2.0.conv2.1.2": 0.0018844237463764455,
        "layer2.0.conv2.2": 0.02548931067467087,
        "layer2.0.downsample.0.0": 0.0015992806794905361,
        "layer2.0.downsample.0.1": 0.003272946506864353,
        "layer2.1.conv1.0": 0.02548931067467087,
        "layer2.1.conv1.1.0": 0.0017922171568127956,
        "layer2.1.conv1.1.1": 0.00013249854466709383,
        "layer2.1.conv1.1.2": 0.0018844237463764455,
        "layer2.1.conv1.2": 0.02548931067467087,
        "layer2.1.conv2.0": 0.02548931067467087,
        "layer2.1.conv2.1.0": 0.0017922171568127956,
        "layer2.1.conv2.1.1": 0.00013249854466709383,
        "layer2.1.conv2.1.2": 0.0018844237463764455,
        "layer2.1.conv2.2": 0.02548931067467087,
        "layer3.0.conv1.0": 0.02548931067467087,
        "layer3.0.conv1.1.0": 0.0017922171568127956,
        "layer3.0.conv1.1.1": 3.312463616677346e-05,
        "layer3.0.conv1.1.2": 0.0009422118731882228,
        "layer3.0.conv1.2": 0.025439720576082014,
        "layer3.0.conv2.0": 0.025439720576082014,
        "layer3.0.conv2.1.0": 0.0008943651765028834,
        "layer3.0.conv2.1.1": 3.312463616677346e-05,
        "layer3.0.conv2.1.2": 0.0009422118731882228,
        "layer3.0.conv2.2": 0.025439720576082014,
        "layer3.0.downsample.0.0": 0.0007965409585834647,
        "layer3.0.downsample.0.1": 0.0016364732534321766,
        "layer3.1.conv1.0": 0.025439720576082014,
        "layer3.1.conv1.1.0": 0.0008943651765028834,
        "layer3.1.conv1.1.1": 3.312463616677346e-05,
        "layer3.1.conv1.1.2": 0.0009422118731882228,
        "layer3.1.conv1.2": 0.025439720576082014,
        "layer3.1.conv2.0": 0.025439720576082014,
        "layer3.1.conv2.1.0": 0.0008943651765028834,
        "layer3.1.conv2.1.1": 3.312463616677346e-05,
        "layer3.1.conv2.1.2": 0.0009422118731882228,
        "layer3.1.conv2.2": 0.025439720576082014,
        "layer4.0.conv1.0": 0.025439720576082014,
        "layer4.0.conv1.1.0": 0.0008943651765028834,
        "layer4.0.conv1.1.1": 8.281159041693365e-06,
        "layer4.0.conv1.1.2": 0.0004711059365941114,
        "layer4.0.conv1.2": 0.02541492552678759,
        "layer4.0.conv2.0": 0.02541492552678759,
        "layer4.0.conv2.1.0": 0.0004467467377755631,
        "layer4.0.conv2.1.1": 8.281159041693365e-06,
        "layer4.0.conv2.1.2": 0.0004711059365941114,
        "layer4.0.conv2.2": 0.02541492552678759,
        "layer4.0.downsample.0.0": 0.0003974956340012815,
        "layer4.0.downsample.0.1": 0.0008182366267160883,
        "layer4.1.conv1.0": 0.02541492552678759,
        "layer4.1.conv1.1.0": 0.0004467467377755631,
        "layer4.1.conv1.1.1": 8.281159041693365e-06,
        "layer4.1.conv1.1.2": 0.0004711059365941114,
        "layer4.1.conv1.2": 0.02541492552678759,
        "layer4.1.conv2.0": 0.02541492552678759,
        "layer4.1.conv2.1.0": 0.0004467467377755631,
        "layer4.1.conv2.1.1": 8.281159041693365e-06,
        "layer4.1.conv2.1.2": 0.0004711059365941114,
        "layer4.1.conv2.2": 0.02541492552678759,
        "fc": 0.0010125488497581278
    },
    "relative_params": {
        "conv1.0": 3.815563301149057e-06,
        "conv1.1.0": 3.815563301149057e-06,
        "conv1.1.1": 4.769454126436321e-05,
        "conv1.1.2": 8.139868375784655e-05,
        "conv1.2": 0.0013227286110650063,
        "layer1.0.conv1.0": 0.0013227286110650063,
        "layer1.0.conv1.1.0": 0.00018600871093101652,
        "layer1.0.conv1.1.1": 2.8616724758617926e-05,
        "layer1.0.conv1.1.2": 0.00020349670939461638,
        "layer1.0.conv1.2": 0.0013227286110650063,
        "layer1.0.conv2.0": 0.0013227286110650063,
        "layer1.0.conv2.1.0": 0.00018600871093101652,
        "layer1.0.conv2.1.1": 2.8616724758617926e-05,
        "layer1.0.conv2.1.2": 0.00020349670939461638,
        "layer1.0.conv2.2": 0.0013227286110650063,
        "layer1.1.conv1.0": 0.0013227286110650063,
        "layer1.1.conv1.1.0": 0.00018600871093101652,
        "layer1.1.conv1.1.1": 2.8616724758617926e-05,
        "layer1.1.conv1.1.2": 0.00020349670939461638,
        "layer1.1.conv1.2": 0.0013227286110650063,
        "layer1.1.conv2.0": 0.0013227286110650063,
        "layer1.1.conv2.1.0": 0.00018600871093101652,
        "layer1.1.conv2.1.1": 2.8616724758617926e-05,
        "layer1.1.conv2.1.2": 0.00020349670939461638,
        "layer1.1.conv2.2": 0.0013227286110650063,
        "layer2.0.conv1.0": 0.0013227286110650063,
        "layer2.0.conv1.1.0": 0.00018600871093101652,
        "layer2.0.conv1.1.1": 2.8616724758617926e-05,
        "layer2.0.conv1.1.2": 0.00040699341878923276,
        "layer2.0.conv1.2": 0.005250215102381103,
        "layer2.0.conv2.0": 0.005250215102381103,
        "layer2.0.conv2.1.0": 0.00036915574938617125,
        "layer2.0.conv2.1.1": 2.8616724758617926e-05,
        "layer2.0.conv2.1.2": 0.00040699341878923276,
        "layer2.0.conv2.2": 0.005250215102381103,
        "layer2.0.downsample.0.0": 0.0003306821527662516,
        "layer2.0.downsample.0.1": 0.0006918888119416956,
        "layer2.1.conv1.0": 0.005250215102381103,
        "layer2.1.conv1.1.0": 0.00036915574938617125,
        "layer2.1.conv1.1.1": 2.8616724758617926e-05,
        "layer2.1.conv1.1.2": 0.00040699341878923276,
        "layer2.1.conv1.2": 0.005250215102381103,
        "layer2.1.conv2.0": 0.005250215102381103,
        "layer2.1.conv2.1.0": 0.00036915574938617125,
        "layer2.1.conv2.1.1": 2.8616724758617926e-05,
        "layer2.1.conv2.1.2": 0.00040699341878923276,
        "layer2.1.conv2.2": 0.005250215102381103,
        "layer3.0.conv1.0": 0.005250215102381103,
        "layer3.0.conv1.1.0": 0.00036915574938617125,
        "layer3.0.conv1.1.1": 2.8616724758617926e-05,
        "layer3.0.conv1.1.2": 0.0008139868375784655,
        "layer3.0.conv1.2": 0.020919461725766562,
        "layer3.0.conv2.0": 0.020919461725766562,
        "layer3.0.conv2.1.0": 0.0007354498262964807,
        "layer3.0.conv2.1.1": 2.8616724758617926e-05,
        "layer3.0.conv2.1.2": 0.0008139868375784655,
        "layer3.0.conv2.2": 0.020919461725766562,
        "layer3.0.downsample.0.0": 0.0006562768877976378,
        "layer3.0.downsample.0.1": 0.0013837776238833912,
        "layer3.1.conv1.0": 0.020919461725766562,