{
    "total_flops": 160036764,
    "total_params": 650895,
    "relative_flops": {
        "conv1.0": 0.03292043570688545,
        "conv1.1": 0.11639725482077355,
        "conv1.2": 0.1555098677201446,
        "layer1.0.conv1.0": 0.03791728755525199,
        "layer1.0.conv1.1": 0.005584716771703782,
        "layer1.0.conv1.2": 0.03887746693003615,
        "layer1.0.conv2.0": 0.03791728755525199,
        "layer1.0.conv2.1": 0.005584716771703782,
        "layer1.0.conv2.2": 0.03887746693003615,
        "layer1.1.conv1.0": 0.03791728755525199,
        "layer1.1.conv1.1": 0.005584716771703782,
        "layer1.1.conv1.2": 0.03887746693003615,
        "layer1.1.conv2.0": 0.03791728755525199,
        "layer1.1.conv2.1": 0.005584716771703782,
        "layer1.1.conv2.2": 0.03887746693003615,
        "layer2.0.conv1.0": 0.03791728755525199,
        "layer2.0.conv1.1": 0.0013961791929259454,
        "layer2.0.conv1.2": 0.019438733465018076,
        "layer2.0.conv2.0": 0.01888516066220884,
        "layer2.0.conv2.1": 0.0013961791929259454,
        "layer2.0.conv2.2": 0.019438733465018076,
        "layer2.0.downsample.0.0": 0.009479321888812998,
        "layer2.0.downsample.0.1": 0.019438733465018076,
        "layer2.1.conv1.0": 0.01888516066220884,
        "layer2.1.conv1.1": 0.0013961791929259454,
        "layer2.1.conv1.2": 0.019438733465018076,
        "layer2.1.conv2.0": 0.01888516066220884,
        "layer2.1.conv2.1": 0.0013961791929259454,
        "layer2.1.conv2.2": 0.019438733465018076,
        "layer3.0.conv1.0": 0.01888516066220884,
        "layer3.0.conv1.1": 0.00034904479823148635,
        "layer3.0.conv1.2": 0.009719366732509038,
        "layer3.0.conv2.0": 0.009424209552250132,
        "layer3.0.conv2.1": 0.00034904479823148635,
        "layer3.0.conv2.2": 0.009719366732509038,
        "layer3.0.downsample.0.0": 0.00472129016555221,
        "layer3.0.downsample.0.1": 0.009719366732509038,
        "layer3.1.conv1.0": 0.009424209552250132,
        "layer3.1.conv1.1": 0.00034904479823148635,
        "layer3.1.conv1.2": 0.009719366732509038,
        "layer3.1.conv2.0": 0.009424209552250132,
        "layer3.1.conv2.1": 0.00034904479823148635,
        "layer3.1.conv2.2": 0.009719366732509038,
        "layer4.0.conv1.0": 0.009424209552250132,
        "layer4.0.conv1.1": 8.726119955787159e-05,
        "layer4.0.conv1.2": 0.004859683366254519,
        "layer4.0.conv2.0": 0.0047075120814114935,
        "layer4.0.conv2.1": 8.726119955787159e-05,
        "layer4.0.conv2.2": 0.004859683366254519,
        "layer4.0.downsample.0.0": 0.002356052388062533,
        "layer4.0.downsample.0.1": 0.004859683366254519,
        "layer4.1.conv1.0": 0.0047075120814114935,
        "layer4.1.conv1.1": 8.726119955787159e-05,
        "layer4.1.conv1.2": 0.004859683366254519,
        "layer4.1.conv2.0": 0.0047075120814114935,
        "layer4.1.conv2.1": 8.726119955787159e-05,
        "layer4.1.conv2.2": 0.004859683366254519,
        "fc": 0.006401729042709211
    },
    "relative_params": {
        "conv1.0": 9.21807664830733e-05,
        "conv1.1": 0.0011522595810384163,
        "conv1.2": 0.001573218414644451,
        "layer1.0.conv1.0": 0.0014979374553499413,
        "layer1.0.conv1.1": 0.00023045191620768327,
        "layer1.0.conv1.2": 0.001573218414644451,
        "layer1.0.conv2.0": 0.0014979374553499413,
        "layer1.0.conv2.1": 0.00023045191620768327,
        "layer1.0.conv2.2": 0.001573218414644451,
        "layer1.1.conv1.0": 0.0014979374553499413,
        "layer1.1.conv1.1": 0.00023045191620768327,
        "layer1.1.conv1.2": 0.001573218414644451,
        "layer1.1.conv2.0": 0.0014979374553499413,
        "layer1.1.conv2.1": 0.00023045191620768327,
        "layer1.1.conv2.2": 0.001573218414644451,
        "layer2.0.conv1.0": 0.0014979374553499413,
        "layer2.0.conv1.1": 0.00023045191620768327,
        "layer2.0.conv1.2": 0.003146436829288902,
        "layer2.0.conv2.0": 0.002972829719079114,
        "layer2.0.conv2.1": 0.00023045191620768327,
        "layer2.0.conv2.2": 0.003146436829288902,
        "layer2.0.downsample.0.0": 0.0014979374553499413,
        "layer2.0.downsample.0.1": 0.003146436829288902,
        "layer2.1.conv1.0": 0.002972829719079114,
        "layer2.1.conv1.1": 0.00023045191620768327,
        "layer2.1.conv1.2": 0.003146436829288902,
        "layer2.1.conv2.0": 0.002972829719079114,
        "layer2.1.conv2.1": 0.00023045191620768327,
        "layer2.1.conv2.2": 0.003146436829288902,
        "layer3.0.conv1.0": 0.002972829719079114,
        "layer3.0.conv1.1": 0.00023045191620768327,
        "layer3.0.conv1.2": 0.006292873658577804,
        "layer3.0.conv2.0": 0.00592261424653746,
        "layer3.0.conv2.1": 0.00023045191620768327,
        "layer3.0.conv2.2": 0.006292873658577804,
        "layer3.0.downsample.0.0": 0.002972829719079114,
        "layer3.0.downsample.0.1": 0.006292873658577804,
        "layer3.1.conv1.0": 0.00592261424653746,
        "layer3.1.conv1.1": 0.00023045191620768327,
        "layer3.1.conv1.2": 0.006292873658577804,
        "layer3.1.conv2.0": 0.00592261424653746,
        "layer3.1.conv2.1": 0.00023045191620768327,
        "layer3.1.conv2.2": 0.006292873658577804,
        "layer4.0.conv1.0": 0.00592261424653746,
        "layer4.0.conv1.1": 0.00023045191620768327,
        "layer4.0.conv1.2": 0.012585747317155609,
        "layer4.0.conv2.0": 0.011822183301454152,
        "layer4.0.conv2.1": 0.00023045191620768327,
        "layer4.0.conv2.2": 0.012585747317155609,
        "layer4.0.downsample.0.0": 0.00592261424653746,
        "layer4.0.downsample.0.1": 0.012585747317155609,
        "layer4.1.conv1.0": 0.011822183301454152,
        "layer4.1.conv1.1": 0.00023045191620768327,
        "layer4.1.conv1.2": 0.012585747317155609,
        "layer4.1.conv2.0": 0.011822183301454152,
        "layer4.1.conv2.1": 0.00023045191620768327,
        "layer4.1.conv2.2": 0.012585747317155609,
        "fc": 0.7881455534302768
    }
}