{
    "total_flops": 1004952486,
    "total_params": 3127503,
    "relative_flops": {
        "conv1.0": 0.0010485033020755173,
        "conv1.1.0": 0.0010485033020755173,
        "conv1.1.1": 0.003707208103767007,
        "conv1.1.2": 0.0055920176110694254,
        "conv1.2": 0.10305289597542226,
        "layer1.0.conv1.0": 0.025763223993855566,
        "layer1.0.conv1.1.0": 0.003622953374135939,
        "layer1.0.conv1.1.1": 0.0005336132876634328,
        "layer1.0.conv1.1.2": 0.0037945833789399673,
        "layer1.0.conv1.2": 0.025763223993855566,
        "layer1.0.conv2.0": 0.025763223993855566,
        "layer1.0.conv2.1.0": 0.003622953374135939,
        "layer1.0.conv2.1.1": 0.0005336132876634328,
        "layer1.0.conv2.1.2": 0.0037945833789399673,
        "layer1.0.conv2.2": 0.025763223993855566,
        "layer1.1.conv1.0": 0.025763223993855566,
        "layer1.1.conv1.1.0": 0.003622953374135939,
        "layer1.1.conv1.1.1": 0.0005336132876634328,
        "layer1.1.conv1.1.2": 0.0037945833789399673,
        "layer1.1.conv1.2": 0.025763223993855566,
        "layer1.1.conv2.0": 0.025763223993855566,
        "layer1.1.conv2.1.0": 0.003622953374135939,
        "layer1.1.conv2.1.1": 0.0005336132876634328,
        "layer1.1.conv2.1.2": 0.0037945833789399673,
        "layer1.1.conv2.2": 0.025763223993855566,
        "layer2.0.conv1.0": 0.025763223993855566,
        "layer2.0.conv1.1.0": 0.003622953374135939,
        "layer2.0.conv1.1.1": 0.0001334033219158582,
        "layer2.0.conv1.1.2": 0.0018972916894699837,
        "layer2.0.conv1.2": 0.02566336653651504,
        "layer2.0.conv2.0": 0.02566336653651504,
        "layer2.0.conv2.1.0": 0.0018044554595987139,
        "layer2.0.conv2.1.1": 0.0001334033219158582,
        "layer2.0.conv2.1.2": 0.0018972916894699837,
        "layer2.0.conv2.2": 0.02566336653651504,
        "layer2.0.downsample.0.0": 0.0003019127811779949,
        "layer2.0.downsample.0.1": 0.0006990022013836782,
        "layer2.1.conv1.0": 0.02566336653651504,
        "layer2.1.conv1.1.0": 0.0018044554595987139,
        "layer2.1.conv1.1.1": 0.0001334033219158582,
        "layer2.1.conv1.1.2": 0.0018972916894699837,
        "layer2.1.conv1.2": 0.02566336653651504,
        "layer2.1.conv2.0": 0.02566336653651504,
        "layer2.1.conv2.1.0": 0.0018044554595987139,
        "layer2.1.conv2.1.1": 0.0001334033219158582,
        "layer2.1.conv2.1.2": 0.0018972916894699837,
        "layer2.1.conv2.2": 0.02566336653651504,
        "layer3.0.conv1.0": 0.02566336653651504,
        "layer3.0.conv1.1.0": 0.0018044554595987139,
        "layer3.0.conv1.1.1": 3.335083047896455e-05,
        "layer3.0.conv1.1.2": 0.0009486458447349918,
        "layer3.0.conv1.2": 0.025613437807844777,
        "layer3.0.conv2.0": 0.025613437807844777,
        "layer3.0.conv2.1.0": 0.0009004724229320429,
        "layer3.0.conv2.1.1": 3.335083047896455e-05,
        "layer3.0.conv2.1.2": 0.0009486458447349918,
        "layer3.0.conv2.2": 0.025613437807844777,
        "layer3.0.downsample.0.0": 0.00015037128829989283,
        "layer3.0.downsample.0.1": 0.0003495011006918391,
        "layer3.1.conv1.0": 0.025613437807844777,
        "layer3.1.conv1.1.0": 0.0009004724229320429,
        "layer3.1.conv1.1.1": 3.335083047896455e-05,
        "layer3.1.conv1.1.2": 0.0009486458447349918,
        "layer3.1.conv1.2": 0.025613437807844777,
        "layer3.1.conv2.0": 0.025613437807844777,
        "layer3.1.conv2.1.0": 0.0009004724229320429,
        "layer3.1.conv2.1.1": 3.335083047896455e-05,
        "layer3.1.conv2.1.2": 0.0009486458447349918,
        "layer3.1.conv2.2": 0.025613437807844777,
        "layer4.0.conv1.0": 0.025613437807844777,
        "layer4.0.conv1.1.0": 0.0009004724229320429,
        "layer4.0.conv1.1.1": 8.337707619741138e-06,
        "layer4.0.conv1.1.2": 0.0004743229223674959,
        "layer4.0.conv1.2": 0.025588473443509646,
        "layer4.0.conv2.0": 0.025588473443509646,
        "layer4.0.conv2.1.0": 0.000449797384749193,
        "layer4.0.conv2.1.1": 8.337707619741138e-06,
        "layer4.0.conv2.1.2": 0.0004743229223674959,
        "layer4.0.conv2.2": 0.025588473443509646,
        "layer4.0.downsample.0.0": 7.503936857767025e-05,
        "layer4.0.downsample.0.1": 0.00017475055034591954,
        "layer4.1.conv1.0": 0.025588473443509646,
        "layer4.1.conv1.1.0": 0.000449797384749193,
        "layer4.1.conv1.1.1": 8.337707619741138e-06,
        "layer4.1.conv1.1.2": 0.0004743229223674959,
        "layer4.1.conv1.2": 0.025588473443509646,
        "layer4.1.conv2.0": 0.025588473443509646,
        "layer4.1.conv2.1.0": 0.000449797384749193,
        "layer4.1.conv2.1.1": 8.337707619741138e-06,
        "layer4.1.conv2.1.2": 0.0004743229223674959,
        "layer4.1.conv2.2": 0.025588473443509646,
        "fc": 0.0010194631231550584
    },
    "relative_params": {
        "conv1.0": 3.836926775130191e-06,
        "conv1.1.0": 3.836926775130191e-06,
        "conv1.1.1": 4.79615846891274e-05,
        "conv1.1.2": 8.185443786944409e-05,
        "conv1.2": 0.0013301346153784665,
        "layer1.0.conv1.0": 0.0013301346153784665,
        "layer1.0.conv1.1.0": 0.00018705018028759686,
        "layer1.0.conv1.1.1": 2.877695081347644e-05,
        "layer1.0.conv1.1.2": 0.00020463609467361022,
        "layer1.0.conv1.2": 0.0013301346153784665,
        "layer1.0.conv2.0": 0.0013301346153784665,
        "layer1.0.conv2.1.0": 0.00018705018028759686,
        "layer1.0.conv2.1.1": 2.877695081347644e-05,
        "layer1.0.conv2.1.2": 0.00020463609467361022,
        "layer1.0.conv2.2": 0.0013301346153784665,
        "layer1.1.conv1.0": 0.0013301346153784665,
        "layer1.1.conv1.1.0": 0.00018705018028759686,
        "layer1.1.conv1.1.1": 2.877695081347644e-05,
        "layer1.1.conv1.1.2": 0.00020463609467361022,
        "layer1.1.conv1.2": 0.0013301346153784665,
        "layer1.1.conv2.0": 0.0013301346153784665,
        "layer1.1.conv2.1.0": 0.00018705018028759686,
        "layer1.1.conv2.1.1": 2.877695081347644e-05,
        "layer1.1.conv2.1.2": 0.00020463609467361022,
        "layer1.1.conv2.2": 0.0013301346153784665,
        "layer2.0.conv1.0": 0.0013301346153784665,
        "layer2.0.conv1.1.0": 0.00018705018028759686,
        "layer2.0.conv1.1.1": 2.877695081347644e-05,
        "layer2.0.conv1.1.2": 0.00040927218934722043,
        "layer2.0.conv1.2": 0.005279611242579143,
        "layer2.0.conv2.0": 0.005279611242579143,
        "layer2.0.conv2.1.0": 0.00037122266549384606,
        "layer2.0.conv2.1.1": 2.877695081347644e-05,
        "layer2.0.conv2.1.2": 0.00040927218934722043,
        "layer2.0.conv2.2": 0.005279611242579143,
        "layer2.0.downsample.0.0": 6.235006009586562e-05,
        "layer2.0.downsample.0.1": 0.00016370887573888818,
        "layer2.1.conv1.0": 0.005279611242579143,
        "layer2.1.conv1.1.0": 0.00037122266549384606,
        "layer2.1.conv1.1.1": 2.877695081347644e-05,
        "layer2.1.conv1.1.2": 0.00040927218934722043,
        "layer2.1.conv1.2": 0.005279611242579143,
        "layer2.1.conv2.0": 0.005279611242579143,
        "layer2.1.conv2.1.0": 0.00037122266549384606,
        "layer2.1.conv2.1.1": 2.877695081347644e-05,
        "layer2.1.conv2.1.2": 0.00040927218934722043,
        "layer2.1.conv2.2": 0.005279611242579143,
        "layer3.0.conv1.0": 0.005279611242579143,
        "layer3.0.conv1.1.0": 0.00037122266549384606,
        "layer3.0.conv1.1.1": 2.877695081347644e-05,
        "layer3.0.conv1.1.2": 0.0008185443786944409,
        "layer3.0.conv1.2": 0.021036590532447132,
        "layer3.0.conv2.0": 0.021036590532447132,
        "layer3.0.conv2.1.0": 0.0007395676359063444,
        "layer3.0.conv2.1.1": 2.877695081347644e-05,
        "layer3.0.conv2.1.2": 0.0008185443786944409,
        "layer3.0.conv2.2": 0.021036590532447132,
        "layer3.0.downsample.0.0": 0.0001237408884979487,
        "layer3.0.downsample.0.1": 0.00032741775147777637,
        "layer3.1.conv1.0": 0.021036590532447132,