{
    "total_flops": 1011287010,
    "total_params": 3143667,
    "relative_flops": {
        "conv1.0": 0.0010419356617662873,
        "conv1.1.0": 0.0010419356617662873,
        "conv1.1.1": 0.00368398680410223,
        "conv1.1.2": 0.005556990196086866,
        "conv1.2": 0.10240739075645795,
        "layer1.0.conv1.0": 0.025601847689114488,
        "layer1.0.conv1.1.0": 0.003600259831281725,
        "layer1.0.conv1.1.1": 0.0005302708278631998,
        "layer1.0.conv1.1.2": 0.0037708147759160874,
        "layer1.0.conv1.2": 0.025601847689114488,
        "layer1.0.conv2.0": 0.025601847689114488,
        "layer1.0.conv2.1.0": 0.003600259831281725,
        "layer1.0.conv2.1.1": 0.0005302708278631998,
        "layer1.0.conv2.1.2": 0.0037708147759160874,
        "layer1.0.conv2.2": 0.025601847689114488,
        "layer1.1.conv1.0": 0.025601847689114488,
        "layer1.1.conv1.1.0": 0.003600259831281725,
        "layer1.1.conv1.1.1": 0.0005302708278631998,
        "layer1.1.conv1.1.2": 0.0037708147759160874,
        "layer1.1.conv1.2": 0.025601847689114488,
        "layer1.1.conv2.0": 0.025601847689114488,
        "layer1.1.conv2.1.0": 0.003600259831281725,
        "layer1.1.conv2.1.1": 0.0005302708278631998,
        "layer1.1.conv2.1.2": 0.0037708147759160874,
        "layer1.1.conv2.2": 0.025601847689114488,
        "layer2.0.conv1.0": 0.025601847689114488,
        "layer2.0.conv1.1.0": 0.003600259831281725,
        "layer2.0.conv1.1.1": 0.00013256770696579994,
        "layer2.0.conv1.1.2": 0.0018854073879580437,
        "layer2.0.conv1.2": 0.025502615721327223,
        "layer2.0.conv2.0": 0.025502615721327223,
        "layer2.0.conv2.1.0": 0.0017931526679058204,
        "layer2.0.conv2.1.1": 0.00013256770696579994,
        "layer2.0.conv2.1.2": 0.0018854073879580437,
        "layer2.0.conv2.2": 0.025502615721327223,
        "layer2.0.downsample.0.0": 0.001500108263034052,
        "layer2.0.downsample.0.1": 0.003076191001405229,
        "layer2.1.conv1.0": 0.025502615721327223,
        "layer2.1.conv1.1.0": 0.0017931526679058204,
        "layer2.1.conv1.1.1": 0.00013256770696579994,
        "layer2.1.conv1.1.2": 0.0018854073879580437,
        "layer2.1.conv1.2": 0.025502615721327223,
        "layer2.1.conv2.0": 0.025502615721327223,
        "layer2.1.conv2.1.0": 0.0017931526679058204,
        "layer2.1.conv2.1.1": 0.00013256770696579994,
        "layer2.1.conv2.1.2": 0.0018854073879580437,
        "layer2.1.conv2.2": 0.025502615721327223,
        "layer3.0.conv1.0": 0.025502615721327223,
        "layer3.0.conv1.1.0": 0.0017931526679058204,
        "layer3.0.conv1.1.1": 3.3141926741449985e-05,
        "layer3.0.conv1.1.2": 0.0009427036939790218,
        "layer3.0.conv1.2": 0.02545299973743359,
        "layer3.0.conv2.0": 0.02545299973743359,
        "layer3.0.conv2.1.0": 0.0008948320220191497,
        "layer3.0.conv2.1.1": 3.3141926741449985e-05,
        "layer3.0.conv2.1.2": 0.0009427036939790218,
        "layer3.0.conv2.2": 0.02545299973743359,
        "layer3.0.downsample.0.0": 0.0007471469449607585,
        "layer3.0.downsample.0.1": 0.0015380955007026145,
        "layer3.1.conv1.0": 0.02545299973743359,
        "layer3.1.conv1.1.0": 0.0008948320220191497,
        "layer3.1.conv1.1.1": 3.3141926741449985e-05,
        "layer3.1.conv1.1.2": 0.0009427036939790218,
        "layer3.1.conv1.2": 0.02545299973743359,
        "layer3.1.conv2.0": 0.02545299973743359,
        "layer3.1.conv2.1.0": 0.0008948320220191497,
        "layer3.1.conv2.1.1": 3.3141926741449985e-05,
        "layer3.1.conv2.1.2": 0.0009427036939790218,
        "layer3.1.conv2.2": 0.02545299973743359,
        "layer4.0.conv1.0": 0.02545299973743359,
        "layer4.0.conv1.1.0": 0.0008948320220191497,
        "layer4.0.conv1.1.1": 8.285481685362496e-06,
        "layer4.0.conv1.1.2": 0.0004713518469895109,
        "layer4.0.conv1.2": 0.025428191745486772,
        "layer4.0.conv2.0": 0.025428191745486772,
        "layer4.0.conv2.1.0": 0.00044697993302613467,
        "layer4.0.conv2.1.1": 8.285481685362496e-06,
        "layer4.0.conv2.1.2": 0.0004713518469895109,
        "layer4.0.conv2.2": 0.025428191745486772,
        "layer4.0.downsample.0.0": 0.00037284667584131236,
        "layer4.0.downsample.0.1": 0.0007690477503513073,
        "layer4.1.conv1.0": 0.025428191745486772,
        "layer4.1.conv1.1.0": 0.00044697993302613467,
        "layer4.1.conv1.1.1": 8.285481685362496e-06,
        "layer4.1.conv1.1.2": 0.0004713518469895109,
        "layer4.1.conv1.2": 0.025428191745486772,
        "layer4.1.conv2.0": 0.025428191745486772,
        "layer4.1.conv2.1.0": 0.00044697993302613467,
        "layer4.1.conv2.1.1": 8.285481685362496e-06,
        "layer4.1.conv2.1.2": 0.0004713518469895109,
        "layer4.1.conv2.2": 0.025428191745486772,
        "fc": 0.0010130773854199907
    },
    "relative_params": {
        "conv1.0": 3.8171981956104126e-06,
        "conv1.1.0": 3.8171981956104126e-06,
        "conv1.1.1": 4.771497744513016e-05,
        "conv1.1.2": 8.143356150635548e-05,
        "conv1.2": 0.0013232953744782765,
        "layer1.0.conv1.0": 0.0013232953744782765,
        "layer1.0.conv1.1.0": 0.00018608841203600763,
        "layer1.0.conv1.1.1": 2.8628986467078096e-05,
        "layer1.0.conv1.1.2": 0.0002035839037658887,
        "layer1.0.conv1.2": 0.0013232953744782765,
        "layer1.0.conv2.0": 0.0013232953744782765,
        "layer1.0.conv2.1.0": 0.00018608841203600763,
        "layer1.0.conv2.1.1": 2.8628986467078096e-05,
        "layer1.0.conv2.1.2": 0.0002035839037658887,
        "layer1.0.conv2.2": 0.0013232953744782765,
        "layer1.1.conv1.0": 0.0013232953744782765,
        "layer1.1.conv1.1.0": 0.00018608841203600763,
        "layer1.1.conv1.1.1": 2.8628986467078096e-05,
        "layer1.1.conv1.1.2": 0.0002035839037658887,
        "layer1.1.conv1.2": 0.0013232953744782765,
        "layer1.1.conv2.0": 0.0013232953744782765,
        "layer1.1.conv2.1.0": 0.00018608841203600763,
        "layer1.1.conv2.1.1": 2.8628986467078096e-05,
        "layer1.1.conv2.1.2": 0.0002035839037658887,
        "layer1.1.conv2.2": 0.0013232953744782765,
        "layer2.0.conv1.0": 0.0013232953744782765,
        "layer2.0.conv1.1.0": 0.00018608841203600763,
        "layer2.0.conv1.1.1": 2.8628986467078096e-05,
        "layer2.0.conv1.1.2": 0.0004071678075317774,
        "layer2.0.conv1.2": 0.005252464717159928,
        "layer2.0.conv2.0": 0.005252464717159928,
        "layer2.0.conv2.1.0": 0.0003693139254253075,
        "layer2.0.conv2.1.1": 2.8628986467078096e-05,
        "layer2.0.conv2.1.2": 0.0004071678075317774,
        "layer2.0.conv2.2": 0.005252464717159928,
        "layer2.0.downsample.0.0": 0.00031014735339334604,
        "layer2.0.downsample.0.1": 0.0006514684920508439,
        "layer2.1.conv1.0": 0.005252464717159928,
        "layer2.1.conv1.1.0": 0.0003693139254253075,
        "layer2.1.conv1.1.1": 2.8628986467078096e-05,
        "layer2.1.conv1.1.2": 0.0004071678075317774,
        "layer2.1.conv1.2": 0.005252464717159928,
        "layer2.1.conv2.0": 0.005252464717159928,
        "layer2.1.conv2.1.0": 0.0003693139254253075,
        "layer2.1.conv2.1.1": 2.8628986467078096e-05,
        "layer2.1.conv2.1.2": 0.0004071678075317774,
        "layer2.1.conv2.2": 0.005252464717159928,
        "layer3.0.conv1.0": 0.005252464717159928,
        "layer3.0.conv1.1.0": 0.0003693139254253075,
        "layer3.0.conv1.1.1": 2.8628986467078096e-05,
        "layer3.0.conv1.1.2": 0.0008143356150635548,
        "layer3.0.conv1.2": 0.020928425307133357,
        "layer3.0.conv2.0": 0.020928425307133357,
        "layer3.0.conv2.1.0": 0.0007357649522039071,
        "layer3.0.conv2.1.1": 2.8628986467078096e-05,
        "layer3.0.conv2.1.2": 0.0008143356150635548,
        "layer3.0.conv2.2": 0.020928425307133357,
        "layer3.0.downsample.0.0": 0.0006155232090421791,
        "layer3.0.downsample.0.1": 0.0013029369841016877,
        "layer3.1.conv1.0": 0.020928425307133357,