{
    "total_flops": 473093844,
    "total_params": 917085,
    "relative_flops": {
        "conv1.0": 0.03340867821564806,
        "conv1.1": 0.11812354083389849,
        "conv1.2": 0.1544223348634399,
        "layer1.0.conv1.0": 0.03847963830195178,
        "layer1.0.conv1.1": 0.005667543625868867,
        "layer1.0.conv1.2": 0.038605583715859974,
        "layer1.0.conv2.0": 0.03847963830195178,
        "layer1.0.conv2.1": 0.005667543625868867,
        "layer1.0.conv2.2": 0.038605583715859974,
        "layer1.1.conv1.0": 0.03847963830195178,
        "layer1.1.conv1.1": 0.005667543625868867,
        "layer1.1.conv1.2": 0.038605583715859974,
        "layer1.1.conv2.0": 0.03847963830195178,
        "layer1.1.conv2.1": 0.005667543625868867,
        "layer1.1.conv2.2": 0.038605583715859974,
        "layer2.0.conv1.0": 0.03847963830195178,
        "layer2.0.conv1.1": 0.0014168859064672167,
        "layer2.0.conv1.2": 0.019302791857929987,
        "layer2.0.conv2.0": 0.019165246208530246,
        "layer2.0.conv2.1": 0.0014168859064672167,
        "layer2.0.conv2.2": 0.019302791857929987,
        "layer2.0.downsample.0.0": 0.009619909575487945,
        "layer2.0.downsample.0.1": 0.019302791857929987,
        "layer2.1.conv1.0": 0.019165246208530246,
        "layer2.1.conv1.1": 0.0014168859064672167,
        "layer2.1.conv1.2": 0.019302791857929987,
        "layer2.1.conv2.0": 0.019165246208530246,
        "layer2.1.conv2.1": 0.0014168859064672167,
        "layer2.1.conv2.2": 0.019302791857929987,
        "layer3.0.conv1.0": 0.019165246208530246,
        "layer3.0.conv1.1": 0.0003542214766168042,
        "layer3.0.conv1.2": 0.009651395928964994,
        "layer3.0.conv2.0": 0.009563979868653713,
        "layer3.0.conv2.1": 0.0003542214766168042,
        "layer3.0.conv2.2": 0.009651395928964994,
        "layer3.0.downsample.0.0": 0.004791311552132561,
        "layer3.0.downsample.0.1": 0.009651395928964994,
        "layer3.1.conv1.0": 0.009563979868653713,
        "layer3.1.conv1.1": 0.0003542214766168042,
        "layer3.1.conv1.2": 0.009651395928964994,
        "layer3.1.conv2.0": 0.009563979868653713,
        "layer3.1.conv2.1": 0.0003542214766168042,
        "layer3.1.conv2.2": 0.009651395928964994,
        "layer4.0.conv1.0": 0.009563979868653713,
        "layer4.0.conv1.1": 8.855536915420104e-05,
        "layer4.0.conv1.2": 0.004825697964482497,
        "layer4.0.conv2.0": 0.004777329125424004,
        "layer4.0.conv2.1": 8.855536915420104e-05,
        "layer4.0.conv2.2": 0.004825697964482497,
        "layer4.0.downsample.0.0": 0.0023909949671634284,
        "layer4.0.downsample.0.1": 0.004825697964482497,
        "layer4.1.conv1.0": 0.004777329125424004,
        "layer4.1.conv1.1": 8.855536915420104e-05,
        "layer4.1.conv1.2": 0.004825697964482497,
        "layer4.1.conv2.0": 0.004777329125424004,
        "layer4.1.conv2.1": 8.855536915420104e-05,
        "layer4.1.conv2.2": 0.004825697964482497,
        "fc": 0.002165557664707216
    },
    "relative_params": {
        "conv1.0": 0.0001962740640180572,
        "conv1.1": 0.002453425800225715,
        "conv1.2": 0.0032101713581620026,
        "layer1.0.conv1.0": 0.00318945354029343,
        "layer1.0.conv1.1": 0.0004906851600451431,
        "layer1.0.conv1.2": 0.0032101713581620026,
        "layer1.0.conv2.0": 0.00318945354029343,
        "layer1.0.conv2.1": 0.0004906851600451431,
        "layer1.0.conv2.2": 0.0032101713581620026,
        "layer1.1.conv1.0": 0.00318945354029343,
        "layer1.1.conv1.1": 0.0004906851600451431,
        "layer1.1.conv1.2": 0.0032101713581620026,
        "layer1.1.conv2.0": 0.00318945354029343,
        "layer1.1.conv2.1": 0.0004906851600451431,
        "layer1.1.conv2.2": 0.0032101713581620026,
        "layer2.0.conv1.0": 0.00318945354029343,
        "layer2.0.conv1.1": 0.0004906851600451431,
        "layer2.0.conv1.2": 0.006420342716324005,
        "layer2.0.conv2.0": 0.006329838564582345,
        "layer2.0.conv2.1": 0.0004906851600451431,
        "layer2.0.conv2.2": 0.006420342716324005,
        "layer2.0.downsample.0.0": 0.00318945354029343,
        "layer2.0.downsample.0.1": 0.006420342716324005,
        "layer2.1.conv1.0": 0.006329838564582345,
        "layer2.1.conv1.1": 0.0004906851600451431,
        "layer2.1.conv1.2": 0.006420342716324005,
        "layer2.1.conv2.0": 0.006329838564582345,
        "layer2.1.conv2.1": 0.0004906851600451431,
        "layer2.1.conv2.2": 0.006420342716324005,
        "layer3.0.conv1.0": 0.006329838564582345,
        "layer3.0.conv1.1": 0.0004906851600451431,
        "layer3.0.conv1.2": 0.01284068543264801,
        "layer3.0.conv2.0": 0.012610608613160176,
        "layer3.0.conv2.1": 0.0004906851600451431,
        "layer3.0.conv2.2": 0.01284068543264801,
        "layer3.0.downsample.0.0": 0.006329838564582345,
        "layer3.0.downsample.0.1": 0.01284068543264801,
        "layer3.1.conv1.0": 0.012610608613160176,
        "layer3.1.conv1.1": 0.0004906851600451431,
        "layer3.1.conv1.2": 0.01284068543264801,
        "layer3.1.conv2.0": 0.012610608613160176,
        "layer3.1.conv2.1": 0.0004906851600451431,
        "layer3.1.conv2.2": 0.01284068543264801,
        "layer4.0.conv1.0": 0.012610608613160176,
        "layer4.0.conv1.1": 0.0004906851600451431,
        "layer4.0.conv1.2": 0.02568137086529602,
        "layer4.0.conv2.0": 0.02517214871031584,
        "layer4.0.conv2.1": 0.0004906851600451431,
        "layer4.0.conv2.2": 0.02568137086529602,
        "layer4.0.downsample.0.0": 0.012610608613160176,
        "layer4.0.downsample.0.1": 0.02568137086529602,
        "layer4.1.conv1.0": 0.02517214871031584,
        "layer4.1.conv1.1": 0.0004906851600451431,
        "layer4.1.conv1.2": 0.02568137086529602,
        "layer4.1.conv2.0": 0.02517214871031584,
        "layer4.1.conv2.1": 0.0004906851600451431,
        "layer4.1.conv2.2": 0.02568137086529602,
        "fc": 0.559381082451463
    }
}