{
    "total_flops": 97425348,
    "total_params": 597657,
    "relative_flops": {
        "conv1.0": 0.03244625823661415,
        "conv1.1": 0.11472069876517146,
        "conv1.2": 0.15656607149096352,
        "layer1.0.conv1.0": 0.03737113671895737,
        "layer1.0.conv1.1": 0.0055042759508541865,
        "layer1.0.conv1.2": 0.03914151787274088,
        "layer1.0.conv2.0": 0.03737113671895737,
        "layer1.0.conv2.1": 0.0055042759508541865,
        "layer1.0.conv2.2": 0.03914151787274088,
        "layer1.1.conv1.0": 0.03737113671895737,
        "layer1.1.conv1.1": 0.0055042759508541865,
        "layer1.1.conv1.2": 0.03914151787274088,
        "layer1.1.conv2.0": 0.03737113671895737,
        "layer1.1.conv2.1": 0.0055042759508541865,
        "layer1.1.conv2.2": 0.03914151787274088,
        "layer2.0.conv1.0": 0.03737113671895737,
        "layer2.0.conv1.1": 0.0013760689877135466,
        "layer2.0.conv1.2": 0.01957075893637044,
        "layer2.0.conv2.0": 0.018613143675914816,
        "layer2.0.conv2.1": 0.0013760689877135466,
        "layer2.0.conv2.2": 0.01957075893637044,
        "layer2.0.downsample.0.0": 0.009342784179739343,
        "layer2.0.downsample.0.1": 0.01957075893637044,
        "layer2.1.conv1.0": 0.018613143675914816,
        "layer2.1.conv1.1": 0.0013760689877135466,
        "layer2.1.conv1.2": 0.01957075893637044,
        "layer2.1.conv2.0": 0.018613143675914816,
        "layer2.1.conv2.1": 0.0013760689877135466,
        "layer2.1.conv2.2": 0.01957075893637044,
        "layer3.0.conv1.0": 0.018613143675914816,
        "layer3.0.conv1.1": 0.00034401724692838666,
        "layer3.0.conv1.2": 0.00978537946818522,
        "layer3.0.conv2.0": 0.00928846566706644,
        "layer3.0.conv2.1": 0.00034401724692838666,
        "layer3.0.conv2.2": 0.00978537946818522,
        "layer3.0.downsample.0.0": 0.004653285918978704,
        "layer3.0.downsample.0.1": 0.00978537946818522,
        "layer3.1.conv1.0": 0.00928846566706644,
        "layer3.1.conv1.1": 0.00034401724692838666,
        "layer3.1.conv1.2": 0.00978537946818522,
        "layer3.1.conv2.0": 0.00928846566706644,
        "layer3.1.conv2.1": 0.00034401724692838666,
        "layer3.1.conv2.2": 0.00978537946818522,
        "layer4.0.conv1.0": 0.00928846566706644,
        "layer4.0.conv1.1": 8.600431173209666e-05,
        "layer4.0.conv1.2": 0.00489268973409261,
        "layer4.0.conv2.0": 0.004639706290810478,
        "layer4.0.conv2.1": 8.600431173209666e-05,
        "layer4.0.conv2.2": 0.00489268973409261,
        "layer4.0.downsample.0.0": 0.00232211641676661,
        "layer4.0.downsample.0.1": 0.00489268973409261,
        "layer4.1.conv1.0": 0.004639706290810478,
        "layer4.1.conv1.1": 8.600431173209666e-05,
        "layer4.1.conv1.2": 0.00489268973409261,
        "layer4.1.conv2.0": 0.004639706290810478,
        "layer4.1.conv2.1": 8.600431173209666e-05,
        "layer4.1.conv2.2": 0.00489268973409261,
        "fc": 0.01051586697950517
    },
    "relative_params": {
        "conv1.0": 6.023521852835322e-05,
        "conv1.1": 0.0007529402316044152,
        "conv1.2": 0.0010708483293929462,
        "layer1.0.conv1.0": 0.0009788223010857397,
        "layer1.0.conv1.1": 0.00015058804632088306,
        "layer1.0.conv1.2": 0.0010708483293929462,
        "layer1.0.conv2.0": 0.0009788223010857397,
        "layer1.0.conv2.1": 0.00015058804632088306,
        "layer1.0.conv2.2": 0.0010708483293929462,
        "layer1.1.conv1.0": 0.0009788223010857397,
        "layer1.1.conv1.1": 0.00015058804632088306,
        "layer1.1.conv1.2": 0.0010708483293929462,
        "layer1.1.conv2.0": 0.0009788223010857397,
        "layer1.1.conv2.1": 0.00015058804632088306,
        "layer1.1.conv2.2": 0.0010708483293929462,
        "layer2.0.conv1.0": 0.0009788223010857397,
        "layer2.0.conv1.1": 0.00015058804632088306,
        "layer2.0.conv1.2": 0.0021416966587858924,
        "layer2.0.conv2.0": 0.0019425857975393912,
        "layer2.0.conv2.1": 0.00015058804632088306,
        "layer2.0.conv2.2": 0.0021416966587858924,
        "layer2.0.downsample.0.0": 0.0009788223010857397,
        "layer2.0.downsample.0.1": 0.0021416966587858924,
        "layer2.1.conv1.0": 0.0019425857975393912,
        "layer2.1.conv1.1": 0.00015058804632088306,
        "layer2.1.conv1.2": 0.0021416966587858924,
        "layer2.1.conv2.0": 0.0019425857975393912,
        "layer2.1.conv2.1": 0.00015058804632088306,
        "layer2.1.conv2.2": 0.0021416966587858924,
        "layer3.0.conv1.0": 0.0019425857975393912,
        "layer3.0.conv1.1": 0.00015058804632088306,
        "layer3.0.conv1.2": 0.004283393317571785,
        "layer3.0.conv2.0": 0.0038701127904466944,
        "layer3.0.conv2.1": 0.00015058804632088306,
        "layer3.0.conv2.2": 0.004283393317571785,
        "layer3.0.downsample.0.0": 0.0019425857975393912,
        "layer3.0.downsample.0.1": 0.004283393317571785,
        "layer3.1.conv1.0": 0.0038701127904466944,
        "layer3.1.conv1.1": 0.00015058804632088306,
        "layer3.1.conv1.2": 0.004283393317571785,
        "layer3.1.conv2.0": 0.0038701127904466944,
        "layer3.1.conv2.1": 0.00015058804632088306,
        "layer3.1.conv2.2": 0.004283393317571785,
        "layer4.0.conv1.0": 0.0038701127904466944,
        "layer4.0.conv1.1": 0.00015058804632088306,
        "layer4.0.conv1.2": 0.00856678663514357,
        "layer4.0.conv2.0": 0.0077251667762613,
        "layer4.0.conv2.1": 0.00015058804632088306,
        "layer4.0.conv2.2": 0.00856678663514357,
        "layer4.0.downsample.0.0": 0.0038701127904466944,
        "layer4.0.downsample.0.1": 0.00856678663514357,
        "layer4.1.conv1.0": 0.0077251667762613,
        "layer4.1.conv1.1": 0.00015058804632088306,
        "layer4.1.conv1.2": 0.00856678663514357,
        "layer4.1.conv2.0": 0.0077251667762613,
        "layer4.1.conv2.1": 0.00015058804632088306,
        "layer4.1.conv2.2": 0.00856678663514357,
        "fc": 0.8583518640290334
    }
}