{
    "total_flops": 1020788796,
    "total_params": 3167913,
    "relative_flops": {
        "conv1.0": 0.001032237034858678,
        "conv1.1.0": 0.001032237034858678,
        "conv1.1.1": 0.003649695230393183,
        "conv1.1.2": 0.005505264185912949,
        "conv1.2": 0.10145415428325293,
        "layer1.0.conv1.0": 0.02536353857081323,
        "layer1.0.conv1.1.0": 0.003566747611520611,
        "layer1.0.conv1.1.1": 0.0005253349195262915,
        "layer1.0.conv1.1.2": 0.003735714983298073,
        "layer1.0.conv1.2": 0.02536353857081323,
        "layer1.0.conv2.0": 0.02536353857081323,
        "layer1.0.conv2.1.0": 0.003566747611520611,
        "layer1.0.conv2.1.1": 0.0005253349195262915,
        "layer1.0.conv2.1.2": 0.003735714983298073,
        "layer1.0.conv2.2": 0.02536353857081323,
        "layer1.1.conv1.0": 0.02536353857081323,
        "layer1.1.conv1.1.0": 0.003566747611520611,
        "layer1.1.conv1.1.1": 0.0005253349195262915,
        "layer1.1.conv1.1.2": 0.003735714983298073,
        "layer1.1.conv1.2": 0.02536353857081323,
        "layer1.1.conv2.0": 0.02536353857081323,
        "layer1.1.conv2.1.0": 0.003566747611520611,
        "layer1.1.conv2.1.1": 0.0005253349195262915,
        "layer1.1.conv2.1.2": 0.003735714983298073,
        "layer1.1.conv2.2": 0.02536353857081323,
        "layer2.0.conv1.0": 0.02536353857081323,
        "layer2.0.conv1.1.0": 0.003566747611520611,
        "layer2.0.conv1.1.1": 0.00013133372988157288,
        "layer2.0.conv1.1.2": 0.0018678574916490365,
        "layer2.0.conv1.2": 0.025265230281779072,
        "layer2.0.conv2.0": 0.025265230281779072,
        "layer2.0.conv2.1.0": 0.001776461504187591,
        "layer2.0.conv2.1.1": 0.00013133372988157288,
        "layer2.0.conv2.1.2": 0.0018678574916490365,
        "layer2.0.conv2.2": 0.025265230281779072,
        "layer2.0.downsample.0.0": 0.0032695186438938934,
        "layer2.0.downsample.0.1": 0.0065866553652887076,
        "layer2.1.conv1.0": 0.025265230281779072,
        "layer2.1.conv1.1.0": 0.001776461504187591,
        "layer2.1.conv1.1.1": 0.00013133372988157288,
        "layer2.1.conv1.1.2": 0.0018678574916490365,
        "layer2.1.conv1.2": 0.025265230281779072,
        "layer2.1.conv2.0": 0.025265230281779072,
        "layer2.1.conv2.1.0": 0.001776461504187591,
        "layer2.1.conv2.1.1": 0.00013133372988157288,
        "layer2.1.conv2.1.2": 0.0018678574916490365,
        "layer2.1.conv2.2": 0.025265230281779072,
        "layer3.0.conv1.0": 0.025265230281779072,
        "layer3.0.conv1.1.0": 0.001776461504187591,
        "layer3.0.conv1.1.1": 3.283343247039322e-05,
        "layer3.0.conv1.1.2": 0.0009339287458245182,
        "layer3.0.conv1.2": 0.025216076137261994,
        "layer3.0.conv2.0": 0.025216076137261994,
        "layer3.0.conv2.1.0": 0.0008865026767006169,
        "layer3.0.conv2.1.1": 3.283343247039322e-05,
        "layer3.0.conv2.1.2": 0.0009339287458245182,
        "layer3.0.conv2.2": 0.025216076137261994,
        "layer3.0.downsample.0.0": 0.0016284230455052917,
        "layer3.0.downsample.0.1": 0.0032933276826443538,
        "layer3.1.conv1.0": 0.025216076137261994,
        "layer3.1.conv1.1.0": 0.0008865026767006169,
        "layer3.1.conv1.1.1": 3.283343247039322e-05,
        "layer3.1.conv1.1.2": 0.0009339287458245182,
        "layer3.1.conv1.2": 0.025216076137261994,
        "layer3.1.conv2.0": 0.025216076137261994,
        "layer3.1.conv2.1.0": 0.0008865026767006169,
        "layer3.1.conv2.1.1": 3.283343247039322e-05,
        "layer3.1.conv2.1.2": 0.0009339287458245182,
        "layer3.1.conv2.2": 0.025216076137261994,
        "layer4.0.conv1.0": 0.025216076137261994,
        "layer4.0.conv1.1.0": 0.0008865026767006169,
        "layer4.0.conv1.1.1": 8.208358117598305e-06,
        "layer4.0.conv1.1.2": 0.0004669643729122591,
        "layer4.0.conv1.2": 0.025191499065003453,
        "layer4.0.conv2.0": 0.025191499065003453,
        "layer4.0.conv2.1.0": 0.0004428193195020138,
        "layer4.0.conv2.1.1": 8.208358117598305e-06,
        "layer4.0.conv2.1.2": 0.0004669643729122591,
        "layer4.0.conv2.2": 0.025191499065003453,
        "layer4.0.downsample.0.0": 0.0008126274536422322,
        "layer4.0.downsample.0.1": 0.0016466638413221769,
        "layer4.1.conv1.0": 0.025191499065003453,
        "layer4.1.conv1.1.0": 0.0004428193195020138,
        "layer4.1.conv1.1.1": 8.208358117598305e-06,
        "layer4.1.conv1.1.2": 0.0004669643729122591,
        "layer4.1.conv1.2": 0.025191499065003453,
        "layer4.1.conv2.0": 0.025191499065003453,
        "layer4.1.conv2.1.0": 0.0004428193195020138,
        "layer4.1.conv2.1.1": 8.208358117598305e-06,
        "layer4.1.conv2.1.2": 0.0004669643729122591,
        "layer4.1.conv2.2": 0.025191499065003453,
        "fc": 0.001003647379374254
    },
    "relative_params": {
        "conv1.0": 3.787982813921973e-06,
        "conv1.1.0": 3.787982813921973e-06,
        "conv1.1.1": 4.7349785174024665e-05,
        "conv1.1.2": 8.081030003033542e-05,
        "conv1.2": 0.0013131673754929508,
        "layer1.0.conv1.0": 0.0013131673754929508,
        "layer1.0.conv1.1.0": 0.0001846641621786962,
        "layer1.0.conv1.1.1": 2.84098711044148e-05,
        "layer1.0.conv1.1.2": 0.00020202575007583856,
        "layer1.0.conv1.2": 0.0013131673754929508,
        "layer1.0.conv2.0": 0.0013131673754929508,
        "layer1.0.conv2.1.0": 0.0001846641621786962,
        "layer1.0.conv2.1.1": 2.84098711044148e-05,
        "layer1.0.conv2.1.2": 0.00020202575007583856,
        "layer1.0.conv2.2": 0.0013131673754929508,
        "layer1.1.conv1.0": 0.0013131673754929508,
        "layer1.1.conv1.1.0": 0.0001846641621786962,
        "layer1.1.conv1.1.1": 2.84098711044148e-05,
        "layer1.1.conv1.1.2": 0.00020202575007583856,
        "layer1.1.conv1.2": 0.0013131673754929508,
        "layer1.1.conv2.0": 0.0013131673754929508,
        "layer1.1.conv2.1.0": 0.0001846641621786962,
        "layer1.1.conv2.1.1": 2.84098711044148e-05,
        "layer1.1.conv2.1.2": 0.00020202575007583856,
        "layer1.1.conv2.2": 0.0013131673754929508,
        "layer2.0.conv1.0": 0.0013131673754929508,
        "layer2.0.conv1.1.0": 0.0001846641621786962,
        "layer2.0.conv1.1.1": 2.84098711044148e-05,
        "layer2.0.conv1.1.2": 0.0004040515001516771,
        "layer2.0.conv1.2": 0.005212264351956635,
        "layer2.0.conv2.0": 0.005212264351956635,
        "layer2.0.conv2.1.0": 0.00036648733724695094,
        "layer2.0.conv2.1.1": 2.84098711044148e-05,
        "layer2.0.conv2.1.2": 0.0004040515001516771,
        "layer2.0.conv2.2": 0.005212264351956635,
        "layer2.0.downsample.0.0": 0.0006771019279885527,
        "layer2.0.downsample.0.1": 0.0013737751005157024,
        "layer2.1.conv1.0": 0.005212264351956635,
        "layer2.1.conv1.1.0": 0.00036648733724695094,
        "layer2.1.conv1.1.1": 2.84098711044148e-05,
        "layer2.1.conv1.1.2": 0.0004040515001516771,
        "layer2.1.conv1.2": 0.005212264351956635,
        "layer2.1.conv2.0": 0.005212264351956635,
        "layer2.1.conv2.1.0": 0.00036648733724695094,
        "layer2.1.conv2.1.1": 2.84098711044148e-05,
        "layer2.1.conv2.1.2": 0.0004040515001516771,
        "layer2.1.conv2.2": 0.005212264351956635,
        "layer3.0.conv1.0": 0.005212264351956635,
        "layer3.0.conv1.1.0": 0.00036648733724695094,
        "layer3.0.conv1.1.1": 2.84098711044148e-05,
        "layer3.0.conv1.1.2": 0.0008081030003033542,
        "layer3.0.conv1.2": 0.020768247107796206,
        "layer3.0.conv2.0": 0.020768247107796206,
        "layer3.0.conv2.1.0": 0.0007301336873834604,
        "layer3.0.conv2.1.1": 2.84098711044148e-05,
        "layer3.0.conv2.1.2": 0.0008081030003033542,
        "layer3.0.conv2.2": 0.020768247107796206,
        "layer3.0.downsample.0.0": 0.00134378690323882,
        "layer3.0.downsample.0.1": 0.0027475502010314047,
        "layer3.1.conv1.0": 0.020768247107796206,
        "layer3.1.conv1.1.0": 0.0007301336873834604,