{
    "total_flops": 400047192,
    "total_params": 854974,
    "relative_flops": {
        "conv1.0": 0.033363103821011195,
        "conv1.1": 0.11796240279571817,
        "conv1.2": 0.1545238492762624,
        "layer1.0.conv1.0": 0.03842714636527182,
        "layer1.0.conv1.1": 0.005659812255350114,
        "layer1.0.conv1.2": 0.0386309623190656,
        "layer1.0.conv2.0": 0.03842714636527182,
        "layer1.0.conv2.1": 0.005659812255350114,
        "layer1.0.conv2.2": 0.0386309623190656,
        "layer1.1.conv1.0": 0.03842714636527182,
        "layer1.1.conv1.1": 0.005659812255350114,
        "layer1.1.conv1.2": 0.0386309623190656,
        "layer1.1.conv2.0": 0.03842714636527182,
        "layer1.1.conv2.1": 0.005659812255350114,
        "layer1.1.conv2.2": 0.0386309623190656,
        "layer2.0.conv1.0": 0.03842714636527182,
        "layer2.0.conv1.1": 0.0014149530638375284,
        "layer2.0.conv1.2": 0.0193154811595328,
        "layer2.0.conv2.0": 0.01913910196874973,
        "layer2.0.conv2.1": 0.0014149530638375284,
        "layer2.0.conv2.2": 0.0193154811595328,
        "layer2.0.downsample.0.0": 0.009606786591317956,
        "layer2.0.downsample.0.1": 0.0193154811595328,
        "layer2.1.conv1.0": 0.01913910196874973,
        "layer2.1.conv1.1": 0.0014149530638375284,
        "layer2.1.conv1.2": 0.0193154811595328,
        "layer2.1.conv2.0": 0.01913910196874973,
        "layer2.1.conv2.1": 0.0014149530638375284,
        "layer2.1.conv2.2": 0.0193154811595328,
        "layer3.0.conv1.0": 0.01913910196874973,
        "layer3.0.conv1.1": 0.0003537382659593821,
        "layer3.0.conv1.2": 0.0096577405797664,
        "layer3.0.conv2.0": 0.009550933180903318,
        "layer3.0.conv2.1": 0.0003537382659593821,
        "layer3.0.conv2.2": 0.0096577405797664,
        "layer3.0.downsample.0.0": 0.004784775492187432,
        "layer3.0.downsample.0.1": 0.0096577405797664,
        "layer3.1.conv1.0": 0.009550933180903318,
        "layer3.1.conv1.1": 0.0003537382659593821,
        "layer3.1.conv1.2": 0.0096577405797664,
        "layer3.1.conv2.0": 0.009550933180903318,
        "layer3.1.conv2.1": 0.0003537382659593821,
        "layer3.1.conv2.2": 0.0096577405797664,
        "layer4.0.conv1.0": 0.009550933180903318,
        "layer4.0.conv1.1": 8.843456648984553e-05,
        "layer4.0.conv1.2": 0.0048288702898832,
        "layer4.0.conv2.0": 0.004770812139583772,
        "layer4.0.conv2.1": 8.843456648984553e-05,
        "layer4.0.conv2.2": 0.0048288702898832,
        "layer4.0.downsample.0.0": 0.0023877332952258294,
        "layer4.0.downsample.0.1": 0.0048288702898832,
        "layer4.1.conv1.0": 0.004770812139583772,
        "layer4.1.conv1.1": 8.843456648984553e-05,
        "layer4.1.conv1.2": 0.0048288702898832,
        "layer4.1.conv2.0": 0.004770812139583772,
        "layer4.1.conv2.1": 8.843456648984553e-05,
        "layer4.1.conv2.2": 0.0048288702898832,
        "fc": 0.0025609778558325687
    },
    "relative_params": {
        "conv1.0": 0.00017778318405004128,
        "conv1.1": 0.002222289800625516,
        "conv1.2": 0.002919387022295415,
        "layer1.0.conv1.0": 0.002888976740813171,
        "layer1.0.conv1.1": 0.0004444579601251032,
        "layer1.0.conv1.2": 0.002919387022295415,
        "layer1.0.conv2.0": 0.002888976740813171,
        "layer1.0.conv2.1": 0.0004444579601251032,
        "layer1.0.conv2.2": 0.002919387022295415,
        "layer1.1.conv1.0": 0.002888976740813171,
        "layer1.1.conv1.1": 0.0004444579601251032,
        "layer1.1.conv1.2": 0.002919387022295415,
        "layer1.1.conv2.0": 0.002888976740813171,
        "layer1.1.conv2.1": 0.0004444579601251032,
        "layer1.1.conv2.2": 0.002919387022295415,
        "layer2.0.conv1.0": 0.002888976740813171,
        "layer2.0.conv1.1": 0.0004444579601251032,
        "layer2.0.conv1.2": 0.00583877404459083,
        "layer2.0.conv2.0": 0.005733507685613832,
        "layer2.0.conv2.1": 0.0004444579601251032,
        "layer2.0.conv2.2": 0.00583877404459083,
        "layer2.0.downsample.0.0": 0.002888976740813171,
        "layer2.0.downsample.0.1": 0.00583877404459083,
        "layer2.1.conv1.0": 0.005733507685613832,
        "layer2.1.conv1.1": 0.0004444579601251032,
        "layer2.1.conv1.2": 0.00583877404459083,
        "layer2.1.conv2.0": 0.005733507685613832,
        "layer2.1.conv2.1": 0.0004444579601251032,
        "layer2.1.conv2.2": 0.00583877404459083,
        "layer3.0.conv1.0": 0.005733507685613832,
        "layer3.0.conv1.1": 0.0004444579601251032,
        "layer3.0.conv1.2": 0.01167754808918166,
        "layer3.0.conv2.0": 0.011422569575215152,
        "layer3.0.conv2.1": 0.0004444579601251032,
        "layer3.0.conv2.2": 0.01167754808918166,
        "layer3.0.downsample.0.0": 0.005733507685613832,
        "layer3.0.downsample.0.1": 0.01167754808918166,
        "layer3.1.conv1.0": 0.011422569575215152,
        "layer3.1.conv1.1": 0.0004444579601251032,
        "layer3.1.conv1.2": 0.01167754808918166,
        "layer3.1.conv2.0": 0.011422569575215152,
        "layer3.1.conv2.1": 0.0004444579601251032,
        "layer3.1.conv2.2": 0.01167754808918166,
        "layer4.0.conv1.0": 0.011422569575215152,
        "layer4.0.conv1.1": 0.0004444579601251032,
        "layer4.0.conv1.2": 0.02335509617836332,
        "layer4.0.conv2.0": 0.022800693354417794,
        "layer4.0.conv2.1": 0.0004444579601251032,
        "layer4.0.conv2.2": 0.02335509617836332,
        "layer4.0.downsample.0.0": 0.011422569575215152,
        "layer4.0.downsample.0.1": 0.02335509617836332,
        "layer4.1.conv1.0": 0.022800693354417794,
        "layer4.1.conv1.1": 0.0004444579601251032,
        "layer4.1.conv1.2": 0.02335509617836332,
        "layer4.1.conv2.0": 0.022800693354417794,
        "layer4.1.conv2.1": 0.0004444579601251032,
        "layer4.1.conv2.2": 0.02335509617836332,
        "fc": 0.6000182461688893
    }
}