{
    "total_flops": 1025011812,
    "total_params": 3178689,
    "relative_flops": {
        "conv1.0": 0.0010279842511707563,
        "conv1.1.0": 0.0010279842511707563,
        "conv1.1.1": 0.0036346586023537453,
        "conv1.1.2": 0.0054825826729107,
        "conv1.2": 0.1010361664007829,
        "layer1.0.conv1.0": 0.025259041600195726,
        "layer1.0.conv1.1.0": 0.0035520527250275237,
        "layer1.0.conv1.1.1": 0.0005231705563994028,
        "layer1.0.conv1.1.2": 0.003720323956617975,
        "layer1.0.conv1.2": 0.025259041600195726,
        "layer1.0.conv2.0": 0.025259041600195726,
        "layer1.0.conv2.1.0": 0.0035520527250275237,
        "layer1.0.conv2.1.1": 0.0005231705563994028,
        "layer1.0.conv2.1.2": 0.003720323956617975,
        "layer1.0.conv2.2": 0.025259041600195726,
        "layer1.1.conv1.0": 0.025259041600195726,
        "layer1.1.conv1.1.0": 0.0035520527250275237,
        "layer1.1.conv1.1.1": 0.0005231705563994028,
        "layer1.1.conv1.1.2": 0.003720323956617975,
        "layer1.1.conv1.2": 0.025259041600195726,
        "layer1.1.conv2.0": 0.025259041600195726,
        "layer1.1.conv2.1.0": 0.0035520527250275237,
        "layer1.1.conv2.1.1": 0.0005231705563994028,
        "layer1.1.conv2.1.2": 0.003720323956617975,
        "layer1.1.conv2.2": 0.025259041600195726,
        "layer2.0.conv1.0": 0.025259041600195726,
        "layer2.0.conv1.1.0": 0.0035520527250275237,
        "layer2.0.conv1.1.1": 0.0001307926390998507,
        "layer2.0.conv1.1.2": 0.0018601619783089876,
        "layer2.0.conv1.2": 0.025161138338179463,
        "layer2.0.conv2.0": 0.025161138338179463,
        "layer2.0.conv2.1.0": 0.0017691425394032434,
        "layer2.0.conv2.1.1": 0.0001307926390998507,
        "layer2.0.conv2.1.2": 0.0018601619783089876,
        "layer2.0.conv2.2": 0.025161138338179463,
        "layer2.0.downsample.0.0": 0.004045393381281346,
        "layer2.0.downsample.0.1": 0.008125970747349788,
        "layer2.1.conv1.0": 0.025161138338179463,
        "layer2.1.conv1.1.0": 0.0017691425394032434,
        "layer2.1.conv1.1.1": 0.0001307926390998507,
        "layer2.1.conv1.1.2": 0.0018601619783089876,
        "layer2.1.conv1.2": 0.025161138338179463,
        "layer2.1.conv2.0": 0.025161138338179463,
        "layer2.1.conv2.1.0": 0.0017691425394032434,
        "layer2.1.conv2.1.1": 0.0001307926390998507,
        "layer2.1.conv2.1.2": 0.0018601619783089876,
        "layer2.1.conv2.2": 0.025161138338179463,
        "layer3.0.conv1.0": 0.025161138338179463,
        "layer3.0.conv1.1.0": 0.0017691425394032434,
        "layer3.0.conv1.1.1": 3.2698159774962674e-05,
        "layer3.0.conv1.1.2": 0.0009300809891544938,
        "layer3.0.conv1.2": 0.02511218670717133,
        "layer3.0.conv2.0": 0.02511218670717133,
        "layer3.0.conv2.1.0": 0.0008828503139239922,
        "layer3.0.conv2.1.1": 3.2698159774962674e-05,
        "layer3.0.conv2.1.2": 0.0009300809891544938,
        "layer3.0.conv2.2": 0.02511218670717133,
        "layer3.0.downsample.0.0": 0.0020148567809870274,
        "layer3.0.downsample.0.1": 0.004062985373674894,
        "layer3.1.conv1.0": 0.02511218670717133,
        "layer3.1.conv1.1.0": 0.0008828503139239922,
        "layer3.1.conv1.1.1": 3.2698159774962674e-05,
        "layer3.1.conv1.1.2": 0.0009300809891544938,
        "layer3.1.conv1.2": 0.02511218670717133,
        "layer3.1.conv2.0": 0.02511218670717133,
        "layer3.1.conv2.1.0": 0.0008828503139239922,
        "layer3.1.conv2.1.1": 3.2698159774962674e-05,
        "layer3.1.conv2.1.2": 0.0009300809891544938,
        "layer3.1.conv2.2": 0.02511218670717133,
        "layer4.0.conv1.0": 0.02511218670717133,
        "layer4.0.conv1.1.0": 0.0008828503139239922,
        "layer4.0.conv1.1.1": 8.174539943740668e-06,
        "layer4.0.conv1.1.2": 0.0004650404945772469,
        "layer4.0.conv1.2": 0.025087710891667267,
        "layer4.0.conv2.0": 0.025087710891667267,
        "layer4.0.conv2.1.0": 0.00044099491801758865,
        "layer4.0.conv2.1.1": 8.174539943740668e-06,
        "layer4.0.conv2.1.2": 0.0004650404945772469,
        "layer4.0.conv2.2": 0.025087710891667267,
        "layer4.0.downsample.0.0": 0.001005468413080102,
        "layer4.0.downsample.0.1": 0.002031492686837447,
        "layer4.1.conv1.0": 0.025087710891667267,
        "layer4.1.conv1.1.0": 0.00044099491801758865,
        "layer4.1.conv1.1.1": 8.174539943740668e-06,
        "layer4.1.conv1.1.2": 0.0004650404945772469,
        "layer4.1.conv1.2": 0.025087710891667267,
        "layer4.1.conv2.0": 0.025087710891667267,
        "layer4.1.conv2.1.0": 0.00044099491801758865,
        "layer4.1.conv2.1.1": 8.174539943740668e-06,
        "layer4.1.conv2.1.2": 0.0004650404945772469,
        "layer4.1.conv2.2": 0.025087710891667267,
        "fc": 0.0009995123841558227
    },
    "relative_params": {
        "conv1.0": 3.7751412610670627e-06,
        "conv1.1.0": 3.7751412610670627e-06,
        "conv1.1.1": 4.718926576333828e-05,
        "conv1.1.2": 8.0536346902764e-05,
        "conv1.2": 0.001308715637169915,
        "layer1.0.conv1.0": 0.001308715637169915,
        "layer1.0.conv1.1.0": 0.0001840381364770193,
        "layer1.0.conv1.1.1": 2.831355945800297e-05,
        "layer1.0.conv1.1.2": 0.00020134086725691,
        "layer1.0.conv1.2": 0.001308715637169915,
        "layer1.0.conv2.0": 0.001308715637169915,
        "layer1.0.conv2.1.0": 0.0001840381364770193,
        "layer1.0.conv2.1.1": 2.831355945800297e-05,
        "layer1.0.conv2.1.2": 0.00020134086725691,
        "layer1.0.conv2.2": 0.001308715637169915,
        "layer1.1.conv1.0": 0.001308715637169915,
        "layer1.1.conv1.1.0": 0.0001840381364770193,
        "layer1.1.conv1.1.1": 2.831355945800297e-05,
        "layer1.1.conv1.1.2": 0.00020134086725691,
        "layer1.1.conv1.2": 0.001308715637169915,
        "layer1.1.conv2.0": 0.001308715637169915,
        "layer1.1.conv2.1.0": 0.0001840381364770193,
        "layer1.1.conv2.1.1": 2.831355945800297e-05,
        "layer1.1.conv2.1.2": 0.00020134086725691,
        "layer1.1.conv2.2": 0.001308715637169915,
        "layer2.0.conv1.0": 0.001308715637169915,
        "layer2.0.conv1.1.0": 0.0001840381364770193,
        "layer2.0.conv1.1.1": 2.831355945800297e-05,
        "layer2.0.conv1.1.2": 0.00040268173451382,
        "layer2.0.conv1.2": 0.005194594375228278,
        "layer2.0.conv2.0": 0.005194594375228278,
        "layer2.0.conv2.1.0": 0.0003652449170082383,
        "layer2.0.conv2.1.1": 2.831355945800297e-05,
        "layer2.0.conv2.1.2": 0.00040268173451382,
        "layer2.0.conv2.2": 0.005194594375228278,
        "layer2.0.downsample.0.0": 0.0008383959550619768,
        "layer2.0.downsample.0.1": 0.001691263284958044,
        "layer2.1.conv1.0": 0.005194594375228278,
        "layer2.1.conv1.1.0": 0.0003652449170082383,
        "layer2.1.conv1.1.1": 2.831355945800297e-05,
        "layer2.1.conv1.1.2": 0.00040268173451382,
        "layer2.1.conv1.2": 0.005194594375228278,
        "layer2.1.conv2.0": 0.005194594375228278,
        "layer2.1.conv2.1.0": 0.0003652449170082383,
        "layer2.1.conv2.1.1": 2.831355945800297e-05,
        "layer2.1.conv2.1.2": 0.00040268173451382,
        "layer2.1.conv2.2": 0.005194594375228278,
        "layer3.0.conv1.0": 0.005194594375228278,
        "layer3.0.conv1.1.0": 0.0003652449170082383,
        "layer3.0.conv1.1.1": 2.831355945800297e-05,
        "layer3.0.conv1.1.2": 0.00080536346902764,
        "layer3.0.conv1.2": 0.020697841154010348,
        "layer3.0.conv2.0": 0.020697841154010348,
        "layer3.0.conv2.1.0": 0.0007276584780706763,
        "layer3.0.conv2.1.1": 2.831355945800297e-05,
        "layer3.0.conv2.1.2": 0.00080536346902764,
        "layer3.0.conv2.2": 0.020697841154010348,
        "layer3.0.downsample.0.0": 0.0016638935108153079,
        "layer3.0.downsample.0.1": 0.003382526569916088,
        "layer3.1.conv1.0": 0.020697841154010348,
        "layer3.1.conv1.1.0": 0.0007276584780706763,