{
    "total_flops": 1004424609,
    "total_params": 3126156,
    "relative_flops": {
        "conv1.0": 0.0010490543447049295,
        "conv1.1.0": 0.0010490543447049295,
        "conv1.1.1": 0.0037091564330638577,
        "conv1.1.2": 0.005594956505092957,
        "conv1.2": 0.10310705559385593,
        "layer1.0.conv1.0": 0.02577676389846398,
        "layer1.0.conv1.1.0": 0.0036248574232214973,
        "layer1.0.conv1.1.1": 0.0005338937290016159,
        "layer1.0.conv1.1.2": 0.003796577628455935,
        "layer1.0.conv1.2": 0.02577676389846398,
        "layer1.0.conv2.0": 0.02577676389846398,
        "layer1.0.conv2.1.0": 0.0036248574232214973,
        "layer1.0.conv2.1.1": 0.0005338937290016159,
        "layer1.0.conv2.1.2": 0.003796577628455935,
        "layer1.0.conv2.2": 0.02577676389846398,
        "layer1.1.conv1.0": 0.02577676389846398,
        "layer1.1.conv1.1.0": 0.0036248574232214973,
        "layer1.1.conv1.1.1": 0.0005338937290016159,
        "layer1.1.conv1.1.2": 0.003796577628455935,
        "layer1.1.conv1.2": 0.02577676389846398,
        "layer1.1.conv2.0": 0.02577676389846398,
        "layer1.1.conv2.1.0": 0.0036248574232214973,
        "layer1.1.conv2.1.1": 0.0005338937290016159,
        "layer1.1.conv2.1.2": 0.003796577628455935,
        "layer1.1.conv2.2": 0.02577676389846398,
        "layer2.0.conv1.0": 0.02577676389846398,
        "layer2.0.conv1.1.0": 0.0036248574232214973,
        "layer2.0.conv1.1.1": 0.00013347343225040398,
        "layer2.0.conv1.1.2": 0.0018982888142279675,
        "layer2.0.conv1.2": 0.025676853960873037,
        "layer2.0.conv2.0": 0.025676853960873037,
        "layer2.0.conv2.1.0": 0.0018054037941238853,
        "layer2.0.conv2.1.1": 0.00013347343225040398,
        "layer2.0.conv2.1.2": 0.0018982888142279675,
        "layer2.0.conv2.2": 0.025676853960873037,
        "layer2.0.downsample.0.0": 0.00020138096795674986,
        "layer2.0.downsample.0.1": 0.0004995496879547283,
        "layer2.1.conv1.0": 0.025676853960873037,
        "layer2.1.conv1.1.0": 0.0018054037941238853,
        "layer2.1.conv1.1.1": 0.00013347343225040398,
        "layer2.1.conv1.1.2": 0.0018982888142279675,
        "layer2.1.conv1.2": 0.025676853960873037,
        "layer2.1.conv2.0": 0.025676853960873037,
        "layer2.1.conv2.1.0": 0.0018054037941238853,
        "layer2.1.conv2.1.1": 0.00013347343225040398,
        "layer2.1.conv2.1.2": 0.0018982888142279675,
        "layer2.1.conv2.2": 0.025676853960873037,
        "layer3.0.conv1.0": 0.025676853960873037,
        "layer3.0.conv1.1.0": 0.0018054037941238853,
        "layer3.0.conv1.1.1": 3.3368358062600996e-05,
        "layer3.0.conv1.1.2": 0.0009491444071139838,
        "layer3.0.conv1.2": 0.02562689899207756,
        "layer3.0.conv2.0": 0.02562689899207756,
        "layer3.0.conv2.1.0": 0.0009009456676902268,
        "layer3.0.conv2.1.1": 3.3368358062600996e-05,
        "layer3.0.conv2.1.2": 0.0009491444071139838,
        "layer3.0.conv2.2": 0.02562689899207756,
        "layer3.0.downsample.0.0": 0.0001003002107846603,
        "layer3.0.downsample.0.1": 0.00024977484397736415,
        "layer3.1.conv1.0": 0.02562689899207756,
        "layer3.1.conv1.1.0": 0.0009009456676902268,
        "layer3.1.conv1.1.1": 3.3368358062600996e-05,
        "layer3.1.conv1.1.2": 0.0009491444071139838,
        "layer3.1.conv1.2": 0.02562689899207756,
        "layer3.1.conv2.0": 0.02562689899207756,
        "layer3.1.conv2.1.0": 0.0009009456676902268,
        "layer3.1.conv2.1.1": 3.3368358062600996e-05,
        "layer3.1.conv2.1.2": 0.0009491444071139838,
        "layer3.1.conv2.2": 0.02562689899207756,
        "layer4.0.conv1.0": 0.02562689899207756,
        "layer4.0.conv1.1.0": 0.0009009456676902268,
        "layer4.0.conv1.1.1": 8.342089515650249e-06,
        "layer4.0.conv1.1.2": 0.0004745722035569919,
        "layer4.0.conv1.2": 0.025601921507679825,
        "layer4.0.conv2.0": 0.025601921507679825,
        "layer4.0.conv2.1.0": 0.00045003377650218446,
        "layer4.0.conv2.1.1": 8.342089515650249e-06,
        "layer4.0.conv2.1.2": 0.0004745722035569919,
        "layer4.0.conv2.2": 0.025601921507679825,
        "layer4.0.downsample.0.0": 5.0052537093901487e-05,
        "layer4.0.downsample.0.1": 0.00012488742198868207,
        "layer4.1.conv1.0": 0.025601921507679825,
        "layer4.1.conv1.1.0": 0.00045003377650218446,
        "layer4.1.conv1.1.1": 8.342089515650249e-06,
        "layer4.1.conv1.1.2": 0.0004745722035569919,
        "layer4.1.conv1.2": 0.025601921507679825,
        "layer4.1.conv2.0": 0.025601921507679825,
        "layer4.1.conv2.1.0": 0.00045003377650218446,
        "layer4.1.conv2.1.1": 8.342089515650249e-06,
        "layer4.1.conv2.1.2": 0.0004745722035569919,
        "layer4.1.conv2.2": 0.025601921507679825,
        "fc": 0.0010199989036708279
    },
    "relative_params": {
        "conv1.0": 3.838580032474387e-06,
        "conv1.1.0": 3.838580032474387e-06,
        "conv1.1.1": 4.798225040592984e-05,
        "conv1.1.2": 8.188970735945359e-05,
        "conv1.2": 0.001330707744591121,
        "layer1.0.conv1.0": 0.001330707744591121,
        "layer1.0.conv1.1.0": 0.00018713077658312637,
        "layer1.0.conv1.1.1": 2.8789350243557903e-05,
        "layer1.0.conv1.1.2": 0.00020472426839863398,
        "layer1.0.conv1.2": 0.001330707744591121,
        "layer1.0.conv2.0": 0.001330707744591121,
        "layer1.0.conv2.1.0": 0.00018713077658312637,
        "layer1.0.conv2.1.1": 2.8789350243557903e-05,
        "layer1.0.conv2.1.2": 0.00020472426839863398,
        "layer1.0.conv2.2": 0.001330707744591121,
        "layer1.1.conv1.0": 0.001330707744591121,
        "layer1.1.conv1.1.0": 0.00018713077658312637,
        "layer1.1.conv1.1.1": 2.8789350243557903e-05,
        "layer1.1.conv1.1.2": 0.00020472426839863398,
        "layer1.1.conv1.2": 0.001330707744591121,
        "layer1.1.conv2.0": 0.001330707744591121,
        "layer1.1.conv2.1.0": 0.00018713077658312637,
        "layer1.1.conv2.1.1": 2.8789350243557903e-05,
        "layer1.1.conv2.1.2": 0.00020472426839863398,
        "layer1.1.conv2.2": 0.001330707744591121,
        "layer2.0.conv1.0": 0.001330707744591121,
        "layer2.0.conv1.1.0": 0.00018713077658312637,
        "layer2.0.conv1.1.1": 2.8789350243557903e-05,
        "layer2.0.conv1.1.2": 0.00040944853679726796,
        "layer2.0.conv1.2": 0.005281886124684757,
        "layer2.0.conv2.0": 0.005281886124684757,
        "layer2.0.conv2.1.0": 0.00037138261814189695,
        "layer2.0.conv2.1.1": 2.8789350243557903e-05,
        "layer2.0.conv2.1.2": 0.00040944853679726796,
        "layer2.0.conv2.2": 0.005281886124684757,
        "layer2.0.downsample.0.0": 4.158461701847253e-05,
        "layer2.0.downsample.0.1": 0.0001228345610391804,
        "layer2.1.conv1.0": 0.005281886124684757,
        "layer2.1.conv1.1.0": 0.00037138261814189695,
        "layer2.1.conv1.1.1": 2.8789350243557903e-05,
        "layer2.1.conv1.1.2": 0.00040944853679726796,
        "layer2.1.conv1.2": 0.005281886124684757,
        "layer2.1.conv2.0": 0.005281886124684757,
        "layer2.1.conv2.1.0": 0.00037138261814189695,
        "layer2.1.conv2.1.1": 2.8789350243557903e-05,
        "layer2.1.conv2.1.2": 0.00040944853679726796,
        "layer2.1.conv2.2": 0.005281886124684757,
        "layer3.0.conv1.0": 0.005281886124684757,
        "layer3.0.conv1.1.0": 0.00037138261814189695,
        "layer3.0.conv1.1.1": 2.8789350243557903e-05,
        "layer3.0.conv1.1.2": 0.0008188970735945359,
        "layer3.0.conv1.2": 0.021045654791379573,
        "layer3.0.conv2.0": 0.021045654791379573,
        "layer3.0.conv2.1.0": 0.0007398863012594381,
        "layer3.0.conv2.1.1": 2.8789350243557903e-05,
        "layer3.0.conv2.1.2": 0.0008188970735945359,
        "layer3.0.conv2.2": 0.021045654791379573,
        "layer3.0.downsample.0.0": 8.252947069819933e-05,
        "layer3.0.downsample.0.1": 0.0002456691220783608,
        "layer3.1.conv1.0": 0.021045654791379573,