{
    "total_flops": 1020260919,
    "total_params": 3166566,
    "relative_flops": {
        "conv1.0": 0.0010327711082305996,
        "conv1.1.0": 0.0010327711082305996,
        "conv1.1.1": 0.003651583561243906,
        "conv1.1.2": 0.0055081125772298645,
        "conv1.2": 0.10150664606609322,
        "layer1.0.conv1.0": 0.025376661516523305,
        "layer1.0.conv1.1.0": 0.0035685930257610896,
        "layer1.0.conv1.1.1": 0.0005256067247245016,
        "layer1.0.conv1.1.2": 0.0037376478202631224,
        "layer1.0.conv1.2": 0.025376661516523305,
        "layer1.0.conv2.0": 0.025376661516523305,
        "layer1.0.conv2.1.0": 0.0035685930257610896,
        "layer1.0.conv2.1.1": 0.0005256067247245016,
        "layer1.0.conv2.1.2": 0.0037376478202631224,
        "layer1.0.conv2.2": 0.025376661516523305,
        "layer1.1.conv1.0": 0.025376661516523305,
        "layer1.1.conv1.1.0": 0.0035685930257610896,
        "layer1.1.conv1.1.1": 0.0005256067247245016,
        "layer1.1.conv1.1.2": 0.0037376478202631224,
        "layer1.1.conv1.2": 0.025376661516523305,
        "layer1.1.conv2.0": 0.025376661516523305,
        "layer1.1.conv2.1.0": 0.0035685930257610896,
        "layer1.1.conv2.1.1": 0.0005256067247245016,
        "layer1.1.conv2.1.2": 0.0037376478202631224,
        "layer1.1.conv2.2": 0.025376661516523305,
        "layer2.0.conv1.0": 0.025376661516523305,
        "layer2.0.conv1.1.0": 0.0035685930257610896,
        "layer2.0.conv1.1.1": 0.0001314016811811254,
        "layer2.0.conv1.1.2": 0.0018688239101315612,
        "layer2.0.conv1.2": 0.025278302363358485,
        "layer2.0.conv2.0": 0.025278302363358485,
        "layer2.0.conv2.1.0": 0.0017773806349236435,
        "layer2.0.conv2.1.1": 0.0001314016811811254,
        "layer2.0.conv2.1.2": 0.0018688239101315612,
        "layer2.0.conv2.2": 0.025278302363358485,
        "layer2.0.downsample.0.0": 0.003172082689565413,
        "layer2.0.downsample.0.1": 0.006393344955713236,
        "layer2.1.conv1.0": 0.025278302363358485,
        "layer2.1.conv1.1.0": 0.0017773806349236435,
        "layer2.1.conv1.1.1": 0.0001314016811811254,
        "layer2.1.conv1.1.2": 0.0018688239101315612,
        "layer2.1.conv1.2": 0.025278302363358485,
        "layer2.1.conv2.0": 0.025278302363358485,
        "layer2.1.conv2.1.0": 0.0017773806349236435,
        "layer2.1.conv2.1.1": 0.0001314016811811254,
        "layer2.1.conv2.1.2": 0.0018688239101315612,
        "layer2.1.conv2.2": 0.025278302363358485,
        "layer3.0.conv1.0": 0.025278302363358485,
        "layer3.0.conv1.1.0": 0.0017773806349236435,
        "layer3.0.conv1.1.1": 3.285042029528135e-05,
        "layer3.0.conv1.1.2": 0.0009344119550657806,
        "layer3.0.conv1.2": 0.025229122786776075,
        "layer3.0.conv2.0": 0.025229122786776075,
        "layer3.0.conv2.1.0": 0.0008869613479725964,
        "layer3.0.conv2.1.1": 3.285042029528135e-05,
        "layer3.0.conv2.1.2": 0.0009344119550657806,
        "layer3.0.conv2.2": 0.025229122786776075,
        "layer3.0.downsample.0.0": 0.0015798938977099053,
        "layer3.0.downsample.0.1": 0.003196672477856618,
        "layer3.1.conv1.0": 0.025229122786776075,
        "layer3.1.conv1.1.0": 0.0008869613479725964,
        "layer3.1.conv1.1.1": 3.285042029528135e-05,
        "layer3.1.conv1.1.2": 0.0009344119550657806,
        "layer3.1.conv1.2": 0.025229122786776075,
        "layer3.1.conv2.0": 0.025229122786776075,
        "layer3.1.conv2.1.0": 0.0008869613479725964,
        "layer3.1.conv2.1.1": 3.285042029528135e-05,
        "layer3.1.conv2.1.2": 0.0009344119550657806,
        "layer3.1.conv2.2": 0.025229122786776075,
        "layer4.0.conv1.0": 0.025229122786776075,
        "layer4.0.conv1.1.0": 0.0008869613479725964,
        "layer4.0.conv1.1.1": 8.212605073820338e-06,
        "layer4.0.conv1.1.2": 0.0004672059775328903,
        "layer4.0.conv1.2": 0.02520453299848487,
        "layer4.0.conv2.0": 0.02520453299848487,
        "layer4.0.conv2.1.0": 0.00044304843161399187,
        "layer4.0.conv2.1.1": 8.212605073820338e-06,
        "layer4.0.conv2.1.2": 0.0004672059775328903,
        "layer4.0.conv2.2": 0.02520453299848487,
        "layer4.0.downsample.0.0": 0.0007884100870867523,
        "layer4.0.downsample.0.1": 0.001598336238928309,
        "layer4.1.conv1.0": 0.02520453299848487,
        "layer4.1.conv1.1.0": 0.00044304843161399187,
        "layer4.1.conv1.1.1": 8.212605073820338e-06,
        "layer4.1.conv1.1.2": 0.0004672059775328903,
        "layer4.1.conv1.2": 0.02520453299848487,
        "layer4.1.conv2.0": 0.02520453299848487,
        "layer4.1.conv2.1.0": 0.00044304843161399187,
        "layer4.1.conv2.1.1": 8.212605073820338e-06,
        "layer4.1.conv2.1.2": 0.0004672059775328903,
        "layer4.1.conv2.2": 0.02520453299848487,
        "fc": 0.0010041666606265451
    },
    "relative_params": {
        "conv1.0": 3.78959415341414e-06,
        "conv1.1.0": 3.78959415341414e-06,
        "conv1.1.1": 4.736992691767675e-05,
        "conv1.1.2": 8.084467527283499e-05,
        "conv1.2": 0.0013137259731835686,
        "layer1.0.conv1.0": 0.0013137259731835686,
        "layer1.0.conv1.1.0": 0.00018474271497893934,
        "layer1.0.conv1.1.1": 2.8421956150606052e-05,
        "layer1.0.conv1.1.2": 0.00020211168818208748,
        "layer1.0.conv1.2": 0.0013137259731835686,
        "layer1.0.conv2.0": 0.0013137259731835686,
        "layer1.0.conv2.1.0": 0.00018474271497893934,
        "layer1.0.conv2.1.1": 2.8421956150606052e-05,
        "layer1.0.conv2.1.2": 0.00020211168818208748,
        "layer1.0.conv2.2": 0.0013137259731835686,
        "layer1.1.conv1.0": 0.0013137259731835686,
        "layer1.1.conv1.1.0": 0.00018474271497893934,
        "layer1.1.conv1.1.1": 2.8421956150606052e-05,
        "layer1.1.conv1.1.2": 0.00020211168818208748,
        "layer1.1.conv1.2": 0.0013137259731835686,
        "layer1.1.conv2.0": 0.0013137259731835686,
        "layer1.1.conv2.1.0": 0.00018474271497893934,
        "layer1.1.conv2.1.1": 2.8421956150606052e-05,
        "layer1.1.conv2.1.2": 0.00020211168818208748,
        "layer1.1.conv2.2": 0.0013137259731835686,
        "layer2.0.conv1.0": 0.0013137259731835686,
        "layer2.0.conv1.1.0": 0.00018474271497893934,
        "layer2.0.conv1.1.1": 2.8421956150606052e-05,
        "layer2.0.conv1.1.2": 0.00040422337636417496,
        "layer2.0.conv1.2": 0.0052144815550978565,
        "layer2.0.conv2.0": 0.0052144815550978565,
        "layer2.0.conv2.1.0": 0.00036664323434281804,
        "layer2.0.conv2.1.1": 2.8421956150606052e-05,
        "layer2.0.conv2.1.2": 0.00040422337636417496,
        "layer2.0.conv2.2": 0.0052144815550978565,
        "layer2.0.downsample.0.0": 0.0006568629865917843,
        "layer2.0.downsample.0.1": 0.0013339371420017774,
        "layer2.1.conv1.0": 0.0052144815550978565,
        "layer2.1.conv1.1.0": 0.00036664323434281804,
        "layer2.1.conv1.1.1": 2.8421956150606052e-05,
        "layer2.1.conv1.1.2": 0.00040422337636417496,
        "layer2.1.conv1.2": 0.0052144815550978565,
        "layer2.1.conv2.0": 0.0052144815550978565,
        "layer2.1.conv2.1.0": 0.00036664323434281804,
        "layer2.1.conv2.1.1": 2.8421956150606052e-05,
        "layer2.1.conv2.1.2": 0.00040422337636417496,
        "layer2.1.conv2.2": 0.0052144815550978565,
        "layer3.0.conv1.0": 0.0052144815550978565,
        "layer3.0.conv1.1.0": 0.00036664323434281804,
        "layer3.0.conv1.1.1": 2.8421956150606052e-05,
        "layer3.0.conv1.1.2": 0.0008084467527283499,
        "layer3.0.conv1.2": 0.020777081545118592,
        "layer3.0.conv2.0": 0.020777081545118592,
        "layer3.0.conv2.1.0": 0.0007304442730705755,
        "layer3.0.conv2.1.1": 2.8421956150606052e-05,
        "layer3.0.conv2.1.2": 0.0008084467527283499,
        "layer3.0.conv2.2": 0.020777081545118592,
        "layer3.0.downsample.0.0": 0.0013036203887744641,
        "layer3.0.downsample.0.1": 0.002667874284003555,
        "layer3.1.conv1.0": 0.020777081545118592,