{
    "total_flops": 420917664,
    "total_params": 872720,
    "relative_flops": {
        "conv1.0": 0.03337773916753468,
        "conv1.1": 0.1180141491994976,
        "conv1.2": 0.1544912498611605,
        "layer1.0.conv1.0": 0.038444003148321186,
        "layer1.0.conv1.1": 0.005662295037349632,
        "layer1.0.conv1.2": 0.038622812465290125,
        "layer1.0.conv2.0": 0.038444003148321186,
        "layer1.0.conv2.1": 0.005662295037349632,
        "layer1.0.conv2.2": 0.038622812465290125,
        "layer1.1.conv1.0": 0.038444003148321186,
        "layer1.1.conv1.1": 0.005662295037349632,
        "layer1.1.conv1.2": 0.038622812465290125,
        "layer1.1.conv2.0": 0.038444003148321186,
        "layer1.1.conv2.1": 0.005662295037349632,
        "layer1.1.conv2.2": 0.038622812465290125,
        "layer2.0.conv1.0": 0.038444003148321186,
        "layer2.0.conv1.1": 0.001415573759337408,
        "layer2.0.conv1.2": 0.019311406232645063,
        "layer2.0.conv2.0": 0.019147497692090204,
        "layer2.0.conv2.1": 0.001415573759337408,
        "layer2.0.conv2.2": 0.019311406232645063,
        "layer2.0.downsample.0.0": 0.009611000787080297,
        "layer2.0.downsample.0.1": 0.019311406232645063,
        "layer2.1.conv1.0": 0.019147497692090204,
        "layer2.1.conv1.1": 0.001415573759337408,
        "layer2.1.conv1.2": 0.019311406232645063,
        "layer2.1.conv2.0": 0.019147497692090204,
        "layer2.1.conv2.1": 0.001415573759337408,
        "layer2.1.conv2.2": 0.019311406232645063,
        "layer3.0.conv1.0": 0.019147497692090204,
        "layer3.0.conv1.1": 0.000353893439834352,
        "layer3.0.conv1.2": 0.009655703116322531,
        "layer3.0.conv2.0": 0.009555122875527504,
        "layer3.0.conv2.1": 0.000353893439834352,
        "layer3.0.conv2.2": 0.009655703116322531,
        "layer3.0.downsample.0.0": 0.004786874423022551,
        "layer3.0.downsample.0.1": 0.009655703116322531,
        "layer3.1.conv1.0": 0.009555122875527504,
        "layer3.1.conv1.1": 0.000353893439834352,
        "layer3.1.conv1.2": 0.009655703116322531,
        "layer3.1.conv2.0": 0.009555122875527504,
        "layer3.1.conv2.1": 0.000353893439834352,
        "layer3.1.conv2.2": 0.009655703116322531,
        "layer4.0.conv1.0": 0.009555122875527504,
        "layer4.0.conv1.1": 8.8473359958588e-05,
        "layer4.0.conv1.2": 0.004827851558161266,
        "layer4.0.conv2.0": 0.004772904945134353,
        "layer4.0.conv2.1": 8.8473359958588e-05,
        "layer4.0.conv2.2": 0.004827851558161266,
        "layer4.0.downsample.0.0": 0.002388780718881876,
        "layer4.0.downsample.0.1": 0.004827851558161266,
        "layer4.1.conv1.0": 0.004772904945134353,
        "layer4.1.conv1.1": 8.8473359958588e-05,
        "layer4.1.conv1.2": 0.004827851558161266,
        "layer4.1.conv2.0": 0.004772904945134353,
        "layer4.1.conv2.1": 8.8473359958588e-05,
        "layer4.1.conv2.2": 0.004827851558161266,
        "fc": 0.002433996212617962
    },
    "relative_params": {
        "conv1.0": 0.0001833348611238427,
        "conv1.1": 0.002291685764048034,
        "conv1.2": 0.00300669172243102,
        "layer1.0.conv1.0": 0.002979191493262444,
        "layer1.0.conv1.1": 0.0004583371528096067,
        "layer1.0.conv1.2": 0.00300669172243102,
        "layer1.0.conv2.0": 0.002979191493262444,
        "layer1.0.conv2.1": 0.0004583371528096067,
        "layer1.0.conv2.2": 0.00300669172243102,
        "layer1.1.conv1.0": 0.002979191493262444,
        "layer1.1.conv1.1": 0.0004583371528096067,
        "layer1.1.conv1.2": 0.00300669172243102,
        "layer1.1.conv2.0": 0.002979191493262444,
        "layer1.1.conv2.1": 0.0004583371528096067,
        "layer1.1.conv2.2": 0.00300669172243102,
        "layer2.0.conv1.0": 0.002979191493262444,
        "layer2.0.conv1.1": 0.0004583371528096067,
        "layer2.0.conv1.2": 0.00601338344486204,
        "layer2.0.conv2.0": 0.005912549271243927,
        "layer2.0.conv2.1": 0.0004583371528096067,
        "layer2.0.conv2.2": 0.00601338344486204,
        "layer2.0.downsample.0.0": 0.002979191493262444,
        "layer2.0.downsample.0.1": 0.00601338344486204,
        "layer2.1.conv1.0": 0.005912549271243927,
        "layer2.1.conv1.1": 0.0004583371528096067,
        "layer2.1.conv1.2": 0.00601338344486204,
        "layer2.1.conv2.0": 0.005912549271243927,
        "layer2.1.conv2.1": 0.0004583371528096067,
        "layer2.1.conv2.2": 0.00601338344486204,
        "layer3.0.conv1.0": 0.005912549271243927,
        "layer3.0.conv1.1": 0.0004583371528096067,
        "layer3.0.conv1.2": 0.01202676688972408,
        "layer3.0.conv2.0": 0.011779264827206893,
        "layer3.0.conv2.1": 0.0004583371528096067,
        "layer3.0.conv2.2": 0.01202676688972408,
        "layer3.0.downsample.0.0": 0.005912549271243927,
        "layer3.0.downsample.0.1": 0.01202676688972408,
        "layer3.1.conv1.0": 0.011779264827206893,
        "layer3.1.conv1.1": 0.0004583371528096067,
        "layer3.1.conv1.2": 0.01202676688972408,
        "layer3.1.conv2.0": 0.011779264827206893,
        "layer3.1.conv2.1": 0.0004583371528096067,
        "layer3.1.conv2.2": 0.01202676688972408,
        "layer4.0.conv1.0": 0.011779264827206893,
        "layer4.0.conv1.1": 0.0004583371528096067,
        "layer4.0.conv1.2": 0.02405353377944816,
        "layer4.0.conv2.0": 0.023512695939132827,
        "layer4.0.conv2.1": 0.0004583371528096067,
        "layer4.0.conv2.2": 0.02405353377944816,
        "layer4.0.downsample.0.0": 0.011779264827206893,
        "layer4.0.downsample.0.1": 0.02405353377944816,
        "layer4.1.conv1.0": 0.023512695939132827,
        "layer4.1.conv1.1": 0.0004583371528096067,
        "layer4.1.conv1.2": 0.02405353377944816,
        "layer4.1.conv2.0": 0.023512695939132827,
        "layer4.1.conv2.1": 0.0004583371528096067,
        "layer4.1.conv2.2": 0.02405353377944816,
        "fc": 0.5878173984783207
    }
}