{
    "total_flops": 379176720,
    "total_params": 837228,
    "relative_flops": {
        "conv1.0": 0.033346857370357544,
        "conv1.1": 0.1179049599880499,
        "conv1.2": 0.15456003733562546,
        "layer1.0.conv1.0": 0.038408433935501106,
        "layer1.0.conv1.1": 0.005657056161042799,
        "layer1.0.conv1.2": 0.038640009333906364,
        "layer1.0.conv2.0": 0.038408433935501106,
        "layer1.0.conv2.1": 0.005657056161042799,
        "layer1.0.conv2.2": 0.038640009333906364,
        "layer1.1.conv1.0": 0.038408433935501106,
        "layer1.1.conv1.1": 0.005657056161042799,
        "layer1.1.conv1.2": 0.038640009333906364,
        "layer1.1.conv2.0": 0.038408433935501106,
        "layer1.1.conv2.1": 0.005657056161042799,
        "layer1.1.conv2.2": 0.038640009333906364,
        "layer2.0.conv1.0": 0.038408433935501106,
        "layer2.0.conv1.1": 0.0014142640402606997,
        "layer2.0.conv1.2": 0.019320004666953182,
        "layer2.0.conv2.0": 0.019129782018263146,
        "layer2.0.conv2.1": 0.0014142640402606997,
        "layer2.0.conv2.2": 0.019320004666953182,
        "layer2.0.downsample.0.0": 0.009602108483875276,
        "layer2.0.downsample.0.1": 0.019320004666953182,
        "layer2.1.conv1.0": 0.019129782018263146,
        "layer2.1.conv1.1": 0.0014142640402606997,
        "layer2.1.conv1.2": 0.019320004666953182,
        "layer2.1.conv2.0": 0.019129782018263146,
        "layer2.1.conv2.1": 0.0014142640402606997,
        "layer2.1.conv2.2": 0.019320004666953182,
        "layer3.0.conv1.0": 0.019129782018263146,
        "layer3.0.conv1.1": 0.0003535660100651749,
        "layer3.0.conv1.2": 0.009660002333476591,
        "layer3.0.conv2.0": 0.009546282271759722,
        "layer3.0.conv2.1": 0.0003535660100651749,
        "layer3.0.conv2.2": 0.009660002333476591,
        "layer3.0.downsample.0.0": 0.0047824455045657865,
        "layer3.0.downsample.0.1": 0.009660002333476591,
        "layer3.1.conv1.0": 0.009546282271759722,
        "layer3.1.conv1.1": 0.0003535660100651749,
        "layer3.1.conv1.2": 0.009660002333476591,
        "layer3.1.conv2.0": 0.009546282271759722,
        "layer3.1.conv2.1": 0.0003535660100651749,
        "layer3.1.conv2.2": 0.009660002333476591,
        "layer4.0.conv1.0": 0.009546282271759722,
        "layer4.0.conv1.1": 8.839150251629373e-05,
        "layer4.0.conv1.2": 0.0048300011667382955,
        "layer4.0.conv2.0": 0.004768488951536898,
        "layer4.0.conv2.1": 8.839150251629373e-05,
        "layer4.0.conv2.2": 0.0048300011667382955,
        "layer4.0.downsample.0.0": 0.0023865705679399305,
        "layer4.0.downsample.0.1": 0.0048300011667382955,
        "layer4.1.conv1.0": 0.004768488951536898,
        "layer4.1.conv1.1": 8.839150251629373e-05,
        "layer4.1.conv1.2": 0.0048300011667382955,
        "layer4.1.conv2.0": 0.004768488951536898,
        "layer4.1.conv2.1": 8.839150251629373e-05,
        "layer4.1.conv2.2": 0.0048300011667382955,
        "fc": 0.002701938030372751
    },
    "relative_params": {
        "conv1.0": 0.00017199615875245454,
        "conv1.1": 0.0021499519844056817,
        "conv1.2": 0.0028283812772625858,
        "layer1.0.conv1.0": 0.0027949375797273863,
        "layer1.0.conv1.1": 0.00042999039688113635,
        "layer1.0.conv1.2": 0.0028283812772625858,
        "layer1.0.conv2.0": 0.0027949375797273863,
        "layer1.0.conv2.1": 0.00042999039688113635,
        "layer1.0.conv2.2": 0.0028283812772625858,
        "layer1.1.conv1.0": 0.0027949375797273863,
        "layer1.1.conv1.1": 0.00042999039688113635,
        "layer1.1.conv1.2": 0.0028283812772625858,
        "layer1.1.conv2.0": 0.0027949375797273863,
        "layer1.1.conv2.1": 0.00042999039688113635,
        "layer1.1.conv2.2": 0.0028283812772625858,
        "layer2.0.conv1.0": 0.0027949375797273863,
        "layer2.0.conv1.1": 0.00042999039688113635,
        "layer2.0.conv1.2": 0.0056567625545251715,
        "layer2.0.conv2.0": 0.0055468761197666585,
        "layer2.0.conv2.1": 0.00042999039688113635,
        "layer2.0.conv2.2": 0.0056567625545251715,
        "layer2.0.downsample.0.0": 0.0027949375797273863,
        "layer2.0.downsample.0.1": 0.0056567625545251715,
        "layer2.1.conv1.0": 0.0055468761197666585,
        "layer2.1.conv1.1": 0.00042999039688113635,
        "layer2.1.conv1.2": 0.0056567625545251715,
        "layer2.1.conv2.0": 0.0055468761197666585,
        "layer2.1.conv2.1": 0.00042999039688113635,
        "layer2.1.conv2.2": 0.0056567625545251715,
        "layer3.0.conv1.0": 0.0055468761197666585,
        "layer3.0.conv1.1": 0.00042999039688113635,
        "layer3.0.conv1.2": 0.011313525109050343,
        "layer3.0.conv2.0": 0.011050753199845203,
        "layer3.0.conv2.1": 0.00042999039688113635,
        "layer3.0.conv2.2": 0.011313525109050343,
        "layer3.0.downsample.0.0": 0.0055468761197666585,
        "layer3.0.downsample.0.1": 0.011313525109050343,
        "layer3.1.conv1.0": 0.011050753199845203,
        "layer3.1.conv1.1": 0.00042999039688113635,
        "layer3.1.conv1.2": 0.011313525109050343,
        "layer3.1.conv2.0": 0.011050753199845203,
        "layer3.1.conv2.1": 0.00042999039688113635,
        "layer3.1.conv2.2": 0.011313525109050343,
        "layer4.0.conv1.0": 0.011050753199845203,
        "layer4.0.conv1.1": 0.00042999039688113635,
        "layer4.0.conv1.2": 0.022627050218100686,
        "layer4.0.conv2.0": 0.022058507360002293,
        "layer4.0.conv2.1": 0.00042999039688113635,
        "layer4.0.conv2.2": 0.022627050218100686,
        "layer4.0.downsample.0.0": 0.011050753199845203,
        "layer4.0.downsample.0.1": 0.022627050218100686,
        "layer4.1.conv1.0": 0.022058507360002293,
        "layer4.1.conv1.1": 0.00042999039688113635,
        "layer4.1.conv1.2": 0.022627050218100686,
        "layer4.1.conv2.0": 0.022058507360002293,
        "layer4.1.conv2.1": 0.00042999039688113635,
        "layer4.1.conv2.2": 0.022627050218100686,
        "fc": 0.6127363155556192
    }
}