{
    "total_flops": 1032929967,
    "total_params": 3198894,
    "relative_flops": {
        "conv1.0": 0.001020104008658314,
        "conv1.1.0": 0.001020104008658314,
        "conv1.1.1": 0.00360679631632761,
        "conv1.1.2": 0.005440554712844341,
        "conv1.2": 0.10026165113670286,
        "layer1.0.conv1.0": 0.025065412784175716,
        "layer1.0.conv1.1.0": 0.00352482367277471,
        "layer1.0.conv1.1.1": 0.0005191600758350348,
        "layer1.0.conv1.1.2": 0.003691804983715803,
        "layer1.0.conv1.2": 0.025065412784175716,
        "layer1.0.conv2.0": 0.025065412784175716,
        "layer1.0.conv2.1.0": 0.00352482367277471,
        "layer1.0.conv2.1.1": 0.0005191600758350348,
        "layer1.0.conv2.1.2": 0.003691804983715803,
        "layer1.0.conv2.2": 0.025065412784175716,
        "layer1.1.conv1.0": 0.025065412784175716,
        "layer1.1.conv1.1.0": 0.00352482367277471,
        "layer1.1.conv1.1.1": 0.0005191600758350348,
        "layer1.1.conv1.1.2": 0.003691804983715803,
        "layer1.1.conv1.2": 0.025065412784175716,
        "layer1.1.conv2.0": 0.025065412784175716,
        "layer1.1.conv2.1.0": 0.00352482367277471,
        "layer1.1.conv2.1.1": 0.0005191600758350348,
        "layer1.1.conv2.1.2": 0.003691804983715803,
        "layer1.1.conv2.2": 0.025065412784175716,
        "layer2.0.conv1.0": 0.025065412784175716,
        "layer2.0.conv1.1.0": 0.00352482367277471,
        "layer2.0.conv1.1.1": 0.0001297900189587587,
        "layer2.0.conv1.1.2": 0.0018459024918579016,
        "layer2.0.conv1.2": 0.02496826002144635,
        "layer2.0.conv2.0": 0.02496826002144635,
        "layer2.0.conv2.1.0": 0.0017555807827579466,
        "layer2.0.conv2.1.1": 0.0001297900189587587,
        "layer2.0.conv2.1.2": 0.0018459024918579016,
        "layer2.0.conv2.2": 0.02496826002144635,
        "layer2.0.downsample.0.0": 0.005483059046538437,
        "layer2.0.downsample.0.1": 0.010978262188418046,
        "layer2.1.conv1.0": 0.02496826002144635,
        "layer2.1.conv1.1.0": 0.0017555807827579466,
        "layer2.1.conv1.1.1": 0.0001297900189587587,
        "layer2.1.conv1.1.2": 0.0018459024918579016,
        "layer2.1.conv1.2": 0.02496826002144635,
        "layer2.1.conv2.0": 0.02496826002144635,
        "layer2.1.conv2.1.0": 0.0017555807827579466,
        "layer2.1.conv2.1.1": 0.0001297900189587587,
        "layer2.1.conv2.1.2": 0.0018459024918579016,
        "layer2.1.conv2.2": 0.02496826002144635,
        "layer3.0.conv1.0": 0.02496826002144635,
        "layer3.0.conv1.1.0": 0.0017555807827579466,
        "layer3.0.conv1.1.1": 3.2447504739689676e-05,
        "layer3.0.conv1.1.2": 0.0009229512459289508,
        "layer3.0.conv1.2": 0.02491968364008167,
        "layer3.0.conv2.0": 0.02491968364008167,
        "layer3.0.conv2.1.0": 0.0008760826279716212,
        "layer3.0.conv2.1.1": 3.2447504739689676e-05,
        "layer3.0.conv2.1.2": 0.0009229512459289508,
        "layer3.0.conv2.2": 0.02491968364008167,
        "layer3.0.downsample.0.0": 0.002730903439845695,
        "layer3.0.downsample.0.1": 0.005489131094209023,
        "layer3.1.conv1.0": 0.02491968364008167,
        "layer3.1.conv1.1.0": 0.0008760826279716212,
        "layer3.1.conv1.1.1": 3.2447504739689676e-05,
        "layer3.1.conv1.1.2": 0.0009229512459289508,
        "layer3.1.conv1.2": 0.02491968364008167,
        "layer3.1.conv2.0": 0.02491968364008167,
        "layer3.1.conv2.1.0": 0.0008760826279716212,
        "layer3.1.conv2.1.1": 3.2447504739689676e-05,
        "layer3.1.conv2.1.2": 0.0009229512459289508,
        "layer3.1.conv2.2": 0.02491968364008167,
        "layer4.0.conv1.0": 0.02491968364008167,
        "layer4.0.conv1.1.0": 0.0008760826279716212,
        "layer4.0.conv1.1.1": 8.111876184922419e-06,
        "layer4.0.conv1.1.2": 0.0004614756229644754,
        "layer4.0.conv1.2": 0.02489539544939933,
        "layer4.0.conv2.0": 0.02489539544939933,
        "layer4.0.conv2.1.0": 0.0004376143731339726,
        "layer4.0.conv2.1.1": 8.111876184922419e-06,
        "layer4.0.conv2.1.2": 0.0004614756229644754,
        "layer4.0.conv2.2": 0.02489539544939933,
        "layer4.0.downsample.0.0": 0.0013627951990669664,
        "layer4.0.downsample.0.1": 0.0027445655471045115,
        "layer4.1.conv1.0": 0.02489539544939933,
        "layer4.1.conv1.1.0": 0.0004376143731339726,
        "layer4.1.conv1.1.1": 8.111876184922419e-06,
        "layer4.1.conv1.1.2": 0.0004614756229644754,
        "layer4.1.conv1.2": 0.02489539544939933,
        "layer4.1.conv2.0": 0.02489539544939933,
        "layer4.1.conv2.1.0": 0.0004376143731339726,
        "layer4.1.conv2.1.1": 8.111876184922419e-06,
        "layer4.1.conv2.1.2": 0.0004614756229644754,
        "layer4.1.conv2.2": 0.02489539544939933,
        "fc": 0.0009918503990890605
    },
    "relative_params": {
        "conv1.0": 3.751296541867283e-06,
        "conv1.1.0": 3.751296541867283e-06,
        "conv1.1.1": 4.689120677334104e-05,
        "conv1.1.2": 8.002765955983536e-05,
        "conv1.2": 0.0013004494678473246,
        "layer1.0.conv1.0": 0.0013004494678473246,
        "layer1.0.conv1.1.0": 0.00018287570641603004,
        "layer1.0.conv1.1.1": 2.813472406400462e-05,
        "layer1.0.conv1.1.2": 0.00020006914889958842,
        "layer1.0.conv1.2": 0.0013004494678473246,
        "layer1.0.conv2.0": 0.0013004494678473246,
        "layer1.0.conv2.1.0": 0.00018287570641603004,
        "layer1.0.conv2.1.1": 2.813472406400462e-05,
        "layer1.0.conv2.1.2": 0.00020006914889958842,
        "layer1.0.conv2.2": 0.0013004494678473246,
        "layer1.1.conv1.0": 0.0013004494678473246,
        "layer1.1.conv1.1.0": 0.00018287570641603004,
        "layer1.1.conv1.1.1": 2.813472406400462e-05,
        "layer1.1.conv1.1.2": 0.00020006914889958842,
        "layer1.1.conv1.2": 0.0013004494678473246,
        "layer1.1.conv2.0": 0.0013004494678473246,
        "layer1.1.conv2.1.0": 0.00018287570641603004,
        "layer1.1.conv2.1.1": 2.813472406400462e-05,
        "layer1.1.conv2.1.2": 0.00020006914889958842,
        "layer1.1.conv2.2": 0.0013004494678473246,
        "layer2.0.conv1.0": 0.0013004494678473246,
        "layer2.0.conv1.1.0": 0.00018287570641603004,
        "layer2.0.conv1.1.1": 2.813472406400462e-05,
        "layer2.0.conv1.1.2": 0.00040013829779917683,
        "layer2.0.conv1.2": 0.005161784041609381,
        "layer2.0.conv2.0": 0.005161784041609381,
        "layer2.0.conv2.1.0": 0.0003629379404256596,
        "layer2.0.conv2.1.1": 2.813472406400462e-05,
        "layer2.0.conv2.1.2": 0.00040013829779917683,
        "layer2.0.conv2.2": 0.005161784041609381,
        "layer2.0.downsample.0.0": 0.0011378932843664092,
        "layer2.0.downsample.0.1": 0.002280788297455308,
        "layer2.1.conv1.0": 0.005161784041609381,
        "layer2.1.conv1.1.0": 0.0003629379404256596,
        "layer2.1.conv1.1.1": 2.813472406400462e-05,
        "layer2.1.conv1.1.2": 0.00040013829779917683,
        "layer2.1.conv1.2": 0.005161784041609381,
        "layer2.1.conv2.0": 0.005161784041609381,
        "layer2.1.conv2.1.0": 0.0003629379404256596,
        "layer2.1.conv2.1.1": 2.813472406400462e-05,
        "layer2.1.conv2.1.2": 0.00040013829779917683,
        "layer2.1.conv2.2": 0.005161784041609381,
        "layer3.0.conv1.0": 0.005161784041609381,
        "layer3.0.conv1.1.0": 0.0003629379404256596,
        "layer3.0.conv1.1.1": 2.813472406400462e-05,
        "layer3.0.conv1.1.2": 0.0008002765955983537,
        "layer3.0.conv1.2": 0.02056710850687769,
        "layer3.0.conv2.0": 0.02056710850687769,
        "layer3.0.conv2.1.0": 0.0007230624084449187,
        "layer3.0.conv2.1.1": 2.813472406400462e-05,
        "layer3.0.conv2.1.2": 0.0008002765955983537,
        "layer3.0.conv2.2": 0.02056710850687769,
        "layer3.0.downsample.0.0": 0.0022582805182041043,
        "layer3.0.downsample.0.1": 0.004561576594910616,
        "layer3.1.conv1.0": 0.02056710850687769,
        "layer3.1.conv1.1.0": 0.0007230624084449187,