{
    "total_flops": 493964316,
    "total_params": 934831,
    "relative_flops": {
        "conv1.0": 0.03341922374813811,
        "conv1.1": 0.11816082682377405,
        "conv1.2": 0.15439884528015177,
        "layer1.0.conv1.0": 0.03849178449562336,
        "layer1.0.conv1.1": 0.005669332600130573,
        "layer1.0.conv1.2": 0.03859971132003794,
        "layer1.0.conv2.0": 0.03849178449562336,
        "layer1.0.conv2.1": 0.005669332600130573,
        "layer1.0.conv2.2": 0.03859971132003794,
        "layer1.1.conv1.0": 0.03849178449562336,
        "layer1.1.conv1.1": 0.005669332600130573,
        "layer1.1.conv1.2": 0.03859971132003794,
        "layer1.1.conv2.0": 0.03849178449562336,
        "layer1.1.conv2.1": 0.005669332600130573,
        "layer1.1.conv2.2": 0.03859971132003794,
        "layer2.0.conv1.0": 0.03849178449562336,
        "layer2.0.conv1.1": 0.0014173331500326432,
        "layer2.0.conv1.2": 0.01929985566001897,
        "layer2.0.conv2.0": 0.019171295766231018,
        "layer2.0.conv2.1": 0.0014173331500326432,
        "layer2.0.conv2.2": 0.01929985566001897,
        "layer2.0.downsample.0.0": 0.00962294612390584,
        "layer2.0.downsample.0.1": 0.01929985566001897,
        "layer2.1.conv1.0": 0.019171295766231018,
        "layer2.1.conv1.1": 0.0014173331500326432,
        "layer2.1.conv1.2": 0.01929985566001897,
        "layer2.1.conv2.0": 0.019171295766231018,
        "layer2.1.conv2.1": 0.0014173331500326432,
        "layer2.1.conv2.2": 0.01929985566001897,
        "layer3.0.conv1.0": 0.019171295766231018,
        "layer3.0.conv1.1": 0.0003543332875081608,
        "layer3.0.conv1.2": 0.009649927830009486,
        "layer3.0.conv2.0": 0.009566998762720342,
        "layer3.0.conv2.1": 0.0003543332875081608,
        "layer3.0.conv2.2": 0.009649927830009486,
        "layer3.0.downsample.0.0": 0.004792823941557754,
        "layer3.0.downsample.0.1": 0.009649927830009486,
        "layer3.1.conv1.0": 0.009566998762720342,
        "layer3.1.conv1.1": 0.0003543332875081608,
        "layer3.1.conv1.2": 0.009649927830009486,
        "layer3.1.conv2.0": 0.009566998762720342,
        "layer3.1.conv2.1": 0.0003543332875081608,
        "layer3.1.conv2.2": 0.009649927830009486,
        "layer4.0.conv1.0": 0.009566998762720342,
        "layer4.0.conv1.1": 8.85833218770402e-05,
        "layer4.0.conv1.2": 0.004824963915004743,
        "layer4.0.conv2.0": 0.00477883710126138,
        "layer4.0.conv2.1": 8.85833218770402e-05,
        "layer4.0.conv2.2": 0.004824963915004743,
        "layer4.0.downsample.0.0": 0.0023917496906800855,
        "layer4.0.downsample.0.1": 0.004824963915004743,
        "layer4.1.conv1.0": 0.00477883710126138,
        "layer4.1.conv1.1": 8.85833218770402e-05,
        "layer4.1.conv1.2": 0.004824963915004743,
        "layer4.1.conv2.0": 0.00477883710126138,
        "layer4.1.conv2.1": 8.85833218770402e-05,
        "layer4.1.conv2.2": 0.004824963915004743,
        "fc": 0.0020740607505745413
    },
    "relative_params": {
        "conv1.0": 0.0002011058683334207,
        "conv1.1": 0.0025138233541677586,
        "conv1.2": 0.0032861554655333426,
        "layer1.0.conv1.0": 0.0032679703604180863,
        "layer1.0.conv1.1": 0.0005027646708335517,
        "layer1.0.conv1.2": 0.0032861554655333426,
        "layer1.0.conv2.0": 0.0032679703604180863,
        "layer1.0.conv2.1": 0.0005027646708335517,
        "layer1.0.conv2.2": 0.0032861554655333426,
        "layer1.1.conv1.0": 0.0032679703604180863,
        "layer1.1.conv1.1": 0.0005027646708335517,
        "layer1.1.conv1.2": 0.0032861554655333426,
        "layer1.1.conv2.0": 0.0032679703604180863,
        "layer1.1.conv2.1": 0.0005027646708335517,
        "layer1.1.conv2.2": 0.0032861554655333426,
        "layer2.0.conv1.0": 0.0032679703604180863,
        "layer2.0.conv1.1": 0.0005027646708335517,
        "layer2.0.conv1.2": 0.006572310931066685,
        "layer2.0.conv2.0": 0.006485664253752818,
        "layer2.0.conv2.1": 0.0005027646708335517,
        "layer2.0.conv2.2": 0.006572310931066685,
        "layer2.0.downsample.0.0": 0.0032679703604180863,
        "layer2.0.downsample.0.1": 0.006572310931066685,
        "layer2.1.conv1.0": 0.006485664253752818,
        "layer2.1.conv1.1": 0.0005027646708335517,
        "layer2.1.conv1.2": 0.006572310931066685,
        "layer2.1.conv2.0": 0.006485664253752818,
        "layer2.1.conv2.1": 0.0005027646708335517,
        "layer2.1.conv2.2": 0.006572310931066685,
        "layer3.0.conv1.0": 0.006485664253752818,
        "layer3.0.conv1.1": 0.0005027646708335517,
        "layer3.0.conv1.2": 0.01314462186213337,
        "layer3.0.conv2.0": 0.012921052040422279,
        "layer3.0.conv2.1": 0.0005027646708335517,
        "layer3.0.conv2.2": 0.01314462186213337,
        "layer3.0.downsample.0.0": 0.006485664253752818,
        "layer3.0.downsample.0.1": 0.01314462186213337,
        "layer3.1.conv1.0": 0.012921052040422279,
        "layer3.1.conv1.1": 0.0005027646708335517,
        "layer3.1.conv1.2": 0.01314462186213337,
        "layer3.1.conv2.0": 0.012921052040422279,
        "layer3.1.conv2.1": 0.0005027646708335517,
        "layer3.1.conv2.2": 0.01314462186213337,
        "layer4.0.conv1.0": 0.012921052040422279,
        "layer4.0.conv1.1": 0.0005027646708335517,
        "layer4.0.conv1.2": 0.02628924372426674,
        "layer4.0.conv2.0": 0.025791827613761205,
        "layer4.0.conv2.1": 0.0005027646708335517,
        "layer4.0.conv2.2": 0.02628924372426674,
        "layer4.0.downsample.0.0": 0.012921052040422279,
        "layer4.0.downsample.0.1": 0.02628924372426674,
        "layer4.1.conv1.0": 0.025791827613761205,
        "layer4.1.conv1.1": 0.0005027646708335517,
        "layer4.1.conv1.2": 0.02628924372426674,
        "layer4.1.conv2.0": 0.025791827613761205,
        "layer4.1.conv2.1": 0.0005027646708335517,
        "layer4.1.conv2.2": 0.02628924372426674,
        "fc": 0.5487622896544937
    }
}