{
    "total_flops": 1014982149,
    "total_params": 3153096,
    "relative_flops": {
        "conv1.0": 0.0010381423959407979,
        "conv1.1.0": 0.0010381423959407979,
        "conv1.1.1": 0.0036705748999335355,
        "conv1.1.2": 0.005536759445017589,
        "conv1.2": 0.10203456691532414,
        "layer1.0.conv1.0": 0.025508641728831036,
        "layer1.0.conv1.1.0": 0.0035871527431168646,
        "layer1.0.conv1.1.1": 0.0005283403265055847,
        "layer1.0.conv1.1.2": 0.0037570867662619356,
        "layer1.0.conv1.2": 0.025508641728831036,
        "layer1.0.conv2.0": 0.025508641728831036,
        "layer1.0.conv2.1.0": 0.0035871527431168646,
        "layer1.0.conv2.1.1": 0.0005283403265055847,
        "layer1.0.conv2.1.2": 0.0037570867662619356,
        "layer1.0.conv2.2": 0.025508641728831036,
        "layer1.1.conv1.0": 0.025508641728831036,
        "layer1.1.conv1.1.0": 0.0035871527431168646,
        "layer1.1.conv1.1.1": 0.0005283403265055847,
        "layer1.1.conv1.1.2": 0.0037570867662619356,
        "layer1.1.conv1.2": 0.025508641728831036,
        "layer1.1.conv2.0": 0.025508641728831036,
        "layer1.1.conv2.1.0": 0.0035871527431168646,
        "layer1.1.conv2.1.1": 0.0005283403265055847,
        "layer1.1.conv2.1.2": 0.0037570867662619356,
        "layer1.1.conv2.2": 0.025508641728831036,
        "layer2.0.conv1.0": 0.025508641728831036,
        "layer2.0.conv1.1.0": 0.0035871527431168646,
        "layer2.0.conv1.1.1": 0.00013208508162639617,
        "layer2.0.conv1.1.2": 0.0018785433831309678,
        "layer2.0.conv1.2": 0.025409771024455723,
        "layer2.0.conv2.0": 0.025409771024455723,
        "layer2.0.conv2.1.0": 0.001786624525157043,
        "layer2.0.conv2.1.1": 0.00013208508162639617,
        "layer2.0.conv2.1.2": 0.0018785433831309678,
        "layer2.0.conv2.2": 0.025409771024455723,
        "layer2.0.downsample.0.0": 0.002192148898571417,
        "layer2.0.downsample.0.1": 0.004449181696889134,
        "layer2.1.conv1.0": 0.025409771024455723,
        "layer2.1.conv1.1.0": 0.001786624525157043,
        "layer2.1.conv1.1.1": 0.00013208508162639617,
        "layer2.1.conv1.1.2": 0.0018785433831309678,
        "layer2.1.conv1.2": 0.025409771024455723,
        "layer2.1.conv2.0": 0.025409771024455723,
        "layer2.1.conv2.1.0": 0.001786624525157043,
        "layer2.1.conv2.1.1": 0.00013208508162639617,
        "layer2.1.conv2.1.2": 0.0018785433831309678,
        "layer2.1.conv2.2": 0.025409771024455723,
        "layer3.0.conv1.0": 0.025409771024455723,
        "layer3.0.conv1.1.0": 0.001786624525157043,
        "layer3.0.conv1.1.1": 3.3021270406599043e-05,
        "layer3.0.conv1.1.2": 0.0009392716915654839,
        "layer3.0.conv1.2": 0.025360335672268065,
        "layer3.0.conv2.0": 0.025360335672268065,
        "layer3.0.conv2.1.0": 0.0008915743009781741,
        "layer3.0.conv2.1.1": 3.3021270406599043e-05,
        "layer3.0.conv2.1.2": 0.0009392716915654839,
        "layer3.0.conv2.2": 0.025360335672268065,
        "layer3.0.downsample.0.0": 0.0010918260987070817,
        "layer3.0.downsample.0.1": 0.002224590848444567,
        "layer3.1.conv1.0": 0.025360335672268065,
        "layer3.1.conv1.1.0": 0.0008915743009781741,
        "layer3.1.conv1.1.1": 3.3021270406599043e-05,
        "layer3.1.conv1.1.2": 0.0009392716915654839,
        "layer3.1.conv1.2": 0.025360335672268065,
        "layer3.1.conv2.0": 0.025360335672268065,
        "layer3.1.conv2.1.0": 0.0008915743009781741,
        "layer3.1.conv2.1.1": 3.3021270406599043e-05,
        "layer3.1.conv2.1.2": 0.0009392716915654839,
        "layer3.1.conv2.2": 0.025360335672268065,
        "layer4.0.conv1.0": 0.025360335672268065,
        "layer4.0.conv1.1.0": 0.0008915743009781741,
        "layer4.0.conv1.1.1": 8.255317601649761e-06,
        "layer4.0.conv1.1.2": 0.00046963584578274195,
        "layer4.0.conv1.2": 0.025335617996174235,
        "layer4.0.conv2.0": 0.025335617996174235,
        "layer4.0.conv2.1.0": 0.00044535266008900027,
        "layer4.0.conv2.1.1": 8.255317601649761e-06,
        "layer4.0.conv2.1.2": 0.00046963584578274195,
        "layer4.0.conv2.2": 0.025335617996174235,
        "layer4.0.downsample.0.0": 0.0005448509617088842,
        "layer4.0.downsample.0.1": 0.0011122954242222835,
        "layer4.1.conv1.0": 0.025335617996174235,
        "layer4.1.conv1.1.0": 0.00044535266008900027,
        "layer4.1.conv1.1.1": 8.255317601649761e-06,
        "layer4.1.conv1.1.2": 0.00046963584578274195,
        "layer4.1.conv1.2": 0.025335617996174235,
        "layer4.1.conv2.0": 0.025335617996174235,
        "layer4.1.conv2.1.0": 0.00044535266008900027,
        "layer4.1.conv2.1.1": 8.255317601649761e-06,
        "layer4.1.conv2.1.2": 0.00046963584578274195,
        "layer4.1.conv2.2": 0.025335617996174235,
        "fc": 0.001009389180892875
    },
    "relative_params": {
        "conv1.0": 3.8057832682544393e-06,
        "conv1.1.0": 3.8057832682544393e-06,
        "conv1.1.1": 4.757229085318049e-05,
        "conv1.1.2": 8.119004305609471e-05,
        "conv1.2": 0.001319338199661539,
        "layer1.0.conv1.0": 0.001319338199661539,
        "layer1.0.conv1.1.0": 0.00018553193432740392,
        "layer1.0.conv1.1.1": 2.8543374511908296e-05,
        "layer1.0.conv1.1.2": 0.00020297510764023677,
        "layer1.0.conv1.2": 0.001319338199661539,
        "layer1.0.conv2.0": 0.001319338199661539,
        "layer1.0.conv2.1.0": 0.00018553193432740392,
        "layer1.0.conv2.1.1": 2.8543374511908296e-05,
        "layer1.0.conv2.1.2": 0.00020297510764023677,
        "layer1.0.conv2.2": 0.001319338199661539,
        "layer1.1.conv1.0": 0.001319338199661539,
        "layer1.1.conv1.1.0": 0.00018553193432740392,
        "layer1.1.conv1.1.1": 2.8543374511908296e-05,
        "layer1.1.conv1.1.2": 0.00020297510764023677,
        "layer1.1.conv1.2": 0.001319338199661539,
        "layer1.1.conv2.0": 0.001319338199661539,
        "layer1.1.conv2.1.0": 0.00018553193432740392,
        "layer1.1.conv2.1.1": 2.8543374511908296e-05,
        "layer1.1.conv2.1.2": 0.00020297510764023677,
        "layer1.1.conv2.2": 0.001319338199661539,
        "layer2.0.conv1.0": 0.001319338199661539,
        "layer2.0.conv1.1.0": 0.00018553193432740392,
        "layer2.0.conv1.1.1": 2.8543374511908296e-05,
        "layer2.0.conv1.1.2": 0.00040595021528047354,
        "layer2.0.conv1.2": 0.0052367577771181084,
        "layer2.0.conv2.0": 0.0052367577771181084,
        "layer2.0.conv2.1.0": 0.000368209531203617,
        "layer2.0.conv2.1.1": 2.8543374511908296e-05,
        "layer2.0.conv2.1.2": 0.00040595021528047354,
        "layer2.0.conv2.2": 0.0052367577771181084,
        "layer2.0.downsample.0.0": 0.000453522506133654,
        "layer2.0.downsample.0.1": 0.0009336854951450892,
        "layer2.1.conv1.0": 0.0052367577771181084,
        "layer2.1.conv1.1.0": 0.000368209531203617,
        "layer2.1.conv1.1.1": 2.8543374511908296e-05,
        "layer2.1.conv1.1.2": 0.00040595021528047354,
        "layer2.1.conv1.2": 0.0052367577771181084,
        "layer2.1.conv2.0": 0.0052367577771181084,
        "layer2.1.conv2.1.0": 0.000368209531203617,
        "layer2.1.conv2.1.1": 2.8543374511908296e-05,
        "layer2.1.conv2.1.2": 0.00040595021528047354,
        "layer2.1.conv2.2": 0.0052367577771181084,
        "layer3.0.conv1.0": 0.0052367577771181084,
        "layer3.0.conv1.1.0": 0.000368209531203617,
        "layer3.0.conv1.1.1": 2.8543374511908296e-05,
        "layer3.0.conv1.1.2": 0.0008119004305609471,
        "layer3.0.conv1.2": 0.02086584106541634,
        "layer3.0.conv2.0": 0.02086584106541634,
        "layer3.0.conv2.1.0": 0.0007335647249560432,
        "layer3.0.conv2.1.1": 2.8543374511908296e-05,
        "layer3.0.conv2.1.2": 0.0008119004305609471,
        "layer3.0.conv2.2": 0.02086584106541634,
        "layer3.0.downsample.0.0": 0.000900067742942175,
        "layer3.0.downsample.0.1": 0.0018673709902901783,
        "layer3.1.conv1.0": 0.02086584106541634,