{
    "total_flops": 1026595443,
    "total_params": 3182730,
    "relative_flops": {
        "conv1.0": 0.0010263984777886842,
        "conv1.1.0": 0.0010263984777886842,
        "conv1.1.1": 0.003629051760752848,
        "conv1.1.2": 0.005474125214872983,
        "conv1.2": 0.10088030753123069,
        "layer1.0.conv1.0": 0.02522007688280767,
        "layer1.0.conv1.1.0": 0.0035465733116448288,
        "layer1.0.conv1.1.1": 0.0005223635110174554,
        "layer1.0.conv1.1.2": 0.0037145849672352385,
        "layer1.0.conv1.2": 0.02522007688280767,
        "layer1.0.conv2.0": 0.02522007688280767,
        "layer1.0.conv2.1.0": 0.0035465733116448288,
        "layer1.0.conv2.1.1": 0.0005223635110174554,
        "layer1.0.conv2.1.2": 0.0037145849672352385,
        "layer1.0.conv2.2": 0.02522007688280767,
        "layer1.1.conv1.0": 0.02522007688280767,
        "layer1.1.conv1.1.0": 0.0035465733116448288,
        "layer1.1.conv1.1.1": 0.0005223635110174554,
        "layer1.1.conv1.1.2": 0.0037145849672352385,
        "layer1.1.conv1.2": 0.02522007688280767,
        "layer1.1.conv2.0": 0.02522007688280767,
        "layer1.1.conv2.1.0": 0.0035465733116448288,
        "layer1.1.conv2.1.1": 0.0005223635110174554,
        "layer1.1.conv2.1.2": 0.0037145849672352385,
        "layer1.1.conv2.2": 0.02522007688280767,
        "layer2.0.conv1.0": 0.02522007688280767,
        "layer2.0.conv1.1.0": 0.0035465733116448288,
        "layer2.0.conv1.1.1": 0.00013059087775436386,
        "layer2.0.conv1.1.2": 0.0018572924836176192,
        "layer2.0.conv1.2": 0.025122324646827798,
        "layer2.0.conv2.0": 0.025122324646827798,
        "layer2.0.conv2.1.0": 0.0017664134517300794,
        "layer2.0.conv2.1.1": 0.00013059087775436386,
        "layer2.0.conv2.1.2": 0.0018572924836176192,
        "layer2.0.conv2.2": 0.025122324646827798,
        "layer2.0.downsample.0.0": 0.004334700714232568,
        "layer2.0.downsample.0.1": 0.008699949002208848,
        "layer2.1.conv1.0": 0.025122324646827798,
        "layer2.1.conv1.1.0": 0.0017664134517300794,
        "layer2.1.conv1.1.1": 0.00013059087775436386,
        "layer2.1.conv1.1.2": 0.0018572924836176192,
        "layer2.1.conv1.2": 0.025122324646827798,
        "layer2.1.conv2.0": 0.025122324646827798,
        "layer2.1.conv2.1.0": 0.0017664134517300794,
        "layer2.1.conv2.1.1": 0.00013059087775436386,
        "layer2.1.conv2.1.2": 0.0018572924836176192,
        "layer2.1.conv2.2": 0.025122324646827798,
        "layer3.0.conv1.0": 0.025122324646827798,
        "layer3.0.conv1.1.0": 0.0017664134517300794,
        "layer3.0.conv1.1.1": 3.2647719438590964e-05,
        "layer3.0.conv1.1.2": 0.0009286462418088096,
        "layer3.0.conv1.2": 0.02507344852883786,
        "layer3.0.conv2.0": 0.02507344852883786,
        "layer3.0.conv2.1.0": 0.0008814884248419559,
        "layer3.0.conv2.1.1": 3.2647719438590964e-05,
        "layer3.0.conv2.1.2": 0.0009286462418088096,
        "layer3.0.conv2.2": 0.02507344852883786,
        "layer3.0.downsample.0.0": 0.002158949774336764,
        "layer3.0.downsample.0.1": 0.004349974501104424,
        "layer3.1.conv1.0": 0.02507344852883786,
        "layer3.1.conv1.1.0": 0.0008814884248419559,
        "layer3.1.conv1.1.1": 3.2647719438590964e-05,
        "layer3.1.conv1.1.2": 0.0009286462418088096,
        "layer3.1.conv1.2": 0.02507344852883786,
        "layer3.1.conv2.0": 0.02507344852883786,
        "layer3.1.conv2.1.0": 0.0008814884248419559,
        "layer3.1.conv2.1.1": 3.2647719438590964e-05,
        "layer3.1.conv2.1.2": 0.0009286462418088096,
        "layer3.1.conv2.2": 0.02507344852883786,
        "layer4.0.conv1.0": 0.02507344852883786,
        "layer4.0.conv1.1.0": 0.0008814884248419559,
        "layer4.0.conv1.1.1": 8.161929859647741e-06,
        "layer4.0.conv1.1.2": 0.0004643231209044048,
        "layer4.0.conv1.2": 0.02504901046984289,
        "layer4.0.conv2.0": 0.02504901046984289,
        "layer4.0.conv2.1.0": 0.00044031463716520707,
        "layer4.0.conv2.1.1": 8.161929859647741e-06,
        "layer4.0.conv2.1.2": 0.0004643231209044048,
        "layer4.0.conv2.2": 0.02504901046984289,
        "layer4.0.downsample.0.0": 0.0010773747414735018,
        "layer4.0.downsample.0.1": 0.002174987250552212,
        "layer4.1.conv1.0": 0.02504901046984289,
        "layer4.1.conv1.1.0": 0.00044031463716520707,
        "layer4.1.conv1.1.1": 8.161929859647741e-06,
        "layer4.1.conv1.1.2": 0.0004643231209044048,
        "layer4.1.conv1.2": 0.02504901046984289,
        "layer4.1.conv2.0": 0.02504901046984289,
        "layer4.1.conv2.1.0": 0.00044031463716520707,
        "layer4.1.conv2.1.1": 8.161929859647741e-06,
        "layer4.1.conv2.1.2": 0.0004643231209044048,
        "layer4.1.conv2.2": 0.02504901046984289,
        "fc": 0.0009979705316108636
    },
    "relative_params": {
        "conv1.0": 3.7703480973880915e-06,
        "conv1.1.0": 3.7703480973880915e-06,
        "conv1.1.1": 4.7129351217351144e-05,
        "conv1.1.2": 8.043409274427928e-05,
        "conv1.2": 0.0013070540070945383,
        "layer1.0.conv1.0": 0.0013070540070945383,
        "layer1.0.conv1.1.0": 0.00018380446974766945,
        "layer1.0.conv1.1.1": 2.8277610730410685e-05,
        "layer1.0.conv1.1.2": 0.0002010852318606982,
        "layer1.0.conv1.2": 0.0013070540070945383,
        "layer1.0.conv2.0": 0.0013070540070945383,
        "layer1.0.conv2.1.0": 0.00018380446974766945,
        "layer1.0.conv2.1.1": 2.8277610730410685e-05,
        "layer1.0.conv2.1.2": 0.0002010852318606982,
        "layer1.0.conv2.2": 0.0013070540070945383,
        "layer1.1.conv1.0": 0.0013070540070945383,
        "layer1.1.conv1.1.0": 0.00018380446974766945,
        "layer1.1.conv1.1.1": 2.8277610730410685e-05,
        "layer1.1.conv1.1.2": 0.0002010852318606982,
        "layer1.1.conv1.2": 0.0013070540070945383,
        "layer1.1.conv2.0": 0.0013070540070945383,
        "layer1.1.conv2.1.0": 0.00018380446974766945,
        "layer1.1.conv2.1.1": 2.8277610730410685e-05,
        "layer1.1.conv2.1.2": 0.0002010852318606982,
        "layer1.1.conv2.2": 0.0013070540070945383,
        "layer2.0.conv1.0": 0.0013070540070945383,
        "layer2.0.conv1.1.0": 0.00018380446974766945,
        "layer2.0.conv1.1.1": 2.8277610730410685e-05,
        "layer2.0.conv1.1.2": 0.0004021704637213964,
        "layer2.0.conv1.2": 0.005187998982006014,
        "layer2.0.conv2.0": 0.005187998982006014,
        "layer2.0.conv2.1.0": 0.0003647811784222978,
        "layer2.0.conv2.1.1": 2.8277610730410685e-05,
        "layer2.0.conv2.1.2": 0.0004021704637213964,
        "layer2.0.conv2.2": 0.005187998982006014,
        "layer2.0.downsample.0.0": 0.0008985996298774951,
        "layer2.0.downsample.0.1": 0.0018097670867462839,
        "layer2.1.conv1.0": 0.005187998982006014,
        "layer2.1.conv1.1.0": 0.0003647811784222978,
        "layer2.1.conv1.1.1": 2.8277610730410685e-05,
        "layer2.1.conv1.1.2": 0.0004021704637213964,
        "layer2.1.conv1.2": 0.005187998982006014,
        "layer2.1.conv2.0": 0.005187998982006014,
        "layer2.1.conv2.1.0": 0.0003647811784222978,
        "layer2.1.conv2.1.1": 2.8277610730410685e-05,
        "layer2.1.conv2.1.2": 0.0004021704637213964,
        "layer2.1.conv2.2": 0.005187998982006014,
        "layer3.0.conv1.0": 0.005187998982006014,
        "layer3.0.conv1.1.0": 0.0003647811784222978,
        "layer3.0.conv1.1.1": 2.8277610730410685e-05,
        "layer3.0.conv1.1.2": 0.0008043409274427928,
        "layer3.0.conv1.2": 0.020671561835279774,
        "layer3.0.conv2.0": 0.020671561835279774,
        "layer3.0.conv2.1.0": 0.0007267345957715546,
        "layer3.0.conv2.1.1": 2.8277610730410685e-05,
        "layer3.0.conv2.1.2": 0.0008043409274427928,
        "layer3.0.conv2.2": 0.020671561835279774,
        "layer3.0.downsample.0.0": 0.0017833746500645672,
        "layer3.0.downsample.0.1": 0.0036195341734925677,
        "layer3.1.conv1.0": 0.020671561835279774,