{
    "total_flops": 253953888,
    "total_params": 730752,
    "relative_flops": {
        "conv1.0": 0.033193301612299005,
        "conv1.1": 0.11736203070062862,
        "conv1.2": 0.15490207419072868,
        "layer1.0.conv1.0": 0.03823157060702296,
        "layer1.0.conv1.1": 0.005631006523515009,
        "layer1.0.conv1.2": 0.03872551854768217,
        "layer1.0.conv2.0": 0.03823157060702296,
        "layer1.0.conv2.1": 0.005631006523515009,
        "layer1.0.conv2.2": 0.03872551854768217,
        "layer1.1.conv1.0": 0.03823157060702296,
        "layer1.1.conv1.1": 0.005631006523515009,
        "layer1.1.conv1.2": 0.03872551854768217,
        "layer1.1.conv2.0": 0.03823157060702296,
        "layer1.1.conv2.1": 0.005631006523515009,
        "layer1.1.conv2.2": 0.03872551854768217,
        "layer2.0.conv1.0": 0.03823157060702296,
        "layer2.0.conv1.1": 0.0014077516308787523,
        "layer2.0.conv1.2": 0.019362759273841085,
        "layer2.0.conv2.0": 0.019041693112412595,
        "layer2.0.conv2.1": 0.0014077516308787523,
        "layer2.0.conv2.2": 0.019362759273841085,
        "layer2.0.downsample.0.0": 0.00955789265175574,
        "layer2.0.downsample.0.1": 0.019362759273841085,
        "layer2.1.conv1.0": 0.019041693112412595,
        "layer2.1.conv1.1": 0.0014077516308787523,
        "layer2.1.conv1.2": 0.019362759273841085,
        "layer2.1.conv2.0": 0.019041693112412595,
        "layer2.1.conv2.1": 0.0014077516308787523,
        "layer2.1.conv2.2": 0.019362759273841085,
        "layer3.0.conv1.0": 0.019041693112412595,
        "layer3.0.conv1.1": 0.00035193790771968807,
        "layer3.0.conv1.2": 0.009681379636920543,
        "layer3.0.conv2.0": 0.009502323508431578,
        "layer3.0.conv2.1": 0.00035193790771968807,
        "layer3.0.conv2.2": 0.009681379636920543,
        "layer3.0.downsample.0.0": 0.004760423278103149,
        "layer3.0.downsample.0.1": 0.009681379636920543,
        "layer3.1.conv1.0": 0.009502323508431578,
        "layer3.1.conv1.1": 0.00035193790771968807,
        "layer3.1.conv1.2": 0.009681379636920543,
        "layer3.1.conv2.0": 0.009502323508431578,
        "layer3.1.conv2.1": 0.00035193790771968807,
        "layer3.1.conv2.2": 0.009681379636920543,
        "layer4.0.conv1.0": 0.009502323508431578,
        "layer4.0.conv1.1": 8.798447692992202e-05,
        "layer4.0.conv1.2": 0.004840689818460271,
        "layer4.0.conv2.0": 0.004746530992272109,
        "layer4.0.conv2.1": 8.798447692992202e-05,
        "layer4.0.conv2.2": 0.004840689818460271,
        "layer4.0.downsample.0.0": 0.0023755808771078945,
        "layer4.0.downsample.0.1": 0.004840689818460271,
        "layer4.1.conv1.0": 0.004746530992272109,
        "layer4.1.conv1.1": 8.798447692992202e-05,
        "layer4.1.conv1.2": 0.004840689818460271,
        "layer4.1.conv2.0": 0.004746530992272109,
        "layer4.1.conv2.1": 8.798447692992202e-05,
        "layer4.1.conv2.2": 0.004840689818460271,
        "fc": 0.004034244201057477
    },
    "relative_params": {
        "conv1.0": 0.00013137151865475564,
        "conv1.1": 0.0016421439831844455,
        "conv1.2": 0.002189525310912594,
        "layer1.0.conv1.0": 0.0021347871781397794,
        "layer1.0.conv1.1": 0.0003284287966368891,
        "layer1.0.conv1.2": 0.002189525310912594,
        "layer1.0.conv2.0": 0.0021347871781397794,
        "layer1.0.conv2.1": 0.0003284287966368891,
        "layer1.0.conv2.2": 0.002189525310912594,
        "layer1.1.conv1.0": 0.0021347871781397794,
        "layer1.1.conv1.1": 0.0003284287966368891,
        "layer1.1.conv1.2": 0.002189525310912594,
        "layer1.1.conv2.0": 0.0021347871781397794,
        "layer1.1.conv2.1": 0.0003284287966368891,
        "layer1.1.conv2.2": 0.002189525310912594,
        "layer2.0.conv1.0": 0.0021347871781397794,
        "layer2.0.conv1.1": 0.0003284287966368891,
        "layer2.0.conv1.2": 0.004379050621825188,
        "layer2.0.conv2.0": 0.00423673147661587,
        "layer2.0.conv2.1": 0.0003284287966368891,
        "layer2.0.conv2.2": 0.004379050621825188,
        "layer2.0.downsample.0.0": 0.0021347871781397794,
        "layer2.0.downsample.0.1": 0.004379050621825188,
        "layer2.1.conv1.0": 0.00423673147661587,
        "layer2.1.conv1.1": 0.0003284287966368891,
        "layer2.1.conv1.2": 0.004379050621825188,
        "layer2.1.conv2.0": 0.00423673147661587,
        "layer2.1.conv2.1": 0.0003284287966368891,
        "layer2.1.conv2.2": 0.004379050621825188,
        "layer3.0.conv1.0": 0.00423673147661587,
        "layer3.0.conv1.1": 0.0003284287966368891,
        "layer3.0.conv1.2": 0.008758101243650377,
        "layer3.0.conv2.0": 0.00844062007356805,
        "layer3.0.conv2.1": 0.0003284287966368891,
        "layer3.0.conv2.2": 0.008758101243650377,
        "layer3.0.downsample.0.0": 0.00423673147661587,
        "layer3.0.downsample.0.1": 0.008758101243650377,
        "layer3.1.conv1.0": 0.00844062007356805,
        "layer3.1.conv1.1": 0.0003284287966368891,
        "layer3.1.conv1.2": 0.008758101243650377,
        "layer3.1.conv2.0": 0.00844062007356805,
        "layer3.1.conv2.1": 0.0003284287966368891,
        "layer3.1.conv2.2": 0.008758101243650377,
        "layer4.0.conv1.0": 0.00844062007356805,
        "layer4.0.conv1.1": 0.0003284287966368891,
        "layer4.0.conv1.2": 0.017516202487300753,
        "layer4.0.conv2.0": 0.016848397267472413,
        "layer4.0.conv2.1": 0.0003284287966368891,
        "layer4.0.conv2.2": 0.017516202487300753,
        "layer4.0.downsample.0.0": 0.00844062007356805,
        "layer4.0.downsample.0.1": 0.017516202487300753,
        "layer4.1.conv1.0": 0.016848397267472413,
        "layer4.1.conv1.1": 0.0003284287966368891,
        "layer4.1.conv1.2": 0.017516202487300753,
        "layer4.1.conv2.0": 0.016848397267472413,
        "layer4.1.conv2.1": 0.0003284287966368891,
        "layer4.1.conv2.2": 0.017516202487300753,
        "fc": 0.7020165528113504
    }
}