{
    "total_flops": 525270024,
    "total_params": 961450,
    "relative_flops": {
        "conv1.0": 0.03343347078187732,
        "conv1.1": 0.11821120026449482,
        "conv1.2": 0.1543671108100393,
        "layer1.0.conv1.0": 0.03850819402555513,
        "layer1.0.conv1.1": 0.005671749507639903,
        "layer1.0.conv1.2": 0.03859177770250982,
        "layer1.0.conv2.0": 0.03850819402555513,
        "layer1.0.conv2.1": 0.005671749507639903,
        "layer1.0.conv2.2": 0.03859177770250982,
        "layer1.1.conv1.0": 0.03850819402555513,
        "layer1.1.conv1.1": 0.005671749507639903,
        "layer1.1.conv1.2": 0.03859177770250982,
        "layer1.1.conv2.0": 0.03850819402555513,
        "layer1.1.conv2.1": 0.005671749507639903,
        "layer1.1.conv2.2": 0.03859177770250982,
        "layer2.0.conv1.0": 0.03850819402555513,
        "layer2.0.conv1.1": 0.0014179373769099756,
        "layer2.0.conv1.2": 0.01929588885125491,
        "layer2.0.conv2.0": 0.019179468729782302,
        "layer2.0.conv2.1": 0.0014179373769099756,
        "layer2.0.conv2.2": 0.01929588885125491,
        "layer2.0.downsample.0.0": 0.009627048506388782,
        "layer2.0.downsample.0.1": 0.01929588885125491,
        "layer2.1.conv1.0": 0.019179468729782302,
        "layer2.1.conv1.1": 0.0014179373769099756,
        "layer2.1.conv1.2": 0.01929588885125491,
        "layer2.1.conv2.0": 0.019179468729782302,
        "layer2.1.conv2.1": 0.0014179373769099756,
        "layer2.1.conv2.2": 0.01929588885125491,
        "layer3.0.conv1.0": 0.019179468729782302,
        "layer3.0.conv1.1": 0.0003544843442274939,
        "layer3.0.conv1.2": 0.009647944425627455,
        "layer3.0.conv2.0": 0.009571077294142336,
        "layer3.0.conv2.1": 0.0003544843442274939,
        "layer3.0.conv2.2": 0.009647944425627455,
        "layer3.0.downsample.0.0": 0.0047948671824455755,
        "layer3.0.downsample.0.1": 0.009647944425627455,
        "layer3.1.conv1.0": 0.009571077294142336,
        "layer3.1.conv1.1": 0.0003544843442274939,
        "layer3.1.conv1.2": 0.009647944425627455,
        "layer3.1.conv2.0": 0.009571077294142336,
        "layer3.1.conv2.1": 0.0003544843442274939,
        "layer3.1.conv2.2": 0.009647944425627455,
        "layer4.0.conv1.0": 0.009571077294142336,
        "layer4.0.conv1.1": 8.862108605687348e-05,
        "layer4.0.conv1.2": 0.004823972212813728,
        "layer4.0.conv2.0": 0.004780874379383964,
        "layer4.0.conv2.1": 8.862108605687348e-05,
        "layer4.0.conv2.2": 0.004823972212813728,
        "layer4.0.downsample.0.0": 0.002392769323535584,
        "layer4.0.downsample.0.1": 0.004823972212813728,
        "layer4.1.conv1.0": 0.004780874379383964,
        "layer4.1.conv1.1": 8.862108605687348e-05,
        "layer4.1.conv1.2": 0.004823972212813728,
        "layer4.1.conv2.0": 0.004780874379383964,
        "layer4.1.conv2.1": 8.862108605687348e-05,
        "layer4.1.conv2.2": 0.004823972212813728,
        "fc": 0.0019504482517357586
    },
    "relative_params": {
        "conv1.0": 0.00020801913776067398,
        "conv1.1": 0.002600239222008425,
        "conv1.2": 0.0033948723282541996,
        "layer1.0.conv1.0": 0.0033803109886109523,
        "layer1.0.conv1.1": 0.0005200478444016849,
        "layer1.0.conv1.2": 0.0033948723282541996,
        "layer1.0.conv2.0": 0.0033803109886109523,
        "layer1.0.conv2.1": 0.0005200478444016849,
        "layer1.0.conv2.2": 0.0033948723282541996,
        "layer1.1.conv1.0": 0.0033803109886109523,
        "layer1.1.conv1.1": 0.0005200478444016849,
        "layer1.1.conv1.2": 0.0033948723282541996,
        "layer1.1.conv2.0": 0.0033803109886109523,
        "layer1.1.conv2.1": 0.0005200478444016849,
        "layer1.1.conv2.2": 0.0033948723282541996,
        "layer2.0.conv1.0": 0.0033803109886109523,
        "layer2.0.conv1.1": 0.0005200478444016849,
        "layer2.0.conv1.2": 0.006789744656508399,
        "layer2.0.conv2.0": 0.006708617192781736,
        "layer2.0.conv2.1": 0.0005200478444016849,
        "layer2.0.conv2.2": 0.006789744656508399,
        "layer2.0.downsample.0.0": 0.0033803109886109523,
        "layer2.0.downsample.0.1": 0.006789744656508399,
        "layer2.1.conv1.0": 0.006708617192781736,
        "layer2.1.conv1.1": 0.0005200478444016849,
        "layer2.1.conv1.2": 0.006789744656508399,
        "layer2.1.conv2.0": 0.006708617192781736,
        "layer2.1.conv2.1": 0.0005200478444016849,
        "layer2.1.conv2.2": 0.006789744656508399,
        "layer3.0.conv1.0": 0.006708617192781736,
        "layer3.0.conv1.1": 0.0005200478444016849,
        "layer3.0.conv1.2": 0.013579489313016798,
        "layer3.0.conv2.0": 0.013365229601123303,
        "layer3.0.conv2.1": 0.0005200478444016849,
        "layer3.0.conv2.2": 0.013579489313016798,
        "layer3.0.downsample.0.0": 0.006708617192781736,
        "layer3.0.downsample.0.1": 0.013579489313016798,
        "layer3.1.conv1.0": 0.013365229601123303,
        "layer3.1.conv1.1": 0.0005200478444016849,
        "layer3.1.conv1.2": 0.013579489313016798,
        "layer3.1.conv2.0": 0.013365229601123303,
        "layer3.1.conv2.1": 0.0005200478444016849,
        "layer3.1.conv2.2": 0.013579489313016798,
        "layer4.0.conv1.0": 0.013365229601123303,
        "layer4.0.conv1.1": 0.0005200478444016849,
        "layer4.0.conv1.2": 0.027158978626033597,
        "layer4.0.conv2.0": 0.02667845441780644,
        "layer4.0.conv2.1": 0.0005200478444016849,
        "layer4.0.conv2.2": 0.027158978626033597,
        "layer4.0.downsample.0.0": 0.013365229601123303,
        "layer4.0.downsample.0.1": 0.027158978626033597,
        "layer4.1.conv1.0": 0.02667845441780644,
        "layer4.1.conv1.1": 0.0005200478444016849,
        "layer4.1.conv1.2": 0.027158978626033597,
        "layer4.1.conv2.0": 0.02667845441780644,
        "layer4.1.conv2.1": 0.0005200478444016849,
        "layer4.1.conv2.2": 0.027158978626033597,
        "fc": 0.5335690883561288
    }
}