{
    "total_flops": 295694832,
    "total_params": 766244,
    "relative_flops": {
        "conv1.0": 0.033258937714542136,
        "conv1.1": 0.11759410120498826,
        "conv1.2": 0.15475587344725728,
        "layer1.0.conv1.0": 0.038307169331927994,
        "layer1.0.conv1.1": 0.005642141219431255,
        "layer1.0.conv1.2": 0.03868896836181432,
        "layer1.0.conv2.0": 0.038307169331927994,
        "layer1.0.conv2.1": 0.005642141219431255,
        "layer1.0.conv2.2": 0.03868896836181432,
        "layer1.1.conv1.0": 0.038307169331927994,
        "layer1.1.conv1.1": 0.005642141219431255,
        "layer1.1.conv1.2": 0.03868896836181432,
        "layer1.1.conv2.0": 0.038307169331927994,
        "layer1.1.conv2.1": 0.005642141219431255,
        "layer1.1.conv2.2": 0.03868896836181432,
        "layer2.0.conv1.0": 0.038307169331927994,
        "layer2.0.conv1.1": 0.0014105353048578138,
        "layer2.0.conv1.2": 0.01934448418090716,
        "layer2.0.conv2.0": 0.019079345965708323,
        "layer2.0.conv2.1": 0.0014105353048578138,
        "layer2.0.conv2.2": 0.01934448418090716,
        "layer2.0.downsample.0.0": 0.009576792332981999,
        "layer2.0.downsample.0.1": 0.01934448418090716,
        "layer2.1.conv1.0": 0.019079345965708323,
        "layer2.1.conv1.1": 0.0014105353048578138,
        "layer2.1.conv1.2": 0.01934448418090716,
        "layer2.1.conv2.0": 0.019079345965708323,
        "layer2.1.conv2.1": 0.0014105353048578138,
        "layer2.1.conv2.2": 0.01934448418090716,
        "layer3.0.conv1.0": 0.019079345965708323,
        "layer3.0.conv1.1": 0.00035263382621445344,
        "layer3.0.conv1.2": 0.00967224209045358,
        "layer3.0.conv2.0": 0.009521113307790242,
        "layer3.0.conv2.1": 0.00035263382621445344,
        "layer3.0.conv2.2": 0.00967224209045358,
        "layer3.0.downsample.0.0": 0.004769836491427081,
        "layer3.0.downsample.0.1": 0.00967224209045358,
        "layer3.1.conv1.0": 0.009521113307790242,
        "layer3.1.conv1.1": 0.00035263382621445344,
        "layer3.1.conv1.2": 0.00967224209045358,
        "layer3.1.conv2.0": 0.009521113307790242,
        "layer3.1.conv2.1": 0.00035263382621445344,
        "layer3.1.conv2.2": 0.00967224209045358,
        "layer4.0.conv1.0": 0.009521113307790242,
        "layer4.0.conv1.1": 8.815845655361336e-05,
        "layer4.0.conv1.2": 0.00483612104522679,
        "layer4.0.conv2.0": 0.004755916735129141,
        "layer4.0.conv2.1": 8.815845655361336e-05,
        "layer4.0.conv2.2": 0.00483612104522679,
        "layer4.0.downsample.0.0": 0.0023802783269475606,
        "layer4.0.downsample.0.1": 0.00483612104522679,
        "layer4.1.conv1.0": 0.004755916735129141,
        "layer4.1.conv1.1": 8.815845655361336e-05,
        "layer4.1.conv1.2": 0.00483612104522679,
        "layer4.1.conv2.0": 0.004755916735129141,
        "layer4.1.conv2.1": 8.815845655361336e-05,
        "layer4.1.conv2.2": 0.00483612104522679,
        "fc": 0.0034647612644106
    },
    "relative_params": {
        "conv1.0": 0.00014616753932167822,
        "conv1.1": 0.0018270942415209777,
        "conv1.2": 0.0024222049373306674,
        "layer1.0.conv1.0": 0.002375222513977271,
        "layer1.0.conv1.1": 0.00036541884830419556,
        "layer1.0.conv1.2": 0.0024222049373306674,
        "layer1.0.conv2.0": 0.002375222513977271,
        "layer1.0.conv2.1": 0.00036541884830419556,
        "layer1.0.conv2.2": 0.0024222049373306674,
        "layer1.1.conv1.0": 0.002375222513977271,
        "layer1.1.conv1.1": 0.00036541884830419556,
        "layer1.1.conv1.2": 0.0024222049373306674,
        "layer1.1.conv2.0": 0.002375222513977271,
        "layer1.1.conv2.1": 0.00036541884830419556,
        "layer1.1.conv2.2": 0.0024222049373306674,
        "layer2.0.conv1.0": 0.002375222513977271,
        "layer2.0.conv1.1": 0.00036541884830419556,
        "layer2.0.conv1.2": 0.004844409874661335,
        "layer2.0.conv2.0": 0.004713903143124122,
        "layer2.0.conv2.1": 0.00036541884830419556,
        "layer2.0.conv2.2": 0.004844409874661335,
        "layer2.0.downsample.0.0": 0.002375222513977271,
        "layer2.0.downsample.0.1": 0.004844409874661335,
        "layer2.1.conv1.0": 0.004713903143124122,
        "layer2.1.conv1.1": 0.00036541884830419556,
        "layer2.1.conv1.2": 0.004844409874661335,
        "layer2.1.conv2.0": 0.004713903143124122,
        "layer2.1.conv2.1": 0.00036541884830419556,
        "layer2.1.conv2.2": 0.004844409874661335,
        "layer3.0.conv1.0": 0.004713903143124122,
        "layer3.0.conv1.1": 0.00036541884830419556,
        "layer3.0.conv1.2": 0.00968881974932267,
        "layer3.0.conv2.0": 0.009391264401417826,
        "layer3.0.conv2.1": 0.00036541884830419556,
        "layer3.0.conv2.2": 0.00968881974932267,
        "layer3.0.downsample.0.0": 0.004713903143124122,
        "layer3.0.downsample.0.1": 0.00968881974932267,
        "layer3.1.conv1.0": 0.009391264401417826,
        "layer3.1.conv1.1": 0.00036541884830419556,
        "layer3.1.conv1.2": 0.00968881974932267,
        "layer3.1.conv2.0": 0.009391264401417826,
        "layer3.1.conv2.1": 0.00036541884830419556,
        "layer3.1.conv2.2": 0.00968881974932267,
        "layer4.0.conv1.0": 0.009391264401417826,
        "layer4.0.conv1.1": 0.00036541884830419556,
        "layer4.0.conv1.2": 0.01937763949864534,
        "layer4.0.conv2.0": 0.01874598691800523,
        "layer4.0.conv2.1": 0.00036541884830419556,
        "layer4.0.conv2.2": 0.01937763949864534,
        "layer4.0.downsample.0.0": 0.009391264401417826,
        "layer4.0.downsample.0.1": 0.01937763949864534,
        "layer4.1.conv1.0": 0.01874598691800523,
        "layer4.1.conv1.1": 0.00036541884830419556,
        "layer4.1.conv1.2": 0.01937763949864534,
        "layer4.1.conv2.0": 0.01874598691800523,
        "layer4.1.conv2.1": 0.00036541884830419556,
        "layer4.1.conv2.2": 0.01937763949864534,
        "fc": 0.6694995327859011
    }
}