{
    "total_flops": 514834788,
    "total_params": 952577,
    "relative_flops": {
        "conv1.0": 0.03342891428696539,
        "conv1.1": 0.11819508980034193,
        "conv1.2": 0.15437726014738537,
        "layer1.0.conv1.0": 0.03850294591980836,
        "layer1.0.conv1.1": 0.005670976530824486,
        "layer1.0.conv1.2": 0.03859431503684634,
        "layer1.0.conv2.0": 0.03850294591980836,
        "layer1.0.conv2.1": 0.005670976530824486,
        "layer1.0.conv2.2": 0.03859431503684634,
        "layer1.1.conv1.0": 0.03850294591980836,
        "layer1.1.conv1.1": 0.005670976530824486,
        "layer1.1.conv1.2": 0.03859431503684634,
        "layer1.1.conv2.0": 0.03850294591980836,
        "layer1.1.conv2.1": 0.005670976530824486,
        "layer1.1.conv2.2": 0.03859431503684634,
        "layer2.0.conv1.0": 0.03850294591980836,
        "layer2.0.conv1.1": 0.0014177441327061216,
        "layer2.0.conv1.2": 0.01929715751842317,
        "layer2.0.conv2.0": 0.019176854847656487,
        "layer2.0.conv2.1": 0.0014177441327061216,
        "layer2.0.conv2.2": 0.01929715751842317,
        "layer2.0.downsample.0.0": 0.00962573647995209,
        "layer2.0.downsample.0.1": 0.01929715751842317,
        "layer2.1.conv1.0": 0.019176854847656487,
        "layer2.1.conv1.1": 0.0014177441327061216,
        "layer2.1.conv1.2": 0.01929715751842317,
        "layer2.1.conv2.0": 0.019176854847656487,
        "layer2.1.conv2.1": 0.0014177441327061216,
        "layer2.1.conv2.2": 0.01929715751842317,
        "layer3.0.conv1.0": 0.019176854847656487,
        "layer3.0.conv1.1": 0.0003544360331765304,
        "layer3.0.conv1.2": 0.009648578759211586,
        "layer3.0.conv2.0": 0.009569772895766321,
        "layer3.0.conv2.1": 0.0003544360331765304,
        "layer3.0.conv2.2": 0.009648578759211586,
        "layer3.0.downsample.0.0": 0.004794213711914122,
        "layer3.0.downsample.0.1": 0.009648578759211586,
        "layer3.1.conv1.0": 0.009569772895766321,
        "layer3.1.conv1.1": 0.0003544360331765304,
        "layer3.1.conv1.2": 0.009648578759211586,
        "layer3.1.conv2.0": 0.009569772895766321,
        "layer3.1.conv2.1": 0.0003544360331765304,
        "layer3.1.conv2.2": 0.009648578759211586,
        "layer4.0.conv1.0": 0.009569772895766321,
        "layer4.0.conv1.1": 8.86090082941326e-05,
        "layer4.0.conv1.2": 0.004824289379605793,
        "layer4.0.conv2.0": 0.00478022281586768,
        "layer4.0.conv2.1": 8.86090082941326e-05,
        "layer4.0.conv2.2": 0.004824289379605793,
        "layer4.0.downsample.0.0": 0.0023924432239415803,
        "layer4.0.downsample.0.1": 0.004824289379605793,
        "layer4.1.conv1.0": 0.00478022281586768,
        "layer4.1.conv1.1": 8.86090082941326e-05,
        "layer4.1.conv1.2": 0.004824289379605793,
        "layer4.1.conv2.0": 0.00478022281586768,
        "layer4.1.conv2.1": 8.86090082941326e-05,
        "layer4.1.conv2.2": 0.004824289379605793,
        "fc": 0.0019899820755702314
    },
    "relative_params": {
        "conv1.0": 0.00020575764478882023,
        "conv1.1": 0.0025719705598602526,
        "conv1.2": 0.003359308486348085,
        "layer1.0.conv1.0": 0.0033435617278183287,
        "layer1.0.conv1.1": 0.0005143941119720506,
        "layer1.0.conv1.2": 0.003359308486348085,
        "layer1.0.conv2.0": 0.0033435617278183287,
        "layer1.0.conv2.1": 0.0005143941119720506,
        "layer1.0.conv2.2": 0.003359308486348085,
        "layer1.1.conv1.0": 0.0033435617278183287,
        "layer1.1.conv1.1": 0.0005143941119720506,
        "layer1.1.conv1.2": 0.003359308486348085,
        "layer1.1.conv2.0": 0.0033435617278183287,
        "layer1.1.conv2.1": 0.0005143941119720506,
        "layer1.1.conv2.2": 0.003359308486348085,
        "layer2.0.conv1.0": 0.0033435617278183287,
        "layer2.0.conv1.1": 0.0005143941119720506,
        "layer2.0.conv1.2": 0.00671861697269617,
        "layer2.0.conv2.0": 0.006635684044439452,
        "layer2.0.conv2.1": 0.0005143941119720506,
        "layer2.0.conv2.2": 0.00671861697269617,
        "layer2.0.downsample.0.0": 0.0033435617278183287,
        "layer2.0.downsample.0.1": 0.00671861697269617,
        "layer2.1.conv1.0": 0.006635684044439452,
        "layer2.1.conv1.1": 0.0005143941119720506,
        "layer2.1.conv1.2": 0.00671861697269617,
        "layer2.1.conv2.0": 0.006635684044439452,
        "layer2.1.conv2.1": 0.0005143941119720506,
        "layer2.1.conv2.2": 0.00671861697269617,
        "layer3.0.conv1.0": 0.006635684044439452,
        "layer3.0.conv1.1": 0.0005143941119720506,
        "layer3.0.conv1.2": 0.01343723394539234,
        "layer3.0.conv2.0": 0.0132199286776817,
        "layer3.0.conv2.1": 0.0005143941119720506,
        "layer3.0.conv2.2": 0.01343723394539234,
        "layer3.0.downsample.0.0": 0.006635684044439452,
        "layer3.0.downsample.0.1": 0.01343723394539234,
        "layer3.1.conv1.0": 0.0132199286776817,
        "layer3.1.conv1.1": 0.0005143941119720506,
        "layer3.1.conv1.2": 0.01343723394539234,
        "layer3.1.conv2.0": 0.0132199286776817,
        "layer3.1.conv2.1": 0.0005143941119720506,
        "layer3.1.conv2.2": 0.01343723394539234,
        "layer4.0.conv1.0": 0.0132199286776817,
        "layer4.0.conv1.1": 0.0005143941119720506,
        "layer4.0.conv1.2": 0.02687446789078468,
        "layer4.0.conv2.0": 0.026388417944166194,
        "layer4.0.conv2.1": 0.0005143941119720506,
        "layer4.0.conv2.2": 0.02687446789078468,
        "layer4.0.downsample.0.0": 0.0132199286776817,
        "layer4.0.downsample.0.1": 0.02687446789078468,
        "layer4.1.conv1.0": 0.026388417944166194,
        "layer4.1.conv1.1": 0.0005143941119720506,
        "layer4.1.conv1.2": 0.02687446789078468,
        "layer4.1.conv2.0": 0.026388417944166194,
        "layer4.1.conv2.1": 0.0005143941119720506,
        "layer4.1.conv2.2": 0.02687446789078468,
        "fc": 0.5385391417176774
    }
}