{
    "total_flops": 1009175502,
    "total_params": 3138279,
    "relative_flops": {
        "conv1.0": 0.0010441157141763435,
        "conv1.1.0": 0.0010441157141763435,
        "conv1.1.1": 0.0036916948465520716,
        "conv1.1.2": 0.005568617142273832,
        "conv1.2": 0.10262165876476062,
        "layer1.0.conv1.0": 0.025655414691190155,
        "layer1.0.conv1.1.0": 0.0036077926909486155,
        "layer1.0.conv1.1.1": 0.0005313803188218892,
        "layer1.0.conv1.1.2": 0.0037787044894001002,
        "layer1.0.conv1.2": 0.025655414691190155,
        "layer1.0.conv2.0": 0.025655414691190155,
        "layer1.0.conv2.1.0": 0.0036077926909486155,
        "layer1.0.conv2.1.1": 0.0005313803188218892,
        "layer1.0.conv2.1.2": 0.0037787044894001002,
        "layer1.0.conv2.2": 0.025655414691190155,
        "layer1.1.conv1.0": 0.025655414691190155,
        "layer1.1.conv1.1.0": 0.0036077926909486155,
        "layer1.1.conv1.1.1": 0.0005313803188218892,
        "layer1.1.conv1.1.2": 0.0037787044894001002,
        "layer1.1.conv1.2": 0.025655414691190155,
        "layer1.1.conv2.0": 0.025655414691190155,
        "layer1.1.conv2.1.0": 0.0036077926909486155,
        "layer1.1.conv2.1.1": 0.0005313803188218892,
        "layer1.1.conv2.1.2": 0.0037787044894001002,
        "layer1.1.conv2.2": 0.025655414691190155,
        "layer2.0.conv1.0": 0.025655414691190155,
        "layer2.0.conv1.1.0": 0.0036077926909486155,
        "layer2.0.conv1.1.1": 0.0001328450797054723,
        "layer2.0.conv1.1.2": 0.0018893522447000501,
        "layer2.0.conv1.2": 0.025555975099363838,
        "layer2.0.conv2.0": 0.025555975099363838,
        "layer2.0.conv2.1.0": 0.0017969044991740198,
        "layer2.0.conv2.1.1": 0.0001328450797054723,
        "layer2.0.conv2.1.2": 0.0018893522447000501,
        "layer2.0.conv2.2": 0.025555975099363838,
        "layer2.0.downsample.0.0": 0.001102381100012077,
        "layer2.0.downsample.0.1": 0.0022871106120053238,
        "layer2.1.conv1.0": 0.025555975099363838,
        "layer2.1.conv1.1.0": 0.0017969044991740198,
        "layer2.1.conv1.1.1": 0.0001328450797054723,
        "layer2.1.conv1.1.2": 0.0018893522447000501,
        "layer2.1.conv1.2": 0.025555975099363838,
        "layer2.1.conv2.0": 0.025555975099363838,
        "layer2.1.conv2.1.0": 0.0017969044991740198,
        "layer2.1.conv2.1.1": 0.0001328450797054723,
        "layer2.1.conv2.1.2": 0.0018893522447000501,
        "layer2.1.conv2.2": 0.025555975099363838,
        "layer3.0.conv1.0": 0.025555975099363838,
        "layer3.0.conv1.1.0": 0.0017969044991740198,
        "layer3.0.conv1.1.1": 3.321126992636807e-05,
        "layer3.0.conv1.1.2": 0.0009446761223500251,
        "layer3.0.conv1.2": 0.025506255303450676,
        "layer3.0.conv2.0": 0.025506255303450676,
        "layer3.0.conv2.1.0": 0.0008967042880119379,
        "layer3.0.conv2.1.1": 3.321126992636807e-05,
        "layer3.0.conv2.1.2": 0.0009446761223500251,
        "layer3.0.conv2.2": 0.025506255303450676,
        "layer3.0.downsample.0.0": 0.000549054152525395,
        "layer3.0.downsample.0.1": 0.0011435553060026619,
        "layer3.1.conv1.0": 0.025506255303450676,
        "layer3.1.conv1.1.0": 0.0008967042880119379,
        "layer3.1.conv1.1.1": 3.321126992636807e-05,
        "layer3.1.conv1.1.2": 0.0009446761223500251,
        "layer3.1.conv1.2": 0.025506255303450676,
        "layer3.1.conv2.0": 0.025506255303450676,
        "layer3.1.conv2.1.0": 0.0008967042880119379,
        "layer3.1.conv2.1.1": 3.321126992636807e-05,
        "layer3.1.conv2.1.2": 0.0009446761223500251,
        "layer3.1.conv2.2": 0.025506255303450676,
        "layer4.0.conv1.0": 0.025506255303450676,
        "layer4.0.conv1.1.0": 0.0008967042880119379,
        "layer4.0.conv1.1.1": 8.302817481592018e-06,
        "layer4.0.conv1.1.2": 0.00047233806117501253,
        "layer4.0.conv1.2": 0.025481395405494097,
        "layer4.0.conv2.0": 0.025481395405494097,
        "layer4.0.conv2.1.0": 0.00044791515361220093,
        "layer4.0.conv2.1.1": 8.302817481592018e-06,
        "layer4.0.conv2.1.2": 0.00047233806117501253,
        "layer4.0.conv2.2": 0.025481395405494097,
        "layer4.0.downsample.0.0": 0.00027399297689253657,
        "layer4.0.downsample.0.1": 0.0005717776530013309,
        "layer4.1.conv1.0": 0.025481395405494097,
        "layer4.1.conv1.1.0": 0.00044791515361220093,
        "layer4.1.conv1.1.1": 8.302817481592018e-06,
        "layer4.1.conv1.1.2": 0.00047233806117501253,
        "layer4.1.conv1.2": 0.025481395405494097,
        "layer4.1.conv2.0": 0.025481395405494097,
        "layer4.1.conv2.1.0": 0.00044791515361220093,
        "layer4.1.conv2.1.1": 8.302817481592018e-06,
        "layer4.1.conv2.1.2": 0.00047233806117501253,
        "layer4.1.conv2.2": 0.025481395405494097,
        "fc": 0.0010151970573697101
    },
    "relative_params": {
        "conv1.0": 3.823751807917652e-06,
        "conv1.1.0": 3.823751807917652e-06,
        "conv1.1.1": 4.779689759897064e-05,
        "conv1.1.2": 8.157337190224324e-05,
        "conv1.2": 0.0013255672934114526,
        "layer1.0.conv1.0": 0.0013255672934114526,
        "layer1.0.conv1.1.0": 0.00018640790063598553,
        "layer1.0.conv1.1.1": 2.8678138559382388e-05,
        "layer1.0.conv1.1.2": 0.00020393342975560808,
        "layer1.0.conv1.2": 0.0013255672934114526,
        "layer1.0.conv2.0": 0.0013255672934114526,
        "layer1.0.conv2.1.0": 0.00018640790063598553,
        "layer1.0.conv2.1.1": 2.8678138559382388e-05,
        "layer1.0.conv2.1.2": 0.00020393342975560808,
        "layer1.0.conv2.2": 0.0013255672934114526,
        "layer1.1.conv1.0": 0.0013255672934114526,
        "layer1.1.conv1.1.0": 0.00018640790063598553,
        "layer1.1.conv1.1.1": 2.8678138559382388e-05,
        "layer1.1.conv1.1.2": 0.00020393342975560808,
        "layer1.1.conv1.2": 0.0013255672934114526,
        "layer1.1.conv2.0": 0.0013255672934114526,
        "layer1.1.conv2.1.0": 0.00018640790063598553,
        "layer1.1.conv2.1.1": 2.8678138559382388e-05,
        "layer1.1.conv2.1.2": 0.00020393342975560808,
        "layer1.1.conv2.2": 0.0013255672934114526,
        "layer2.0.conv1.0": 0.0013255672934114526,
        "layer2.0.conv1.1.0": 0.00018640790063598553,
        "layer2.0.conv1.1.1": 2.8678138559382388e-05,
        "layer2.0.conv1.1.2": 0.00040786685951121616,
        "layer2.0.conv1.2": 0.005261482487694689,
        "layer2.0.conv2.0": 0.005261482487694689,
        "layer2.0.conv2.1.0": 0.0003699479874160328,
        "layer2.0.conv2.1.1": 2.8678138559382388e-05,
        "layer2.0.conv2.1.2": 0.00040786685951121616,
        "layer2.0.conv2.2": 0.005261482487694689,
        "layer2.0.downsample.0.0": 0.0002278318785550934,
        "layer2.0.downsample.0.1": 0.0004894402314134594,
        "layer2.1.conv1.0": 0.005261482487694689,
        "layer2.1.conv1.1.0": 0.0003699479874160328,
        "layer2.1.conv1.1.1": 2.8678138559382388e-05,
        "layer2.1.conv1.1.2": 0.00040786685951121616,
        "layer2.1.conv1.2": 0.005261482487694689,
        "layer2.1.conv2.0": 0.005261482487694689,
        "layer2.1.conv2.1.0": 0.0003699479874160328,
        "layer2.1.conv2.1.1": 2.8678138559382388e-05,
        "layer2.1.conv2.1.2": 0.00040786685951121616,
        "layer2.1.conv2.2": 0.005261482487694689,
        "layer3.0.conv1.0": 0.005261482487694689,
        "layer3.0.conv1.1.0": 0.0003699479874160328,
        "layer3.0.conv1.1.1": 2.8678138559382388e-05,
        "layer3.0.conv1.1.2": 0.0008157337190224323,
        "layer3.0.conv1.2": 0.020964356578876513,
        "layer3.0.conv2.0": 0.020964356578876513,
        "layer3.0.conv2.1.0": 0.0007370281609761273,
        "layer3.0.conv2.1.1": 2.8678138559382388e-05,
        "layer3.0.conv2.1.2": 0.0008157337190224323,
        "layer3.0.conv2.2": 0.020964356578876513,
        "layer3.0.downsample.0.0": 0.0004521586512862623,
        "layer3.0.downsample.0.1": 0.0009788804628269188,
        "layer3.1.conv1.0": 0.020964356578876513,