{
    "total_flops": 45249168,
    "total_params": 553292,
    "relative_flops": {
        "conv1.0": 0.03104870348113362,
        "conv1.1": 0.10977934445115102,
        "conv1.2": 0.15967904647440148,
        "layer1.0.conv1.0": 0.03576145311666283,
        "layer1.0.conv1.1": 0.005267190769120882,
        "layer1.0.conv1.2": 0.03991976161860037,
        "layer1.0.conv2.0": 0.03576145311666283,
        "layer1.0.conv2.1": 0.005267190769120882,
        "layer1.0.conv2.2": 0.03991976161860037,
        "layer1.1.conv1.0": 0.03576145311666283,
        "layer1.1.conv1.1": 0.005267190769120882,
        "layer1.1.conv1.2": 0.03991976161860037,
        "layer1.1.conv2.0": 0.03576145311666283,
        "layer1.1.conv2.1": 0.005267190769120882,
        "layer1.1.conv2.2": 0.03991976161860037,
        "layer2.0.conv1.0": 0.03576145311666283,
        "layer2.0.conv1.1": 0.0013167976922802205,
        "layer2.0.conv1.2": 0.019959880809300185,
        "layer2.0.conv2.0": 0.017811421416632455,
        "layer2.0.conv2.1": 0.0013167976922802205,
        "layer2.0.conv2.2": 0.019959880809300185,
        "layer2.0.downsample.0.0": 0.008940363279165708,
        "layer2.0.downsample.0.1": 0.019959880809300185,
        "layer2.1.conv1.0": 0.017811421416632455,
        "layer2.1.conv1.1": 0.0013167976922802205,
        "layer2.1.conv1.2": 0.019959880809300185,
        "layer2.1.conv2.0": 0.017811421416632455,
        "layer2.1.conv2.1": 0.0013167976922802205,
        "layer2.1.conv2.2": 0.019959880809300185,
        "layer3.0.conv1.0": 0.017811421416632455,
        "layer3.0.conv1.1": 0.00032919942307005513,
        "layer3.0.conv1.2": 0.009979940404650093,
        "layer3.0.conv2.0": 0.008888384422891488,
        "layer3.0.conv2.1": 0.00032919942307005513,
        "layer3.0.conv2.2": 0.009979940404650093,
        "layer3.0.downsample.0.0": 0.004452855354158114,
        "layer3.0.downsample.0.1": 0.009979940404650093,
        "layer3.1.conv1.0": 0.008888384422891488,
        "layer3.1.conv1.1": 0.00032919942307005513,
        "layer3.1.conv1.2": 0.009979940404650093,
        "layer3.1.conv2.0": 0.008888384422891488,
        "layer3.1.conv2.1": 0.00032919942307005513,
        "layer3.1.conv2.2": 0.009979940404650093,
        "layer4.0.conv1.0": 0.008888384422891488,
        "layer4.0.conv1.1": 8.229985576751378e-05,
        "layer4.0.conv1.2": 0.004989970202325046,
        "layer4.0.conv2.0": 0.004439860640089559,
        "layer4.0.conv2.1": 8.229985576751378e-05,
        "layer4.0.conv2.2": 0.004989970202325046,
        "layer4.0.downsample.0.0": 0.002222096105722872,
        "layer4.0.downsample.0.1": 0.004989970202325046,
        "layer4.1.conv1.0": 0.004439860640089559,
        "layer4.1.conv1.1": 8.229985576751378e-05,
        "layer4.1.conv1.2": 0.004989970202325046,
        "layer4.1.conv2.0": 0.004439860640089559,
        "layer4.1.conv2.1": 8.229985576751378e-05,
        "layer4.1.conv2.2": 0.004989970202325046,
        "fc": 0.022641565475855822
    },
    "relative_params": {
        "conv1.0": 2.891782277712311e-05,
        "conv1.1": 0.00036147278471403886,
        "conv1.2": 0.0005783564555424622,
        "layer1.0.conv1.0": 0.00046991462012825055,
        "layer1.0.conv1.1": 7.229455694280777e-05,
        "layer1.0.conv1.2": 0.0005783564555424622,
        "layer1.0.conv2.0": 0.00046991462012825055,
        "layer1.0.conv2.1": 7.229455694280777e-05,
        "layer1.0.conv2.2": 0.0005783564555424622,
        "layer1.1.conv1.0": 0.00046991462012825055,
        "layer1.1.conv1.1": 7.229455694280777e-05,
        "layer1.1.conv1.2": 0.0005783564555424622,
        "layer1.1.conv2.0": 0.00046991462012825055,
        "layer1.1.conv2.1": 7.229455694280777e-05,
        "layer1.1.conv2.2": 0.0005783564555424622,
        "layer2.0.conv1.0": 0.00046991462012825055,
        "layer2.0.conv1.1": 7.229455694280777e-05,
        "layer2.0.conv1.2": 0.0011567129110849244,
        "layer2.0.conv2.0": 0.0009325997845622203,
        "layer2.0.conv2.1": 7.229455694280777e-05,
        "layer2.0.conv2.2": 0.0011567129110849244,
        "layer2.0.downsample.0.0": 0.00046991462012825055,
        "layer2.0.downsample.0.1": 0.0011567129110849244,
        "layer2.1.conv1.0": 0.0009325997845622203,
        "layer2.1.conv1.1": 7.229455694280777e-05,
        "layer2.1.conv1.2": 0.0011567129110849244,
        "layer2.1.conv2.0": 0.0009325997845622203,
        "layer2.1.conv2.1": 7.229455694280777e-05,
        "layer2.1.conv2.2": 0.0011567129110849244,
        "layer3.0.conv1.0": 0.0009325997845622203,
        "layer3.0.conv1.1": 7.229455694280777e-05,
        "layer3.0.conv1.2": 0.0023134258221698487,
        "layer3.0.conv2.0": 0.0018579701134301598,
        "layer3.0.conv2.1": 7.229455694280777e-05,
        "layer3.0.conv2.2": 0.0023134258221698487,
        "layer3.0.downsample.0.0": 0.0009325997845622203,
        "layer3.0.downsample.0.1": 0.0023134258221698487,
        "layer3.1.conv1.0": 0.0018579701134301598,
        "layer3.1.conv1.1": 7.229455694280777e-05,
        "layer3.1.conv1.2": 0.0023134258221698487,
        "layer3.1.conv2.0": 0.0018579701134301598,
        "layer3.1.conv2.1": 7.229455694280777e-05,
        "layer3.1.conv2.2": 0.0023134258221698487,
        "layer4.0.conv1.0": 0.0018579701134301598,
        "layer4.0.conv1.1": 7.229455694280777e-05,
        "layer4.0.conv1.2": 0.0046268516443396975,
        "layer4.0.conv2.0": 0.003708710771166039,
        "layer4.0.conv2.1": 7.229455694280777e-05,
        "layer4.0.conv2.2": 0.0046268516443396975,
        "layer4.0.downsample.0.0": 0.0018579701134301598,
        "layer4.0.downsample.0.1": 0.0046268516443396975,
        "layer4.1.conv1.0": 0.003708710771166039,
        "layer4.1.conv1.1": 7.229455694280777e-05,
        "layer4.1.conv1.2": 0.0046268516443396975,
        "layer4.1.conv2.0": 0.003708710771166039,
        "layer4.1.conv2.1": 7.229455694280777e-05,
        "layer4.1.conv2.2": 0.0046268516443396975,
        "fc": 0.9271776927915097
    }
}