{
    "total_flops": 1019205165,
    "total_params": 3163872,
    "relative_flops": {
        "conv1.0": 0.0010338409146503885,
        "conv1.1.0": 0.0010338409146503885,
        "conv1.1.1": 0.003655366091085302,
        "conv1.1.2": 0.005513818211468738,
        "conv1.2": 0.1016117927542096,
        "layer1.0.conv1.0": 0.0254029481885524,
        "layer1.0.conv1.1.0": 0.0035722895890151814,
        "layer1.0.conv1.1.1": 0.0005261511797774298,
        "layer1.0.conv1.1.2": 0.003741519500639501,
        "layer1.0.conv1.2": 0.0254029481885524,
        "layer1.0.conv2.0": 0.0254029481885524,
        "layer1.0.conv2.1.0": 0.0035722895890151814,
        "layer1.0.conv2.1.1": 0.0005261511797774298,
        "layer1.0.conv2.1.2": 0.003741519500639501,
        "layer1.0.conv2.2": 0.0254029481885524,
        "layer1.1.conv1.0": 0.0254029481885524,
        "layer1.1.conv1.1.0": 0.0035722895890151814,
        "layer1.1.conv1.1.1": 0.0005261511797774298,
        "layer1.1.conv1.1.2": 0.003741519500639501,
        "layer1.1.conv1.2": 0.0254029481885524,
        "layer1.1.conv2.0": 0.0254029481885524,
        "layer1.1.conv2.1.0": 0.0035722895890151814,
        "layer1.1.conv2.1.1": 0.0005261511797774298,
        "layer1.1.conv2.1.2": 0.003741519500639501,
        "layer1.1.conv2.2": 0.0254029481885524,
        "layer2.0.conv1.0": 0.0254029481885524,
        "layer2.0.conv1.1.0": 0.0035722895890151814,
        "layer2.0.conv1.1.1": 0.00013153779494435745,
        "layer2.0.conv1.1.2": 0.0018707597503197504,
        "layer2.0.conv1.2": 0.02530448714906189,
        "layer2.0.conv2.0": 0.02530448714906189,
        "layer2.0.conv2.1.0": 0.001779221752668414,
        "layer2.0.conv2.1.1": 0.00013153779494435745,
        "layer2.0.conv2.1.2": 0.0018707597503197504,
        "layer2.0.conv2.2": 0.02530448714906189,
        "layer2.0.downsample.0.0": 0.0029769079908459842,
        "layer2.0.downsample.0.1": 0.006006123408921304,
        "layer2.1.conv1.0": 0.02530448714906189,
        "layer2.1.conv1.1.0": 0.001779221752668414,
        "layer2.1.conv1.1.1": 0.00013153779494435745,
        "layer2.1.conv1.1.2": 0.0018707597503197504,
        "layer2.1.conv1.2": 0.02530448714906189,
        "layer2.1.conv2.0": 0.02530448714906189,
        "layer2.1.conv2.1.0": 0.001779221752668414,
        "layer2.1.conv2.1.1": 0.00013153779494435745,
        "layer2.1.conv2.1.2": 0.0018707597503197504,
        "layer2.1.conv2.2": 0.02530448714906189,
        "layer3.0.conv1.0": 0.02530448714906189,
        "layer3.0.conv1.1.0": 0.001779221752668414,
        "layer3.0.conv1.1.1": 3.288444873608936e-05,
        "layer3.0.conv1.1.2": 0.0009353798751598752,
        "layer3.0.conv1.2": 0.02525525662931663,
        "layer3.0.conv2.0": 0.02525525662931663,
        "layer3.0.conv2.1.0": 0.0008878801158744128,
        "layer3.0.conv2.1.1": 3.288444873608936e-05,
        "layer3.0.conv2.1.2": 0.0009353798751598752,
        "layer3.0.conv2.2": 0.02525525662931663,
        "layer3.0.downsample.0.0": 0.001482684793890345,
        "layer3.0.downsample.0.1": 0.003003061704460652,
        "layer3.1.conv1.0": 0.02525525662931663,
        "layer3.1.conv1.1.0": 0.0008878801158744128,
        "layer3.1.conv1.1.1": 3.288444873608936e-05,
        "layer3.1.conv1.1.2": 0.0009353798751598752,
        "layer3.1.conv1.2": 0.02525525662931663,
        "layer3.1.conv2.0": 0.02525525662931663,
        "layer3.1.conv2.1.0": 0.0008878801158744128,
        "layer3.1.conv2.1.1": 3.288444873608936e-05,
        "layer3.1.conv2.1.2": 0.0009353798751598752,
        "layer3.1.conv2.2": 0.02525525662931663,
        "layer4.0.conv1.0": 0.02525525662931663,
        "layer4.0.conv1.1.0": 0.0008878801158744128,
        "layer4.0.conv1.1.1": 8.22111218402234e-06,
        "layer4.0.conv1.1.2": 0.0004676899375799376,
        "layer4.0.conv1.2": 0.025230641369444,
        "layer4.0.conv2.0": 0.025230641369444,
        "layer4.0.conv2.1.0": 0.00044350736782225783,
        "layer4.0.conv2.1.1": 8.22111218402234e-06,
        "layer4.0.conv2.1.2": 0.0004676899375799376,
        "layer4.0.conv2.2": 0.025230641369444,
        "layer4.0.downsample.0.0": 0.0007399000965620106,
        "layer4.0.downsample.0.1": 0.001501530852230326,
        "layer4.1.conv1.0": 0.025230641369444,
        "layer4.1.conv1.1.0": 0.00044350736782225783,
        "layer4.1.conv1.1.1": 8.22111218402234e-06,
        "layer4.1.conv1.1.2": 0.0004676899375799376,
        "layer4.1.conv1.2": 0.025230641369444,
        "layer4.1.conv2.0": 0.025230641369444,
        "layer4.1.conv2.1.0": 0.00044350736782225783,
        "layer4.1.conv2.1.1": 8.22111218402234e-06,
        "layer4.1.conv2.1.2": 0.0004676899375799376,
        "layer4.1.conv2.2": 0.025230641369444,
        "fc": 0.0010052068368393717
    },
    "relative_params": {
        "conv1.0": 3.792820948508663e-06,
        "conv1.1.0": 3.792820948508663e-06,
        "conv1.1.1": 4.741026185635829e-05,
        "conv1.1.2": 8.091351356818481e-05,
        "conv1.2": 0.001314844595483003,
        "layer1.0.conv1.0": 0.001314844595483003,
        "layer1.0.conv1.1.0": 0.00018490002123979732,
        "layer1.0.conv1.1.1": 2.844615711381497e-05,
        "layer1.0.conv1.1.2": 0.000202283783920462,
        "layer1.0.conv1.2": 0.001314844595483003,
        "layer1.0.conv2.0": 0.001314844595483003,
        "layer1.0.conv2.1.0": 0.00018490002123979732,
        "layer1.0.conv2.1.1": 2.844615711381497e-05,
        "layer1.0.conv2.1.2": 0.000202283783920462,
        "layer1.0.conv2.2": 0.001314844595483003,
        "layer1.1.conv1.0": 0.001314844595483003,
        "layer1.1.conv1.1.0": 0.00018490002123979732,
        "layer1.1.conv1.1.1": 2.844615711381497e-05,
        "layer1.1.conv1.1.2": 0.000202283783920462,
        "layer1.1.conv1.2": 0.001314844595483003,
        "layer1.1.conv2.0": 0.001314844595483003,
        "layer1.1.conv2.1.0": 0.00018490002123979732,
        "layer1.1.conv2.1.1": 2.844615711381497e-05,
        "layer1.1.conv2.1.2": 0.000202283783920462,
        "layer1.1.conv2.2": 0.001314844595483003,
        "layer2.0.conv1.0": 0.001314844595483003,
        "layer2.0.conv1.1.0": 0.00018490002123979732,
        "layer2.0.conv1.1.1": 2.844615711381497e-05,
        "layer2.0.conv1.1.2": 0.000404567567840924,
        "layer2.0.conv1.2": 0.00521892162514792,
        "layer2.0.conv2.0": 0.00521892162514792,
        "layer2.0.conv2.1.0": 0.00036695542676821313,
        "layer2.0.conv2.1.1": 2.844615711381497e-05,
        "layer2.0.conv2.1.2": 0.000404567567840924,
        "layer2.0.conv2.2": 0.00521892162514792,
        "layer2.0.downsample.0.0": 0.0006163334041326577,
        "layer2.0.downsample.0.1": 0.0012541594603068646,
        "layer2.1.conv1.0": 0.00521892162514792,
        "layer2.1.conv1.1.0": 0.00036695542676821313,
        "layer2.1.conv1.1.1": 2.844615711381497e-05,
        "layer2.1.conv1.1.2": 0.000404567567840924,
        "layer2.1.conv1.2": 0.00521892162514792,
        "layer2.1.conv2.0": 0.00521892162514792,
        "layer2.1.conv2.1.0": 0.00036695542676821313,
        "layer2.1.conv2.1.1": 2.844615711381497e-05,
        "layer2.1.conv2.1.2": 0.000404567567840924,
        "layer2.1.conv2.2": 0.00521892162514792,
        "layer3.0.conv1.0": 0.00521892162514792,
        "layer3.0.conv1.1.0": 0.00036695542676821313,
        "layer3.0.conv1.1.1": 2.844615711381497e-05,
        "layer3.0.conv1.1.2": 0.000809135135681848,
        "layer3.0.conv1.2": 0.020794772987023494,
        "layer3.0.conv2.0": 0.020794772987023494,
        "layer3.0.conv2.1.0": 0.0007310662378250448,
        "layer3.0.conv2.1.1": 2.844615711381497e-05,
        "layer3.0.conv2.1.2": 0.000809135135681848,
        "layer3.0.conv2.2": 0.020794772987023494,
        "layer3.0.downsample.0.0": 0.0012231847558940437,
        "layer3.0.downsample.0.1": 0.002508318920613729,
        "layer3.1.conv1.0": 0.020794772987023494,
        "layer3.1.conv1.1.0": 0.0007310662378250448,
        "layer3.1.conv1.1.1": 2.844615711381497e-05,