{
    "total_flops": 76554876,
    "total_params": 579911,
    "relative_flops": {
        "conv1.0": 0.032115838055828086,
        "conv1.1": 0.11355242741167787,
        "conv1.2": 0.15730206394691307,
        "layer1.0.conv1.0": 0.03699056347501627,
        "layer1.0.conv1.1": 0.005448222527327978,
        "layer1.0.conv1.2": 0.03932551598672827,
        "layer1.0.conv2.0": 0.03699056347501627,
        "layer1.0.conv2.1": 0.005448222527327978,
        "layer1.0.conv2.2": 0.03932551598672827,
        "layer1.1.conv1.0": 0.03699056347501627,
        "layer1.1.conv1.1": 0.005448222527327978,
        "layer1.1.conv1.2": 0.03932551598672827,
        "layer1.1.conv2.0": 0.03699056347501627,
        "layer1.1.conv2.1": 0.005448222527327978,
        "layer1.1.conv2.2": 0.03932551598672827,
        "layer2.0.conv1.0": 0.03699056347501627,
        "layer2.0.conv1.1": 0.0013620556318319945,
        "layer2.0.conv1.2": 0.019662757993364133,
        "layer2.0.conv2.0": 0.018423594598990664,
        "layer2.0.conv2.1": 0.0013620556318319945,
        "layer2.0.conv2.2": 0.019662757993364133,
        "layer2.0.downsample.0.0": 0.009247640868754068,
        "layer2.0.downsample.0.1": 0.019662757993364133,
        "layer2.1.conv1.0": 0.018423594598990664,
        "layer2.1.conv1.1": 0.0013620556318319945,
        "layer2.1.conv1.2": 0.019662757993364133,
        "layer2.1.conv2.0": 0.018423594598990664,
        "layer2.1.conv2.1": 0.0013620556318319945,
        "layer2.1.conv2.2": 0.019662757993364133,
        "layer3.0.conv1.0": 0.018423594598990664,
        "layer3.0.conv1.1": 0.00034051390795799863,
        "layer3.0.conv1.2": 0.009831378996682067,
        "layer3.0.conv2.0": 0.009193875514865963,
        "layer3.0.conv2.1": 0.00034051390795799863,
        "layer3.0.conv2.2": 0.009831378996682067,
        "layer3.0.downsample.0.0": 0.004605898649747666,
        "layer3.0.downsample.0.1": 0.009831378996682067,
        "layer3.1.conv1.0": 0.009193875514865963,
        "layer3.1.conv1.1": 0.00034051390795799863,
        "layer3.1.conv1.2": 0.009831378996682067,
        "layer3.1.conv2.0": 0.009193875514865963,
        "layer3.1.conv2.1": 0.00034051390795799863,
        "layer3.1.conv2.2": 0.009831378996682067,
        "layer4.0.conv1.0": 0.009193875514865963,
        "layer4.0.conv1.1": 8.512847698949966e-05,
        "layer4.0.conv1.2": 0.004915689498341033,
        "layer4.0.conv2.0": 0.00459245731127564,
        "layer4.0.conv2.1": 8.512847698949966e-05,
        "layer4.0.conv2.2": 0.004915689498341033,
        "layer4.0.downsample.0.0": 0.0022984688787164908,
        "layer4.0.downsample.0.1": 0.004915689498341033,
        "layer4.1.conv1.0": 0.00459245731127564,
        "layer4.1.conv1.1": 8.512847698949966e-05,
        "layer4.1.conv1.2": 0.004915689498341033,
        "layer4.1.conv2.0": 0.00459245731127564,
        "layer4.1.conv2.1": 8.512847698949966e-05,
        "layer4.1.conv2.2": 0.004915689498341033,
        "fc": 0.013382713858748854
    },
    "relative_params": {
        "conv1.0": 4.8283271053661685e-05,
        "conv1.1": 0.000603540888170771,
        "conv1.2": 0.0008828940992669565,
        "layer1.0.conv1.0": 0.0007846031546220023,
        "layer1.0.conv1.1": 0.00012070817763415421,
        "layer1.0.conv1.2": 0.0008828940992669565,
        "layer1.0.conv2.0": 0.0007846031546220023,
        "layer1.0.conv2.1": 0.00012070817763415421,
        "layer1.0.conv2.2": 0.0008828940992669565,
        "layer1.1.conv1.0": 0.0007846031546220023,
        "layer1.1.conv1.1": 0.00012070817763415421,
        "layer1.1.conv1.2": 0.0008828940992669565,
        "layer1.1.conv2.0": 0.0007846031546220023,
        "layer1.1.conv2.1": 0.00012070817763415421,
        "layer1.1.conv2.2": 0.0008828940992669565,
        "layer2.0.conv1.0": 0.0007846031546220023,
        "layer2.0.conv1.1": 0.00012070817763415421,
        "layer2.0.conv1.2": 0.001765788198533913,
        "layer2.0.conv2.0": 0.0015571354914805892,
        "layer2.0.conv2.1": 0.00012070817763415421,
        "layer2.0.conv2.2": 0.001765788198533913,
        "layer2.0.downsample.0.0": 0.0007846031546220023,
        "layer2.0.downsample.0.1": 0.001765788198533913,
        "layer2.1.conv1.0": 0.0015571354914805892,
        "layer2.1.conv1.1": 0.00012070817763415421,
        "layer2.1.conv1.2": 0.001765788198533913,
        "layer2.1.conv2.0": 0.0015571354914805892,
        "layer2.1.conv2.1": 0.00012070817763415421,
        "layer2.1.conv2.2": 0.001765788198533913,
        "layer3.0.conv1.0": 0.0015571354914805892,
        "layer3.0.conv1.1": 0.00012070817763415421,
        "layer3.0.conv1.2": 0.003531576397067826,
        "layer3.0.conv2.0": 0.0031022001651977633,
        "layer3.0.conv2.1": 0.00012070817763415421,
        "layer3.0.conv2.2": 0.003531576397067826,
        "layer3.0.downsample.0.0": 0.0015571354914805892,
        "layer3.0.downsample.0.1": 0.003531576397067826,
        "layer3.1.conv1.0": 0.0031022001651977633,
        "layer3.1.conv1.1": 0.00012070817763415421,
        "layer3.1.conv1.2": 0.003531576397067826,
        "layer3.1.conv2.0": 0.0031022001651977633,
        "layer3.1.conv2.1": 0.00012070817763415421,
        "layer3.1.conv2.2": 0.003531576397067826,
        "layer4.0.conv1.0": 0.0031022001651977633,
        "layer4.0.conv1.1": 0.00012070817763415421,
        "layer4.0.conv1.2": 0.007063152794135652,
        "layer4.0.conv2.0": 0.006192329512632111,
        "layer4.0.conv2.1": 0.00012070817763415421,
        "layer4.0.conv2.2": 0.007063152794135652,
        "layer4.0.downsample.0.0": 0.0031022001651977633,
        "layer4.0.downsample.0.1": 0.007063152794135652,
        "layer4.1.conv1.0": 0.006192329512632111,
        "layer4.1.conv1.1": 0.00012070817763415421,
        "layer4.1.conv1.2": 0.007063152794135652,
        "layer4.1.conv2.0": 0.006192329512632111,
        "layer4.1.conv2.1": 0.00012070817763415421,
        "layer4.1.conv2.2": 0.007063152794135652,
        "fc": 0.8846185018045872
    }
}