{
    "total_flops": 107860584,
    "total_params": 606530,
    "relative_flops": {
        "conv1.0": 0.032563517364230105,
        "conv1.1": 0.11513529353781358,
        "conv1.2": 0.1563048833483045,
        "layer1.0.conv1.0": 0.037506194107015035,
        "layer1.0.conv1.1": 0.005524168124289036,
        "layer1.0.conv1.2": 0.039076220837076125,
        "layer1.0.conv2.0": 0.037506194107015035,
        "layer1.0.conv2.1": 0.005524168124289036,
        "layer1.0.conv2.2": 0.039076220837076125,
        "layer1.1.conv1.0": 0.037506194107015035,
        "layer1.1.conv1.1": 0.005524168124289036,
        "layer1.1.conv1.2": 0.039076220837076125,
        "layer1.1.conv2.0": 0.037506194107015035,
        "layer1.1.conv2.1": 0.005524168124289036,
        "layer1.1.conv2.2": 0.039076220837076125,
        "layer2.0.conv1.0": 0.037506194107015035,
        "layer2.0.conv1.1": 0.001381042031072259,
        "layer2.0.conv1.2": 0.019538110418538063,
        "layer2.0.conv2.0": 0.018680410630819502,
        "layer2.0.conv2.1": 0.001381042031072259,
        "layer2.0.conv2.2": 0.019538110418538063,
        "layer2.0.downsample.0.0": 0.009376548526753759,
        "layer2.0.downsample.0.1": 0.019538110418538063,
        "layer2.1.conv1.0": 0.018680410630819502,
        "layer2.1.conv1.1": 0.001381042031072259,
        "layer2.1.conv1.2": 0.019538110418538063,
        "layer2.1.conv2.0": 0.018680410630819502,
        "layer2.1.conv2.1": 0.001381042031072259,
        "layer2.1.conv2.2": 0.019538110418538063,
        "layer3.0.conv1.0": 0.018680410630819502,
        "layer3.0.conv1.1": 0.00034526050776806475,
        "layer3.0.conv1.2": 0.009769055209269031,
        "layer3.0.conv2.0": 0.009322033709737748,
        "layer3.0.conv2.1": 0.00034526050776806475,
        "layer3.0.conv2.2": 0.009769055209269031,
        "layer3.0.downsample.0.0": 0.0046701026577048756,
        "layer3.0.downsample.0.1": 0.009769055209269031,
        "layer3.1.conv1.0": 0.009322033709737748,
        "layer3.1.conv1.1": 0.00034526050776806475,
        "layer3.1.conv1.2": 0.009769055209269031,
        "layer3.1.conv2.0": 0.009322033709737748,
        "layer3.1.conv2.1": 0.00034526050776806475,
        "layer3.1.conv2.2": 0.009769055209269031,
        "layer4.0.conv1.0": 0.009322033709737748,
        "layer4.0.conv1.1": 8.631512694201619e-05,
        "layer4.0.conv1.2": 0.004884527604634516,
        "layer4.0.conv2.0": 0.004656473953450873,
        "layer4.0.conv2.1": 8.631512694201619e-05,
        "layer4.0.conv2.2": 0.004884527604634516,
        "layer4.0.downsample.0.0": 0.002330508427434437,
        "layer4.0.downsample.0.1": 0.004884527604634516,
        "layer4.1.conv1.0": 0.004656473953450873,
        "layer4.1.conv1.1": 8.631512694201619e-05,
        "layer4.1.conv1.2": 0.004884527604634516,
        "layer4.1.conv2.0": 0.004656473953450873,
        "layer4.1.conv2.1": 8.631512694201619e-05,
        "layer4.1.conv2.2": 0.004884527604634516,
        "fc": 0.009498483709303856
    },
    "relative_params": {
        "conv1.0": 6.594892255947769e-05,
        "conv1.1": 0.0008243615319934711,
        "conv1.2": 0.0011607010370468073,
        "layer1.0.conv1.0": 0.0010716699915915124,
        "layer1.0.conv1.1": 0.00016487230639869422,
        "layer1.0.conv1.2": 0.0011607010370468073,
        "layer1.0.conv2.0": 0.0010716699915915124,
        "layer1.0.conv2.1": 0.00016487230639869422,
        "layer1.0.conv2.2": 0.0011607010370468073,
        "layer1.1.conv1.0": 0.0010716699915915124,
        "layer1.1.conv1.1": 0.00016487230639869422,
        "layer1.1.conv1.2": 0.0011607010370468073,
        "layer1.1.conv2.0": 0.0010716699915915124,
        "layer1.1.conv2.1": 0.00016487230639869422,
        "layer1.1.conv2.2": 0.0011607010370468073,
        "layer2.0.conv1.0": 0.0010716699915915124,
        "layer2.0.conv1.1": 0.00016487230639869422,
        "layer2.0.conv1.2": 0.0023214020740936147,
        "layer2.0.conv2.0": 0.0021268527525431552,
        "layer2.0.conv2.1": 0.00016487230639869422,
        "layer2.0.conv2.2": 0.0023214020740936147,
        "layer2.0.downsample.0.0": 0.0010716699915915124,
        "layer2.0.downsample.0.1": 0.0023214020740936147,
        "layer2.1.conv1.0": 0.0021268527525431552,
        "layer2.1.conv1.1": 0.00016487230639869422,
        "layer2.1.conv1.2": 0.0023214020740936147,
        "layer2.1.conv2.0": 0.0021268527525431552,
        "layer2.1.conv2.1": 0.00016487230639869422,
        "layer2.1.conv2.2": 0.0023214020740936147,
        "layer3.0.conv1.0": 0.0021268527525431552,
        "layer3.0.conv1.1": 0.00016487230639869422,
        "layer3.0.conv1.2": 0.004642804148187229,
        "layer3.0.conv2.0": 0.004237218274446441,
        "layer3.0.conv2.1": 0.00016487230639869422,
        "layer3.0.conv2.2": 0.004642804148187229,
        "layer3.0.downsample.0.0": 0.0021268527525431552,
        "layer3.0.downsample.0.1": 0.004642804148187229,
        "layer3.1.conv1.0": 0.004237218274446441,
        "layer3.1.conv1.1": 0.00016487230639869422,
        "layer3.1.conv1.2": 0.004642804148187229,
        "layer3.1.conv2.0": 0.004237218274446441,
        "layer3.1.conv2.1": 0.00016487230639869422,
        "layer3.1.conv2.2": 0.004642804148187229,
        "layer4.0.conv1.0": 0.004237218274446441,
        "layer4.0.conv1.1": 0.00016487230639869422,
        "layer4.0.conv1.2": 0.009285608296374459,
        "layer4.0.conv2.0": 0.008457949318253014,
        "layer4.0.conv2.1": 0.00016487230639869422,
        "layer4.0.conv2.2": 0.009285608296374459,
        "layer4.0.downsample.0.0": 0.004237218274446441,
        "layer4.0.downsample.0.1": 0.009285608296374459,
        "layer4.1.conv1.0": 0.008457949318253014,
        "layer4.1.conv1.1": 0.00016487230639869422,
        "layer4.1.conv1.2": 0.009285608296374459,
        "layer4.1.conv2.0": 0.008457949318253014,
        "layer4.1.conv2.1": 0.00016487230639869422,
        "layer4.1.conv2.2": 0.009285608296374459,
        "fc": 0.8457949318253013
    }
}