{
    "total_flops": 452223372,
    "total_params": 899339,
    "relative_flops": {
        "conv1.0": 0.03339715931356153,
        "conv1.1": 0.11808281328723541,
        "conv1.2": 0.15444799257301545,
        "layer1.0.conv1.0": 0.03846637099508426,
        "layer1.0.conv1.1": 0.00566558952640776,
        "layer1.0.conv1.2": 0.03861199814325386,
        "layer1.0.conv2.0": 0.03846637099508426,
        "layer1.0.conv2.1": 0.00566558952640776,
        "layer1.0.conv2.2": 0.03861199814325386,
        "layer1.1.conv1.0": 0.03846637099508426,
        "layer1.1.conv1.1": 0.00566558952640776,
        "layer1.1.conv1.2": 0.03861199814325386,
        "layer1.1.conv2.0": 0.03846637099508426,
        "layer1.1.conv2.1": 0.00566558952640776,
        "layer1.1.conv2.2": 0.03861199814325386,
        "layer2.0.conv1.0": 0.03846637099508426,
        "layer2.0.conv1.1": 0.00141639738160194,
        "layer2.0.conv1.2": 0.01930599907162693,
        "layer2.0.conv2.0": 0.019158638266931503,
        "layer2.0.conv2.1": 0.00141639738160194,
        "layer2.0.conv2.2": 0.01930599907162693,
        "layer2.0.downsample.0.0": 0.009616592748771064,
        "layer2.0.downsample.0.1": 0.01930599907162693,
        "layer2.1.conv1.0": 0.019158638266931503,
        "layer2.1.conv1.1": 0.00141639738160194,
        "layer2.1.conv1.2": 0.01930599907162693,
        "layer2.1.conv2.0": 0.019158638266931503,
        "layer2.1.conv2.1": 0.00141639738160194,
        "layer2.1.conv2.2": 0.01930599907162693,
        "layer3.0.conv1.0": 0.019158638266931503,
        "layer3.0.conv1.1": 0.000354099345400485,
        "layer3.0.conv1.2": 0.009652999535813465,
        "layer3.0.conv2.0": 0.009560682325813094,
        "layer3.0.conv2.1": 0.000354099345400485,
        "layer3.0.conv2.2": 0.009652999535813465,
        "layer3.0.downsample.0.0": 0.004789659566732876,
        "layer3.0.downsample.0.1": 0.009652999535813465,
        "layer3.1.conv1.0": 0.009560682325813094,
        "layer3.1.conv1.1": 0.000354099345400485,
        "layer3.1.conv1.2": 0.009652999535813465,
        "layer3.1.conv2.0": 0.009560682325813094,
        "layer3.1.conv2.1": 0.000354099345400485,
        "layer3.1.conv2.2": 0.009652999535813465,
        "layer4.0.conv1.0": 0.009560682325813094,
        "layer4.0.conv1.1": 8.852483635012125e-05,
        "layer4.0.conv1.2": 0.004826499767906733,
        "layer4.0.conv2.0": 0.0047756819609933825,
        "layer4.0.conv2.1": 8.852483635012125e-05,
        "layer4.0.conv2.2": 0.004826499767906733,
        "layer4.0.downsample.0.0": 0.0023901705814532736,
        "layer4.0.downsample.0.1": 0.004826499767906733,
        "layer4.1.conv1.0": 0.0047756819609933825,
        "layer4.1.conv1.1": 8.852483635012125e-05,
        "layer4.1.conv1.2": 0.004826499767906733,
        "layer4.1.conv2.0": 0.0047756819609933825,
        "layer4.1.conv2.1": 8.852483635012125e-05,
        "layer4.1.conv2.2": 0.004826499767906733,
        "fc": 0.002265499891058262
    },
    "relative_params": {
        "conv1.0": 0.0001912515747676905,
        "conv1.1": 0.002390644684596131,
        "conv1.2": 0.0031311885729407934,
        "layer1.0.conv1.0": 0.0031078380899749705,
        "layer1.0.conv1.1": 0.00047812893691922626,
        "layer1.0.conv1.2": 0.0031311885729407934,
        "layer1.0.conv2.0": 0.0031078380899749705,
        "layer1.0.conv2.1": 0.00047812893691922626,
        "layer1.0.conv2.2": 0.0031311885729407934,
        "layer1.1.conv1.0": 0.0031078380899749705,
        "layer1.1.conv1.1": 0.00047812893691922626,
        "layer1.1.conv1.2": 0.0031311885729407934,
        "layer1.1.conv2.0": 0.0031078380899749705,
        "layer1.1.conv2.1": 0.00047812893691922626,
        "layer1.1.conv2.2": 0.0031311885729407934,
        "layer2.0.conv1.0": 0.0031078380899749705,
        "layer2.0.conv1.1": 0.00047812893691922626,
        "layer2.0.conv1.2": 0.006262377145881587,
        "layer2.0.conv2.0": 0.006167863286258018,
        "layer2.0.conv2.1": 0.00047812893691922626,
        "layer2.0.conv2.2": 0.006262377145881587,
        "layer2.0.downsample.0.0": 0.0031078380899749705,
        "layer2.0.downsample.0.1": 0.006262377145881587,
        "layer2.1.conv1.0": 0.006167863286258018,
        "layer2.1.conv1.1": 0.00047812893691922626,
        "layer2.1.conv1.2": 0.006262377145881587,
        "layer2.1.conv2.0": 0.006167863286258018,
        "layer2.1.conv2.1": 0.00047812893691922626,
        "layer2.1.conv2.2": 0.006262377145881587,
        "layer3.0.conv1.0": 0.006167863286258018,
        "layer3.0.conv1.1": 0.00047812893691922626,
        "layer3.0.conv1.2": 0.012524754291763173,
        "layer3.0.conv2.0": 0.012287913678824114,
        "layer3.0.conv2.1": 0.00047812893691922626,
        "layer3.0.conv2.2": 0.012524754291763173,
        "layer3.0.downsample.0.0": 0.006167863286258018,
        "layer3.0.downsample.0.1": 0.012524754291763173,
        "layer3.1.conv1.0": 0.012287913678824114,
        "layer3.1.conv1.1": 0.00047812893691922626,
        "layer3.1.conv1.2": 0.012524754291763173,
        "layer3.1.conv2.0": 0.012287913678824114,
        "layer3.1.conv2.1": 0.00047812893691922626,
        "layer3.1.conv2.2": 0.012524754291763173,
        "layer4.0.conv1.0": 0.012287913678824114,
        "layer4.0.conv1.1": 0.00047812893691922626,
        "layer4.0.conv1.2": 0.025049508583526347,
        "layer4.0.conv2.0": 0.024528014463956305,
        "layer4.0.conv2.1": 0.00047812893691922626,
        "layer4.0.conv2.2": 0.025049508583526347,
        "layer4.0.downsample.0.0": 0.012287913678824114,
        "layer4.0.downsample.0.1": 0.025049508583526347,
        "layer4.1.conv1.0": 0.024528014463956305,
        "layer4.1.conv1.1": 0.00047812893691922626,
        "layer4.1.conv1.2": 0.025049508583526347,
        "layer4.1.conv2.0": 0.024528014463956305,
        "layer4.1.conv2.1": 0.00047812893691922626,
        "layer4.1.conv2.2": 0.025049508583526347,
        "fc": 0.5704189410222397
    }
}