{
    "total_flops": 462658608,
    "total_params": 908212,
    "relative_flops": {
        "conv1.0": 0.03340304866866327,
        "conv1.1": 0.11810363636420226,
        "conv1.2": 0.15443487436420938,
        "layer1.0.conv1.0": 0.038473154270156795,
        "layer1.0.conv1.1": 0.005666588613433947,
        "layer1.0.conv1.2": 0.038608718591052346,
        "layer1.0.conv2.0": 0.038473154270156795,
        "layer1.0.conv2.1": 0.005666588613433947,
        "layer1.0.conv2.2": 0.038608718591052346,
        "layer1.1.conv1.0": 0.038473154270156795,
        "layer1.1.conv1.1": 0.005666588613433947,
        "layer1.1.conv1.2": 0.038608718591052346,
        "layer1.1.conv2.0": 0.038473154270156795,
        "layer1.1.conv2.1": 0.005666588613433947,
        "layer1.1.conv2.2": 0.038608718591052346,
        "layer2.0.conv1.0": 0.038473154270156795,
        "layer2.0.conv1.1": 0.0014166471533584868,
        "layer2.0.conv1.2": 0.019304359295526173,
        "layer2.0.conv2.0": 0.019162016758585847,
        "layer2.0.conv2.1": 0.0014166471533584868,
        "layer2.0.conv2.2": 0.019304359295526173,
        "layer2.0.downsample.0.0": 0.009618288567539199,
        "layer2.0.downsample.0.1": 0.019304359295526173,
        "layer2.1.conv1.0": 0.019162016758585847,
        "layer2.1.conv1.1": 0.0014166471533584868,
        "layer2.1.conv1.2": 0.019304359295526173,
        "layer2.1.conv2.0": 0.019162016758585847,
        "layer2.1.conv2.1": 0.0014166471533584868,
        "layer2.1.conv2.2": 0.019304359295526173,
        "layer3.0.conv1.0": 0.019162016758585847,
        "layer3.0.conv1.1": 0.0003541617883396217,
        "layer3.0.conv1.2": 0.009652179647763087,
        "layer3.0.conv2.0": 0.009562368285169785,
        "layer3.0.conv2.1": 0.0003541617883396217,
        "layer3.0.conv2.2": 0.009652179647763087,
        "layer3.0.downsample.0.0": 0.004790504189646462,
        "layer3.0.downsample.0.1": 0.009652179647763087,
        "layer3.1.conv1.0": 0.009562368285169785,
        "layer3.1.conv1.1": 0.0003541617883396217,
        "layer3.1.conv1.2": 0.009652179647763087,
        "layer3.1.conv2.0": 0.009562368285169785,
        "layer3.1.conv2.1": 0.0003541617883396217,
        "layer3.1.conv2.2": 0.009652179647763087,
        "layer4.0.conv1.0": 0.009562368285169785,
        "layer4.0.conv1.1": 8.854044708490542e-05,
        "layer4.0.conv1.2": 0.004826089823881543,
        "layer4.0.conv2.0": 0.0047765241190541085,
        "layer4.0.conv2.1": 8.854044708490542e-05,
        "layer4.0.conv2.2": 0.004826089823881543,
        "layer4.0.downsample.0.0": 0.0023905920712924463,
        "layer4.0.downsample.0.1": 0.004826089823881543,
        "layer4.1.conv1.0": 0.0047765241190541085,
        "layer4.1.conv1.1": 8.854044708490542e-05,
        "layer4.1.conv1.2": 0.004826089823881543,
        "layer4.1.conv2.0": 0.0047765241190541085,
        "layer4.1.conv2.1": 8.854044708490542e-05,
        "layer4.1.conv2.2": 0.004826089823881543,
        "fc": 0.0022144016825468857
    },
    "relative_params": {
        "conv1.0": 0.0001937873536134735,
        "conv1.1": 0.0024223419201684186,
        "conv1.2": 0.003171065786402294,
        "layer1.0.conv1.0": 0.0031490444962189446,
        "layer1.0.conv1.1": 0.00048446838403368376,
        "layer1.0.conv1.2": 0.003171065786402294,
        "layer1.0.conv2.0": 0.0031490444962189446,
        "layer1.0.conv2.1": 0.00048446838403368376,
        "layer1.0.conv2.2": 0.003171065786402294,
        "layer1.1.conv1.0": 0.0031490444962189446,
        "layer1.1.conv1.1": 0.00048446838403368376,
        "layer1.1.conv1.2": 0.003171065786402294,
        "layer1.1.conv2.0": 0.0031490444962189446,
        "layer1.1.conv2.1": 0.00048446838403368376,
        "layer1.1.conv2.2": 0.003171065786402294,
        "layer2.0.conv1.0": 0.0031490444962189446,
        "layer2.0.conv1.1": 0.00048446838403368376,
        "layer2.0.conv1.2": 0.006342131572804588,
        "layer2.0.conv2.0": 0.006249642154034521,
        "layer2.0.conv2.1": 0.00048446838403368376,
        "layer2.0.conv2.2": 0.006342131572804588,
        "layer2.0.downsample.0.0": 0.0031490444962189446,
        "layer2.0.downsample.0.1": 0.006342131572804588,
        "layer2.1.conv1.0": 0.006249642154034521,
        "layer2.1.conv1.1": 0.00048446838403368376,
        "layer2.1.conv1.2": 0.006342131572804588,
        "layer2.1.conv2.0": 0.006249642154034521,
        "layer2.1.conv2.1": 0.00048446838403368376,
        "layer2.1.conv2.2": 0.006342131572804588,
        "layer3.0.conv1.0": 0.006249642154034521,
        "layer3.0.conv1.1": 0.00048446838403368376,
        "layer3.0.conv1.2": 0.012684263145609175,
        "layer3.0.conv2.0": 0.012450837469665672,
        "layer3.0.conv2.1": 0.00048446838403368376,
        "layer3.0.conv2.2": 0.012684263145609175,
        "layer3.0.downsample.0.0": 0.006249642154034521,
        "layer3.0.downsample.0.1": 0.012684263145609175,
        "layer3.1.conv1.0": 0.012450837469665672,
        "layer3.1.conv1.1": 0.00048446838403368376,
        "layer3.1.conv1.2": 0.012684263145609175,
        "layer3.1.conv2.0": 0.012450837469665672,
        "layer3.1.conv2.1": 0.00048446838403368376,
        "layer3.1.conv2.2": 0.012684263145609175,
        "layer4.0.conv1.0": 0.012450837469665672,
        "layer4.0.conv1.1": 0.00048446838403368376,
        "layer4.0.conv1.2": 0.02536852629121835,
        "layer4.0.conv2.0": 0.024853228100927976,
        "layer4.0.conv2.1": 0.00048446838403368376,
        "layer4.0.conv2.2": 0.02536852629121835,
        "layer4.0.downsample.0.0": 0.012450837469665672,
        "layer4.0.downsample.0.1": 0.02536852629121835,
        "layer4.1.conv1.0": 0.024853228100927976,
        "layer4.1.conv1.1": 0.00048446838403368376,
        "layer4.1.conv1.2": 0.02536852629121835,
        "layer4.1.conv2.0": 0.024853228100927976,
        "layer4.1.conv2.1": 0.00048446838403368376,
        "layer4.1.conv2.2": 0.02536852629121835,
        "fc": 0.5648460932029086
    }
}