{
    "total_flops": 170472000,
    "total_params": 659768,
    "relative_flops": {
        "conv1.0": 0.03296560138908442,
        "conv1.1": 0.1165569477685485,
        "conv1.2": 0.15540926369139801,
        "layer1.0.conv1.0": 0.03796930874278474,
        "layer1.0.conv1.1": 0.005592378807076822,
        "layer1.0.conv1.2": 0.038852315922849504,
        "layer1.0.conv2.0": 0.03796930874278474,
        "layer1.0.conv2.1": 0.005592378807076822,
        "layer1.0.conv2.2": 0.038852315922849504,
        "layer1.1.conv1.0": 0.03796930874278474,
        "layer1.1.conv1.1": 0.005592378807076822,
        "layer1.1.conv1.2": 0.038852315922849504,
        "layer1.1.conv2.0": 0.03796930874278474,
        "layer1.1.conv2.1": 0.005592378807076822,
        "layer1.1.conv2.2": 0.038852315922849504,
        "layer2.0.conv1.0": 0.03796930874278474,
        "layer2.0.conv1.1": 0.0013980947017692056,
        "layer2.0.conv1.2": 0.019426157961424752,
        "layer2.0.conv2.0": 0.018911070439720307,
        "layer2.0.conv2.1": 0.0013980947017692056,
        "layer2.0.conv2.2": 0.019426157961424752,
        "layer2.0.downsample.0.0": 0.009492327185696184,
        "layer2.0.downsample.0.1": 0.019426157961424752,
        "layer2.1.conv1.0": 0.018911070439720307,
        "layer2.1.conv1.1": 0.0013980947017692056,
        "layer2.1.conv1.2": 0.019426157961424752,
        "layer2.1.conv2.0": 0.018911070439720307,
        "layer2.1.conv2.1": 0.0013980947017692056,
        "layer2.1.conv2.2": 0.019426157961424752,
        "layer3.0.conv1.0": 0.018911070439720307,
        "layer3.0.conv1.1": 0.0003495236754423014,
        "layer3.0.conv1.2": 0.009713078980712376,
        "layer3.0.conv2.0": 0.009437139236942137,
        "layer3.0.conv2.1": 0.0003495236754423014,
        "layer3.0.conv2.2": 0.009713078980712376,
        "layer3.0.downsample.0.0": 0.004727767609930077,
        "layer3.0.downsample.0.1": 0.009713078980712376,
        "layer3.1.conv1.0": 0.009437139236942137,
        "layer3.1.conv1.1": 0.0003495236754423014,
        "layer3.1.conv1.2": 0.009713078980712376,
        "layer3.1.conv2.0": 0.009437139236942137,
        "layer3.1.conv2.1": 0.0003495236754423014,
        "layer3.1.conv2.2": 0.009713078980712376,
        "layer4.0.conv1.0": 0.009437139236942137,
        "layer4.0.conv1.1": 8.738091886057535e-05,
        "layer4.0.conv1.2": 0.004856539490356188,
        "layer4.0.conv2.0": 0.0047139706227415645,
        "layer4.0.conv2.1": 8.738091886057535e-05,
        "layer4.0.conv2.2": 0.004856539490356188,
        "layer4.0.downsample.0.0": 0.002359284809235534,
        "layer4.0.downsample.0.1": 0.004856539490356188,
        "layer4.1.conv1.0": 0.0047139706227415645,
        "layer4.1.conv1.1": 8.738091886057535e-05,
        "layer4.1.conv1.2": 0.004856539490356188,
        "layer4.1.conv2.0": 0.0047139706227415645,
        "layer4.1.conv2.1": 8.738091886057535e-05,
        "layer4.1.conv2.2": 0.004856539490356188,
        "fc": 0.006009854990848937
    },
    "relative_params": {
        "conv1.0": 9.700379527349008e-05,
        "conv1.1": 0.0012125474409186258,
        "conv1.2": 0.0016490645196493314,
        "layer1.0.conv1.0": 0.0015763116731942136,
        "layer1.0.conv1.1": 0.00024250948818372518,
        "layer1.0.conv1.2": 0.0016490645196493314,
        "layer1.0.conv2.0": 0.0015763116731942136,
        "layer1.0.conv2.1": 0.00024250948818372518,
        "layer1.0.conv2.2": 0.0016490645196493314,
        "layer1.1.conv1.0": 0.0015763116731942136,
        "layer1.1.conv1.1": 0.00024250948818372518,
        "layer1.1.conv1.2": 0.0016490645196493314,
        "layer1.1.conv2.0": 0.0015763116731942136,
        "layer1.1.conv2.1": 0.00024250948818372518,
        "layer1.1.conv2.2": 0.0016490645196493314,
        "layer2.0.conv1.0": 0.0015763116731942136,
        "layer2.0.conv1.1": 0.00024250948818372518,
        "layer2.0.conv1.2": 0.0032981290392986628,
        "layer2.0.conv2.0": 0.003128372397570055,
        "layer2.0.conv2.1": 0.00024250948818372518,
        "layer2.0.conv2.2": 0.0032981290392986628,
        "layer2.0.downsample.0.0": 0.0015763116731942136,
        "layer2.0.downsample.0.1": 0.0032981290392986628,
        "layer2.1.conv1.0": 0.003128372397570055,
        "layer2.1.conv1.1": 0.00024250948818372518,
        "layer2.1.conv1.2": 0.0032981290392986628,
        "layer2.1.conv2.0": 0.003128372397570055,
        "layer2.1.conv2.1": 0.00024250948818372518,
        "layer2.1.conv2.2": 0.0032981290392986628,
        "layer3.0.conv1.0": 0.003128372397570055,
        "layer3.0.conv1.1": 0.00024250948818372518,
        "layer3.0.conv1.2": 0.0065962580785973255,
        "layer3.0.conv2.0": 0.006232493846321737,
        "layer3.0.conv2.1": 0.00024250948818372518,
        "layer3.0.conv2.2": 0.0065962580785973255,
        "layer3.0.downsample.0.0": 0.003128372397570055,
        "layer3.0.downsample.0.1": 0.0065962580785973255,
        "layer3.1.conv1.0": 0.006232493846321737,
        "layer3.1.conv1.1": 0.00024250948818372518,
        "layer3.1.conv1.2": 0.0065962580785973255,
        "layer3.1.conv2.0": 0.006232493846321737,
        "layer3.1.conv2.1": 0.00024250948818372518,
        "layer3.1.conv2.2": 0.0065962580785973255,
        "layer4.0.conv1.0": 0.006232493846321737,
        "layer4.0.conv1.1": 0.00024250948818372518,
        "layer4.0.conv1.2": 0.013192516157194651,
        "layer4.0.conv2.0": 0.012440736743825101,
        "layer4.0.conv2.1": 0.00024250948818372518,
        "layer4.0.conv2.2": 0.013192516157194651,
        "layer4.0.downsample.0.0": 0.006232493846321737,
        "layer4.0.downsample.0.1": 0.013192516157194651,
        "layer4.1.conv1.0": 0.012440736743825101,
        "layer4.1.conv1.1": 0.00024250948818372518,
        "layer4.1.conv1.2": 0.013192516157194651,
        "layer4.1.conv2.0": 0.012440736743825101,
        "layer4.1.conv2.1": 0.00024250948818372518,
        "layer4.1.conv2.2": 0.013192516157194651,
        "fc": 0.7775460464890689
    }
}