{
    "total_flops": 24378696,
    "total_params": 535546,
    "relative_flops": {
        "conv1.0": 0.028814666707357932,
        "conv1.1": 0.10188042871530126,
        "conv1.2": 0.1646552383277596,
        "layer1.0.conv1.0": 0.03318832147543905,
        "layer1.0.conv1.1": 0.004888202387855364,
        "layer1.0.conv1.2": 0.0411638095819399,
        "layer1.0.conv2.0": 0.03318832147543905,
        "layer1.0.conv2.1": 0.004888202387855364,
        "layer1.0.conv2.2": 0.0411638095819399,
        "layer1.1.conv1.0": 0.03318832147543905,
        "layer1.1.conv1.1": 0.004888202387855364,
        "layer1.1.conv1.2": 0.0411638095819399,
        "layer1.1.conv2.0": 0.03318832147543905,
        "layer1.1.conv2.1": 0.004888202387855364,
        "layer1.1.conv2.2": 0.0411638095819399,
        "layer2.0.conv1.0": 0.03318832147543905,
        "layer2.0.conv1.1": 0.001222050596963841,
        "layer2.0.conv1.2": 0.02058190479096995,
        "layer2.0.conv2.0": 0.01652984228524774,
        "layer2.0.conv2.1": 0.001222050596963841,
        "layer2.0.conv2.2": 0.02058190479096995,
        "layer2.0.downsample.0.0": 0.008297080368859762,
        "layer2.0.downsample.0.1": 0.02058190479096995,
        "layer2.1.conv1.0": 0.01652984228524774,
        "layer2.1.conv1.1": 0.001222050596963841,
        "layer2.1.conv1.2": 0.02058190479096995,
        "layer2.1.conv2.0": 0.01652984228524774,
        "layer2.1.conv2.1": 0.001222050596963841,
        "layer2.1.conv2.2": 0.02058190479096995,
        "layer3.0.conv1.0": 0.01652984228524774,
        "layer3.0.conv1.1": 0.0003055126492409602,
        "layer3.0.conv1.2": 0.010290952395484975,
        "layer3.0.conv2.0": 0.008248841529505927,
        "layer3.0.conv2.1": 0.0003055126492409602,
        "layer3.0.conv2.2": 0.010290952395484975,
        "layer3.0.downsample.0.0": 0.004132460571311935,
        "layer3.0.downsample.0.1": 0.010290952395484975,
        "layer3.1.conv1.0": 0.008248841529505927,
        "layer3.1.conv1.1": 0.0003055126492409602,
        "layer3.1.conv1.2": 0.010290952395484975,
        "layer3.1.conv2.0": 0.008248841529505927,
        "layer3.1.conv2.1": 0.0003055126492409602,
        "layer3.1.conv2.2": 0.010290952395484975,
        "layer4.0.conv1.0": 0.008248841529505927,
        "layer4.0.conv1.1": 7.637816231024006e-05,
        "layer4.0.conv1.2": 0.005145476197742488,
        "layer4.0.conv2.0": 0.0041204008614734765,
        "layer4.0.conv2.1": 7.637816231024006e-05,
        "layer4.0.conv2.2": 0.005145476197742488,
        "layer4.0.downsample.0.0": 0.0020622103823764817,
        "layer4.0.downsample.0.1": 0.005145476197742488,
        "layer4.1.conv1.0": 0.0041204008614734765,
        "layer4.1.conv1.1": 7.637816231024006e-05,
        "layer4.1.conv1.2": 0.005145476197742488,
        "layer4.1.conv2.0": 0.0041204008614734765,
        "layer4.1.conv2.1": 7.637816231024006e-05,
        "layer4.1.conv2.2": 0.005145476197742488,
        "fc": 0.04202488927217436
    },
    "relative_params": {
        "conv1.0": 1.4938025865191785e-05,
        "conv1.1": 0.00018672532331489731,
        "conv1.2": 0.0003585126207646029,
        "layer1.0.conv1.0": 0.0002427429203093665,
        "layer1.0.conv1.1": 3.734506466297946e-05,
        "layer1.0.conv1.2": 0.0003585126207646029,
        "layer1.0.conv2.0": 0.0002427429203093665,
        "layer1.0.conv2.1": 3.734506466297946e-05,
        "layer1.0.conv2.2": 0.0003585126207646029,
        "layer1.1.conv1.0": 0.0002427429203093665,
        "layer1.1.conv1.1": 3.734506466297946e-05,
        "layer1.1.conv1.2": 0.0003585126207646029,
        "layer1.1.conv2.0": 0.0002427429203093665,
        "layer1.1.conv2.1": 3.734506466297946e-05,
        "layer1.1.conv2.2": 0.0003585126207646029,
        "layer2.0.conv1.0": 0.0002427429203093665,
        "layer2.0.conv1.1": 3.734506466297946e-05,
        "layer2.0.conv1.2": 0.0007170252415292057,
        "layer2.0.conv2.0": 0.0004817513341524351,
        "layer2.0.conv2.1": 3.734506466297946e-05,
        "layer2.0.conv2.2": 0.0007170252415292057,
        "layer2.0.downsample.0.0": 0.0002427429203093665,
        "layer2.0.downsample.0.1": 0.0007170252415292057,
        "layer2.1.conv1.0": 0.0004817513341524351,
        "layer2.1.conv1.1": 3.734506466297946e-05,
        "layer2.1.conv1.2": 0.0007170252415292057,
        "layer2.1.conv2.0": 0.0004817513341524351,
        "layer2.1.conv2.1": 3.734506466297946e-05,
        "layer2.1.conv2.2": 0.0007170252415292057,
        "layer3.0.conv1.0": 0.0004817513341524351,
        "layer3.0.conv1.1": 3.734506466297946e-05,
        "layer3.0.conv1.2": 0.0014340504830584115,
        "layer3.0.conv2.0": 0.0009597681618385722,
        "layer3.0.conv2.1": 3.734506466297946e-05,
        "layer3.0.conv2.2": 0.0014340504830584115,
        "layer3.0.downsample.0.0": 0.0004817513341524351,
        "layer3.0.downsample.0.1": 0.0014340504830584115,
        "layer3.1.conv1.0": 0.0009597681618385722,
        "layer3.1.conv1.1": 3.734506466297946e-05,
        "layer3.1.conv1.2": 0.0014340504830584115,
        "layer3.1.conv2.0": 0.0009597681618385722,
        "layer3.1.conv2.1": 3.734506466297946e-05,
        "layer3.1.conv2.2": 0.0014340504830584115,
        "layer4.0.conv1.0": 0.0009597681618385722,
        "layer4.0.conv1.1": 3.734506466297946e-05,
        "layer4.0.conv1.2": 0.002868100966116823,
        "layer4.0.conv2.0": 0.0019158018172108465,
        "layer4.0.conv2.1": 3.734506466297946e-05,
        "layer4.0.conv2.2": 0.002868100966116823,
        "layer4.0.downsample.0.0": 0.0009597681618385722,
        "layer4.0.downsample.0.1": 0.002868100966116823,
        "layer4.1.conv1.0": 0.0019158018172108465,
        "layer4.1.conv1.1": 3.734506466297946e-05,
        "layer4.1.conv1.2": 0.002868100966116823,
        "layer4.1.conv2.0": 0.0019158018172108465,
        "layer4.1.conv2.1": 3.734506466297946e-05,
        "layer4.1.conv2.2": 0.002868100966116823,
        "fc": 0.9579009086054232
    }
}