{
    "total_flops": 1031346336,
    "total_params": 3194853,
    "relative_flops": {
        "conv1.0": 0.00102167037707884,
        "conv1.1.0": 0.00102167037707884,
        "conv1.1.1": 0.003612334547528756,
        "conv1.1.2": 0.005448908677753813,
        "conv1.2": 0.10041560277574885,
        "layer1.0.conv1.0": 0.02510390069393721,
        "layer1.0.conv1.1.0": 0.00353023603508492,
        "layer1.0.conv1.1.1": 0.0005199572454776239,
        "layer1.0.conv1.1.2": 0.003697473745618659,
        "layer1.0.conv1.2": 0.02510390069393721,
        "layer1.0.conv2.0": 0.02510390069393721,
        "layer1.0.conv2.1.0": 0.00353023603508492,
        "layer1.0.conv2.1.1": 0.0005199572454776239,
        "layer1.0.conv2.1.2": 0.003697473745618659,
        "layer1.0.conv2.2": 0.02510390069393721,
        "layer1.1.conv1.0": 0.02510390069393721,
        "layer1.1.conv1.1.0": 0.00353023603508492,
        "layer1.1.conv1.1.1": 0.0005199572454776239,
        "layer1.1.conv1.1.2": 0.003697473745618659,
        "layer1.1.conv1.2": 0.02510390069393721,
        "layer1.1.conv2.0": 0.02510390069393721,
        "layer1.1.conv2.1.0": 0.00353023603508492,
        "layer1.1.conv2.1.1": 0.0005199572454776239,
        "layer1.1.conv2.1.2": 0.003697473745618659,
        "layer1.1.conv2.2": 0.02510390069393721,
        "layer2.0.conv1.0": 0.02510390069393721,
        "layer2.0.conv1.1.0": 0.00353023603508492,
        "layer2.0.conv1.1.1": 0.00012998931136940599,
        "layer2.0.conv1.1.2": 0.0018487368728093295,
        "layer2.0.conv1.2": 0.025006598753263037,
        "layer2.0.conv2.0": 0.025006598753263037,
        "layer2.0.conv2.1.0": 0.0017582764748388072,
        "layer2.0.conv2.1.1": 0.00012998931136940599,
        "layer2.0.conv2.1.2": 0.0018487368728093295,
        "layer2.0.conv2.2": 0.025006598753263037,
        "layer2.0.downsample.0.0": 0.0051972919405416885,
        "layer2.0.downsample.0.1": 0.01041130765213675,
        "layer2.1.conv1.0": 0.025006598753263037,
        "layer2.1.conv1.1.0": 0.0017582764748388072,
        "layer2.1.conv1.1.1": 0.00012998931136940599,
        "layer2.1.conv1.1.2": 0.0018487368728093295,
        "layer2.1.conv1.2": 0.025006598753263037,
        "layer2.1.conv2.0": 0.025006598753263037,
        "layer2.1.conv2.1.0": 0.0017582764748388072,
        "layer2.1.conv2.1.1": 0.00012998931136940599,
        "layer2.1.conv2.1.2": 0.0018487368728093295,
        "layer2.1.conv2.2": 0.025006598753263037,
        "layer3.0.conv1.0": 0.025006598753263037,
        "layer3.0.conv1.1.0": 0.0017582764748388072,
        "layer3.0.conv1.1.1": 3.2497327842351496e-05,
        "layer3.0.conv1.1.2": 0.0009243684364046647,
        "layer3.0.conv1.2": 0.024957947782925947,
        "layer3.0.conv2.0": 0.024957947782925947,
        "layer3.0.conv2.1.0": 0.0008774278517434904,
        "layer3.0.conv2.1.1": 3.2497327842351496e-05,
        "layer3.0.conv2.1.2": 0.0009243684364046647,
        "layer3.0.conv2.2": 0.024957947782925947,
        "layer3.0.downsample.0.0": 0.002588573699068244,
        "layer3.0.downsample.0.1": 0.005205653826068375,
        "layer3.1.conv1.0": 0.024957947782925947,
        "layer3.1.conv1.1.0": 0.0008774278517434904,
        "layer3.1.conv1.1.1": 3.2497327842351496e-05,
        "layer3.1.conv1.1.2": 0.0009243684364046647,
        "layer3.1.conv1.2": 0.024957947782925947,
        "layer3.1.conv2.0": 0.024957947782925947,
        "layer3.1.conv2.1.0": 0.0008774278517434904,
        "layer3.1.conv2.1.1": 3.2497327842351496e-05,
        "layer3.1.conv2.1.2": 0.0009243684364046647,
        "layer3.1.conv2.2": 0.024957947782925947,
        "layer4.0.conv1.0": 0.024957947782925947,
        "layer4.0.conv1.1.0": 0.0008774278517434904,
        "layer4.0.conv1.1.1": 8.124331960587874e-06,
        "layer4.0.conv1.1.2": 0.0004621842182023324,
        "layer4.0.conv1.2": 0.024933622297757405,
        "layer4.0.conv2.0": 0.024933622297757405,
        "layer4.0.conv2.1.0": 0.00043828632945276685,
        "layer4.0.conv2.1.1": 8.124331960587874e-06,
        "layer4.0.conv2.1.2": 0.0004621842182023324,
        "layer4.0.conv2.2": 0.024933622297757405,
        "layer4.0.downsample.0.0": 0.001291768781733472,
        "layer4.0.downsample.0.1": 0.0026028269130341877,
        "layer4.1.conv1.0": 0.024933622297757405,
        "layer4.1.conv1.1.0": 0.00043828632945276685,
        "layer4.1.conv1.1.1": 8.124331960587874e-06,
        "layer4.1.conv1.1.2": 0.0004621842182023324,
        "layer4.1.conv1.2": 0.024933622297757405,
        "layer4.1.conv2.0": 0.024933622297757405,
        "layer4.1.conv2.1.0": 0.00043828632945276685,
        "layer4.1.conv2.1.1": 8.124331960587874e-06,
        "layer4.1.conv2.1.2": 0.0004621842182023324,
        "layer4.1.conv2.2": 0.024933622297757405,
        "fc": 0.0009933733841276768
    },
    "relative_params": {
        "conv1.0": 3.7560413577713905e-06,
        "conv1.1.0": 3.7560413577713905e-06,
        "conv1.1.1": 4.695051697214238e-05,
        "conv1.1.2": 8.012888229912299e-05,
        "conv1.2": 0.0013020943373607487,
        "layer1.0.conv1.0": 0.0013020943373607487,
        "layer1.0.conv1.1.0": 0.00018310701619135528,
        "layer1.0.conv1.1.1": 2.817031018328543e-05,
        "layer1.0.conv1.1.2": 0.0002003222057478075,
        "layer1.0.conv1.2": 0.0013020943373607487,
        "layer1.0.conv2.0": 0.0013020943373607487,
        "layer1.0.conv2.1.0": 0.00018310701619135528,
        "layer1.0.conv2.1.1": 2.817031018328543e-05,
        "layer1.0.conv2.1.2": 0.0002003222057478075,
        "layer1.0.conv2.2": 0.0013020943373607487,
        "layer1.1.conv1.0": 0.0013020943373607487,
        "layer1.1.conv1.1.0": 0.00018310701619135528,
        "layer1.1.conv1.1.1": 2.817031018328543e-05,
        "layer1.1.conv1.1.2": 0.0002003222057478075,
        "layer1.1.conv1.2": 0.0013020943373607487,
        "layer1.1.conv2.0": 0.0013020943373607487,
        "layer1.1.conv2.1.0": 0.00018310701619135528,
        "layer1.1.conv2.1.1": 2.817031018328543e-05,
        "layer1.1.conv2.1.2": 0.0002003222057478075,
        "layer1.1.conv2.2": 0.0013020943373607487,
        "layer2.0.conv1.0": 0.0013020943373607487,
        "layer2.0.conv1.1.0": 0.00018310701619135528,
        "layer2.0.conv1.1.1": 2.817031018328543e-05,
        "layer2.0.conv1.1.2": 0.000400644411495615,
        "layer2.0.conv1.2": 0.005168312908293433,
        "layer2.0.conv2.0": 0.005168312908293433,
        "layer2.0.conv2.1.0": 0.000363397001364382,
        "layer2.0.conv2.1.1": 2.817031018328543e-05,
        "layer2.0.conv2.1.2": 0.000400644411495615,
        "layer2.0.conv2.2": 0.005168312908293433,
        "layer2.0.downsample.0.0": 0.00107829687312687,
        "layer2.0.downsample.0.1": 0.002163479822076321,
        "layer2.1.conv1.0": 0.005168312908293433,
        "layer2.1.conv1.1.0": 0.000363397001364382,
        "layer2.1.conv1.1.1": 2.817031018328543e-05,
        "layer2.1.conv1.1.2": 0.000400644411495615,
        "layer2.1.conv1.2": 0.005168312908293433,
        "layer2.1.conv2.0": 0.005168312908293433,
        "layer2.1.conv2.1.0": 0.000363397001364382,
        "layer2.1.conv2.1.1": 2.817031018328543e-05,
        "layer2.1.conv2.1.2": 0.000400644411495615,
        "layer2.1.conv2.2": 0.005168312908293433,
        "layer3.0.conv1.0": 0.005168312908293433,
        "layer3.0.conv1.1.0": 0.000363397001364382,
        "layer3.0.conv1.1.1": 2.817031018328543e-05,
        "layer3.0.conv1.1.2": 0.00080128882299123,
        "layer3.0.conv1.2": 0.02059312275087461,
        "layer3.0.conv2.0": 0.02059312275087461,
        "layer3.0.conv2.1.0": 0.0007239769717104355,
        "layer3.0.conv2.1.1": 2.817031018328543e-05,
        "layer3.0.conv2.1.2": 0.00080128882299123,
        "layer3.0.conv2.2": 0.02059312275087461,
        "layer3.0.downsample.0.0": 0.0021400045635902496,
        "layer3.0.downsample.0.1": 0.004326959644152642,
        "layer3.1.conv1.0": 0.02059312275087461,
        "layer3.1.conv1.1.0": 0.0007239769717104355,